/* Generated from /home/llg/Projects/mcc/b/libmccrt.a by tools/bin2c.c — do not edit. */
const unsigned char mccrt_blob[] = {
0x21,0x3c,0x61,0x72,0x63,0x68,0x3e,0x0a,0x2f,0x20,0x20,0x20,0x20,0x20,0x20,0x20,
0x20,0x20,0x20,0x20,0x20,0x20,0x20,0x20,0x31,0x37,0x38,0x35,0x37,0x37,0x39,0x35,
0x35,0x32,0x20,0x20,0x30,0x20,0x20,0x20,0x20,0x20,0x30,0x20,0x20,0x20,0x20,0x20,
0x30,0x20,0x20,0x20,0x20,0x20,0x20,0x20,0x35,0x31,0x35,0x38,0x20,0x20,0x20,0x20,
0x20,0x20,0x60,0x0a,0x00,0x00,0x01,0x01,0x00,0x00,0x14,0x6a,0x00,0x00,0x14,0x6a,
0x00,0x00,0x14,0x6a,0x00,0x00,0x14,0x6a,0x00,0x00,0x14,0x6a,0x00,0x00,0x14,0x6a,
0x00,0x00,0x14,0x6a,0x00,0x00,0x14,0x6a,0x00,0x00,0x14,0x6a,0x00,0x00,0x21,0xde,
0x00,0x00,0x21,0xde,0x00,0x00,0x21,0xde,0x00,0x00,0x21,0xde,0x00,0x00,0x21,0xde,
0x00,0x00,0x21,0xde,0x00,0x00,0x21,0xde,0x00,0x00,0x21,0xde,0x00,0x00,0x21,0xde,
0x00,0x00,0x21,0xde,0x00,0x00,0x21,0xde,0x00,0x00,0x21,0xde,0x00,0x00,0x21,0xde,
0x00,0x00,0x21,0xde,0x00,0x00,0x21,0xde,0x00,0x00,0x21,0xde,0x00,0x00,0x21,0xde,
0x00,0x00,0x21,0xde,0x00,0x00,0x21,0xde,0x00,0x00,0x21,0xde,0x00,0x00,0x21,0xde,
0x00,0x00,0x21,0xde,0x00,0x00,0x21,0xde,0x00,0x00,0x21,0xde,0x00,0x00,0x21,0xde,
0x00,0x00,0x21,0xde,0x00,0x00,0x21,0xde,0x00,0x00,0x21,0xde,0x00,0x00,0x21,0xde,
0x00,0x00,0x21,0xde,0x00,0x00,0x21,0xde,0x00,0x00,0x21,0xde,0x00,0x00,0x21,0xde,
0x00,0x00,0x21,0xde,0x00,0x00,0x21,0xde,0x00,0x00,0x21,0xde,0x00,0x00,0x21,0xde,
0x00,0x00,0x21,0xde,0x00,0x00,0x21,0xde,0x00,0x00,0x21,0xde,0x00,0x00,0x21,0xde,
0x00,0x00,0x21,0xde,0x00,0x00,0x21,0xde,0x00,0x00,0x21,0xde,0x00,0x00,0x21,0xde,
0x00,0x00,0x21,0xde,0x00,0x00,0x21,0xde,0x00,0x00,0x21,0xde,0x00,0x00,0x21,0xde,
0x00,0x00,0x21,0xde,0x00,0x00,0x21,0xde,0x00,0x00,0x21,0xde,0x00,0x00,0x21,0xde,
0x00,0x00,0x21,0xde,0x00,0x00,0x5a,0xd2,0x00,0x00,0x5a,0xd2,0x00,0x00,0x5a,0xd2,
0x00,0x00,0x5a,0xd2,0x00,0x00,0x5a,0xd2,0x00,0x00,0x5a,0xd2,0x00,0x00,0x5a,0xd2,
0x00,0x00,0x5a,0xd2,0x00,0x00,0x5a,0xd2,0x00,0x00,0x5a,0xd2,0x00,0x00,0x5a,0xd2,
0x00,0x00,0x5a,0xd2,0x00,0x00,0x5a,0xd2,0x00,0x00,0x5a,0xd2,0x00,0x00,0x5a,0xd2,
0x00,0x00,0x5a,0xd2,0x00,0x00,0x5a,0xd2,0x00,0x00,0x5a,0xd2,0x00,0x00,0x5a,0xd2,
0x00,0x00,0x5a,0xd2,0x00,0x00,0x5a,0xd2,0x00,0x00,0x5a,0xd2,0x00,0x00,0x5a,0xd2,
0x00,0x00,0x5a,0xd2,0x00,0x00,0x5a,0xd2,0x00,0x00,0x5a,0xd2,0x00,0x00,0x6a,0x96,
0x00,0x00,0x6a,0x96,0x00,0x00,0x6a,0x96,0x00,0x00,0x6a,0x96,0x00,0x00,0x6a,0x96,
0x00,0x00,0x6a,0x96,0x00,0x00,0x6a,0x96,0x00,0x00,0x6a,0x96,0x00,0x00,0x6a,0x96,
0x00,0x00,0x6a,0x96,0x00,0x00,0x6a,0x96,0x00,0x00,0x6a,0x96,0x00,0x00,0x6a,0x96,
0x00,0x00,0x6a,0x96,0x00,0x00,0x6a,0x96,0x00,0x00,0x6a,0x96,0x00,0x00,0x6a,0x96,
0x00,0x00,0x6a,0x96,0x00,0x00,0x6a,0x96,0x00,0x00,0x6a,0x96,0x00,0x00,0x6a,0x96,
0x00,0x00,0x6a,0x96,0x00,0x00,0x6a,0x96,0x00,0x00,0x6a,0x96,0x00,0x00,0x6a,0x96,
0x00,0x00,0x6a,0x96,0x00,0x00,0x6a,0x96,0x00,0x00,0x6a,0x96,0x00,0x00,0x6a,0x96,
0x00,0x00,0x6a,0x96,0x00,0x00,0x6a,0x96,0x00,0x00,0x6a,0x96,0x00,0x00,0x6a,0x96,
0x00,0x00,0x6a,0x96,0x00,0x00,0x6a,0x96,0x00,0x00,0x6a,0x96,0x00,0x00,0x6a,0x96,
0x00,0x00,0x6a,0x96,0x00,0x00,0x6a,0x96,0x00,0x00,0x6a,0x96,0x00,0x00,0x6a,0x96,
0x00,0x00,0x6a,0x96,0x00,0x00,0x6a,0x96,0x00,0x00,0x6a,0x96,0x00,0x00,0x6a,0x96,
0x00,0x00,0x6a,0x96,0x00,0x00,0x6a,0x96,0x00,0x00,0x6a,0x96,0x00,0x00,0x6a,0x96,
0x00,0x00,0x6a,0x96,0x00,0x00,0x6a,0x96,0x00,0x00,0x6a,0x96,0x00,0x00,0x6a,0x96,
0x00,0x00,0x6a,0x96,0x00,0x00,0x6a,0x96,0x00,0x00,0x6a,0x96,0x00,0x00,0x6a,0x96,
0x00,0x00,0x6a,0x96,0x00,0x00,0x6a,0x96,0x00,0x00,0x6a,0x96,0x00,0x00,0x6a,0x96,
0x00,0x00,0x6a,0x96,0x00,0x00,0x6a,0x96,0x00,0x00,0x6a,0x96,0x00,0x00,0x6a,0x96,
0x00,0x00,0x6a,0x96,0x00,0x00,0x6a,0x96,0x00,0x00,0x6a,0x96,0x00,0x00,0x6a,0x96,
0x00,0x00,0x6a,0x96,0x00,0x00,0x6a,0x96,0x00,0x00,0x6a,0x96,0x00,0x00,0x6a,0x96,
0x00,0x00,0x6a,0x96,0x00,0x00,0x6a,0x96,0x00,0x00,0x6a,0x96,0x00,0x00,0x6a,0x96,
0x00,0x00,0x6a,0x96,0x00,0x00,0x9d,0x62,0x00,0x00,0xa1,0xb6,0x00,0x00,0xa6,0xb2,
0x00,0x00,0xa6,0xb2,0x00,0x00,0xa6,0xb2,0x00,0x00,0xa6,0xb2,0x00,0x00,0xa6,0xb2,
0x00,0x00,0xa6,0xb2,0x00,0x00,0xa6,0xb2,0x00,0x00,0xa6,0xb2,0x00,0x00,0xf0,0x66,
0x00,0x00,0xf0,0x66,0x00,0x00,0xf0,0x66,0x00,0x00,0xf0,0x66,0x00,0x00,0xf0,0x66,
0x00,0x00,0xf0,0x66,0x00,0x00,0xfd,0xf2,0x00,0x01,0x03,0x9e,0x00,0x01,0x03,0x9e,
0x00,0x01,0x03,0x9e,0x00,0x01,0x03,0x9e,0x00,0x01,0x03,0x9e,0x00,0x01,0x03,0x9e,
0x00,0x01,0x03,0x9e,0x00,0x01,0x03,0x9e,0x00,0x01,0x03,0x9e,0x00,0x01,0x03,0x9e,
0x00,0x01,0x03,0x9e,0x00,0x01,0x03,0x9e,0x00,0x01,0x03,0x9e,0x00,0x01,0x03,0x9e,
0x00,0x01,0x03,0x9e,0x00,0x01,0x03,0x9e,0x00,0x01,0x03,0x9e,0x00,0x01,0x03,0x9e,
0x00,0x01,0x03,0x9e,0x00,0x01,0x03,0x9e,0x00,0x01,0x03,0x9e,0x00,0x01,0x03,0x9e,
0x00,0x01,0x03,0x9e,0x00,0x01,0x03,0x9e,0x00,0x01,0x03,0x9e,0x00,0x01,0x03,0x9e,
0x00,0x01,0x03,0x9e,0x00,0x01,0x03,0x9e,0x00,0x01,0x03,0x9e,0x00,0x01,0x03,0x9e,
0x00,0x01,0x03,0x9e,0x00,0x01,0x03,0x9e,0x00,0x01,0x03,0x9e,0x00,0x01,0x03,0x9e,
0x00,0x01,0x03,0x9e,0x00,0x01,0x03,0x9e,0x00,0x01,0x03,0x9e,0x00,0x01,0x03,0x9e,
0x00,0x01,0x03,0x9e,0x00,0x01,0x03,0x9e,0x00,0x01,0x03,0x9e,0x00,0x01,0x03,0x9e,
0x00,0x01,0x58,0x22,0x00,0x01,0x82,0x46,0x00,0x01,0x89,0x9a,0x00,0x01,0x89,0x9a,
0x00,0x01,0x89,0x9a,0x00,0x01,0x89,0x9a,0x00,0x01,0x89,0x9a,0x00,0x01,0x89,0x9a,
0x00,0x01,0x89,0x9a,0x00,0x01,0x89,0x9a,0x00,0x01,0x89,0x9a,0x00,0x01,0x89,0x9a,
0x00,0x01,0x89,0x9a,0x00,0x01,0x89,0x9a,0x00,0x01,0x89,0x9a,0x00,0x01,0x89,0x9a,
0x00,0x01,0x89,0x9a,0x00,0x01,0x89,0x9a,0x00,0x01,0x89,0x9a,0x00,0x01,0x89,0x9a,
0x00,0x01,0x89,0x9a,0x00,0x01,0x89,0x9a,0x00,0x01,0x89,0x9a,0x00,0x01,0x89,0x9a,
0x00,0x01,0x89,0x9a,0x00,0x01,0x89,0x9a,0x00,0x01,0xba,0xee,0x00,0x01,0xba,0xee,
0x00,0x01,0xba,0xee,0x00,0x01,0xba,0xee,0x00,0x01,0xc5,0x4a,0x5f,0x5f,0x66,0x6c,
0x6f,0x61,0x74,0x75,0x6e,0x64,0x69,0x73,0x66,0x00,0x5f,0x5f,0x66,0x6c,0x6f,0x61,
0x74,0x75,0x6e,0x64,0x69,0x64,0x66,0x00,0x5f,0x5f,0x66,0x6c,0x6f,0x61,0x74,0x75,
0x6e,0x64,0x69,0x78,0x66,0x00,0x5f,0x5f,0x66,0x69,0x78,0x75,0x6e,0x73,0x73,0x66,
0x64,0x69,0x00,0x5f,0x5f,0x66,0x69,0x78,0x73,0x66,0x64,0x69,0x00,0x5f,0x5f,0x66,
0x69,0x78,0x75,0x6e,0x73,0x64,0x66,0x64,0x69,0x00,0x5f,0x5f,0x66,0x69,0x78,0x64,
0x66,0x64,0x69,0x00,0x5f,0x5f,0x66,0x69,0x78,0x75,0x6e,0x73,0x78,0x66,0x64,0x69,
0x00,0x5f,0x5f,0x66,0x69,0x78,0x78,0x66,0x64,0x69,0x00,0x5f,0x5f,0x61,0x74,0x6f,
0x6d,0x69,0x63,0x5f,0x65,0x78,0x63,0x68,0x61,0x6e,0x67,0x65,0x5f,0x31,0x00,0x5f,
0x5f,0x61,0x74,0x6f,0x6d,0x69,0x63,0x5f,0x61,0x64,0x64,0x5f,0x66,0x65,0x74,0x63,
0x68,0x5f,0x31,0x00,0x5f,0x5f,0x61,0x74,0x6f,0x6d,0x69,0x63,0x5f,0x73,0x75,0x62,
0x5f,0x66,0x65,0x74,0x63,0x68,0x5f,0x31,0x00,0x5f,0x5f,0x61,0x74,0x6f,0x6d,0x69,
0x63,0x5f,0x61,0x6e,0x64,0x5f,0x66,0x65,0x74,0x63,0x68,0x5f,0x31,0x00,0x5f,0x5f,
0x61,0x74,0x6f,0x6d,0x69,0x63,0x5f,0x6f,0x72,0x5f,0x66,0x65,0x74,0x63,0x68,0x5f,
0x31,0x00,0x5f,0x5f,0x61,0x74,0x6f,0x6d,0x69,0x63,0x5f,0x78,0x6f,0x72,0x5f,0x66,
0x65,0x74,0x63,0x68,0x5f,0x31,0x00,0x5f,0x5f,0x61,0x74,0x6f,0x6d,0x69,0x63,0x5f,
0x6e,0x61,0x6e,0x64,0x5f,0x66,0x65,0x74,0x63,0x68,0x5f,0x31,0x00,0x5f,0x5f,0x61,
0x74,0x6f,0x6d,0x69,0x63,0x5f,0x66,0x65,0x74,0x63,0x68,0x5f,0x61,0x64,0x64,0x5f,
0x31,0x00,0x5f,0x5f,0x61,0x74,0x6f,0x6d,0x69,0x63,0x5f,0x66,0x65,0x74,0x63,0x68,
0x5f,0x73,0x75,0x62,0x5f,0x31,0x00,0x5f,0x5f,0x61,0x74,0x6f,0x6d,0x69,0x63,0x5f,
0x66,0x65,0x74,0x63,0x68,0x5f,0x61,0x6e,0x64,0x5f,0x31,0x00,0x5f,0x5f,0x61,0x74,
0x6f,0x6d,0x69,0x63,0x5f,0x66,0x65,0x74,0x63,0x68,0x5f,0x6f,0x72,0x5f,0x31,0x00,
0x5f,0x5f,0x61,0x74,0x6f,0x6d,0x69,0x63,0x5f,0x66,0x65,0x74,0x63,0x68,0x5f,0x78,
0x6f,0x72,0x5f,0x31,0x00,0x5f,0x5f,0x61,0x74,0x6f,0x6d,0x69,0x63,0x5f,0x66,0x65,
0x74,0x63,0x68,0x5f,0x6e,0x61,0x6e,0x64,0x5f,0x31,0x00,0x5f,0x5f,0x61,0x74,0x6f,
0x6d,0x69,0x63,0x5f,0x65,0x78,0x63,0x68,0x61,0x6e,0x67,0x65,0x5f,0x32,0x00,0x5f,
0x5f,0x61,0x74,0x6f,0x6d,0x69,0x63,0x5f,0x61,0x64,0x64,0x5f,0x66,0x65,0x74,0x63,
0x68,0x5f,0x32,0x00,0x5f,0x5f,0x61,0x74,0x6f,0x6d,0x69,0x63,0x5f,0x73,0x75,0x62,
0x5f,0x66,0x65,0x74,0x63,0x68,0x5f,0x32,0x00,0x5f,0x5f,0x61,0x74,0x6f,0x6d,0x69,
0x63,0x5f,0x61,0x6e,0x64,0x5f,0x66,0x65,0x74,0x63,0x68,0x5f,0x32,0x00,0x5f,0x5f,
0x61,0x74,0x6f,0x6d,0x69,0x63,0x5f,0x6f,0x72,0x5f,0x66,0x65,0x74,0x63,0x68,0x5f,
0x32,0x00,0x5f,0x5f,0x61,0x74,0x6f,0x6d,0x69,0x63,0x5f,0x78,0x6f,0x72,0x5f,0x66,
0x65,0x74,0x63,0x68,0x5f,0x32,0x00,0x5f,0x5f,0x61,0x74,0x6f,0x6d,0x69,0x63,0x5f,
0x6e,0x61,0x6e,0x64,0x5f,0x66,0x65,0x74,0x63,0x68,0x5f,0x32,0x00,0x5f,0x5f,0x61,
0x74,0x6f,0x6d,0x69,0x63,0x5f,0x66,0x65,0x74,0x63,0x68,0x5f,0x61,0x64,0x64,0x5f,
0x32,0x00,0x5f,0x5f,0x61,0x74,0x6f,0x6d,0x69,0x63,0x5f,0x66,0x65,0x74,0x63,0x68,
0x5f,0x73,0x75,0x62,0x5f,0x32,0x00,0x5f,0x5f,0x61,0x74,0x6f,0x6d,0x69,0x63,0x5f,
0x66,0x65,0x74,0x63,0x68,0x5f,0x61,0x6e,0x64,0x5f,0x32,0x00,0x5f,0x5f,0x61,0x74,
0x6f,0x6d,0x69,0x63,0x5f,0x66,0x65,0x74,0x63,0x68,0x5f,0x6f,0x72,0x5f,0x32,0x00,
0x5f,0x5f,0x61,0x74,0x6f,0x6d,0x69,0x63,0x5f,0x66,0x65,0x74,0x63,0x68,0x5f,0x78,
0x6f,0x72,0x5f,0x32,0x00,0x5f,0x5f,0x61,0x74,0x6f,0x6d,0x69,0x63,0x5f,0x66,0x65,
0x74,0x63,0x68,0x5f,0x6e,0x61,0x6e,0x64,0x5f,0x32,0x00,0x5f,0x5f,0x61,0x74,0x6f,
0x6d,0x69,0x63,0x5f,0x65,0x78,0x63,0x68,0x61,0x6e,0x67,0x65,0x5f,0x34,0x00,0x5f,
0x5f,0x61,0x74,0x6f,0x6d,0x69,0x63,0x5f,0x61,0x64,0x64,0x5f,0x66,0x65,0x74,0x63,
0x68,0x5f,0x34,0x00,0x5f,0x5f,0x61,0x74,0x6f,0x6d,0x69,0x63,0x5f,0x73,0x75,0x62,
0x5f,0x66,0x65,0x74,0x63,0x68,0x5f,0x34,0x00,0x5f,0x5f,0x61,0x74,0x6f,0x6d,0x69,
0x63,0x5f,0x61,0x6e,0x64,0x5f,0x66,0x65,0x74,0x63,0x68,0x5f,0x34,0x00,0x5f,0x5f,
0x61,0x74,0x6f,0x6d,0x69,0x63,0x5f,0x6f,0x72,0x5f,0x66,0x65,0x74,0x63,0x68,0x5f,
0x34,0x00,0x5f,0x5f,0x61,0x74,0x6f,0x6d,0x69,0x63,0x5f,0x78,0x6f,0x72,0x5f,0x66,
0x65,0x74,0x63,0x68,0x5f,0x34,0x00,0x5f,0x5f,0x61,0x74,0x6f,0x6d,0x69,0x63,0x5f,
0x6e,0x61,0x6e,0x64,0x5f,0x66,0x65,0x74,0x63,0x68,0x5f,0x34,0x00,0x5f,0x5f,0x61,
0x74,0x6f,0x6d,0x69,0x63,0x5f,0x66,0x65,0x74,0x63,0x68,0x5f,0x61,0x64,0x64,0x5f,
0x34,0x00,0x5f,0x5f,0x61,0x74,0x6f,0x6d,0x69,0x63,0x5f,0x66,0x65,0x74,0x63,0x68,
0x5f,0x73,0x75,0x62,0x5f,0x34,0x00,0x5f,0x5f,0x61,0x74,0x6f,0x6d,0x69,0x63,0x5f,
0x66,0x65,0x74,0x63,0x68,0x5f,0x61,0x6e,0x64,0x5f,0x34,0x00,0x5f,0x5f,0x61,0x74,
0x6f,0x6d,0x69,0x63,0x5f,0x66,0x65,0x74,0x63,0x68,0x5f,0x6f,0x72,0x5f,0x34,0x00,
0x5f,0x5f,0x61,0x74,0x6f,0x6d,0x69,0x63,0x5f,0x66,0x65,0x74,0x63,0x68,0x5f,0x78,
0x6f,0x72,0x5f,0x34,0x00,0x5f,0x5f,0x61,0x74,0x6f,0x6d,0x69,0x63,0x5f,0x66,0x65,
0x74,0x63,0x68,0x5f,0x6e,0x61,0x6e,0x64,0x5f,0x34,0x00,0x5f,0x5f,0x61,0x74,0x6f,
0x6d,0x69,0x63,0x5f,0x65,0x78,0x63,0x68,0x61,0x6e,0x67,0x65,0x5f,0x38,0x00,0x5f,
0x5f,0x61,0x74,0x6f,0x6d,0x69,0x63,0x5f,0x61,0x64,0x64,0x5f,0x66,0x65,0x74,0x63,
0x68,0x5f,0x38,0x00,0x5f,0x5f,0x61,0x74,0x6f,0x6d,0x69,0x63,0x5f,0x73,0x75,0x62,
0x5f,0x66,0x65,0x74,0x63,0x68,0x5f,0x38,0x00,0x5f,0x5f,0x61,0x74,0x6f,0x6d,0x69,
0x63,0x5f,0x61,0x6e,0x64,0x5f,0x66,0x65,0x74,0x63,0x68,0x5f,0x38,0x00,0x5f,0x5f,
0x61,0x74,0x6f,0x6d,0x69,0x63,0x5f,0x6f,0x72,0x5f,0x66,0x65,0x74,0x63,0x68,0x5f,
0x38,0x00,0x5f,0x5f,0x61,0x74,0x6f,0x6d,0x69,0x63,0x5f,0x78,0x6f,0x72,0x5f,0x66,
0x65,0x74,0x63,0x68,0x5f,0x38,0x00,0x5f,0x5f,0x61,0x74,0x6f,0x6d,0x69,0x63,0x5f,
0x6e,0x61,0x6e,0x64,0x5f,0x66,0x65,0x74,0x63,0x68,0x5f,0x38,0x00,0x5f,0x5f,0x61,
0x74,0x6f,0x6d,0x69,0x63,0x5f,0x66,0x65,0x74,0x63,0x68,0x5f,0x61,0x64,0x64,0x5f,
0x38,0x00,0x5f,0x5f,0x61,0x74,0x6f,0x6d,0x69,0x63,0x5f,0x66,0x65,0x74,0x63,0x68,
0x5f,0x73,0x75,0x62,0x5f,0x38,0x00,0x5f,0x5f,0x61,0x74,0x6f,0x6d,0x69,0x63,0x5f,
0x66,0x65,0x74,0x63,0x68,0x5f,0x61,0x6e,0x64,0x5f,0x38,0x00,0x5f,0x5f,0x61,0x74,
0x6f,0x6d,0x69,0x63,0x5f,0x66,0x65,0x74,0x63,0x68,0x5f,0x6f,0x72,0x5f,0x38,0x00,
0x5f,0x5f,0x61,0x74,0x6f,0x6d,0x69,0x63,0x5f,0x66,0x65,0x74,0x63,0x68,0x5f,0x78,
0x6f,0x72,0x5f,0x38,0x00,0x5f,0x5f,0x61,0x74,0x6f,0x6d,0x69,0x63,0x5f,0x66,0x65,
0x74,0x63,0x68,0x5f,0x6e,0x61,0x6e,0x64,0x5f,0x38,0x00,0x5f,0x5f,0x6d,0x63,0x63,
0x5f,0x61,0x74,0x6f,0x6d,0x69,0x63,0x5f,0x69,0x73,0x5f,0x6c,0x6f,0x63,0x6b,0x5f,
0x66,0x72,0x65,0x65,0x00,0x5f,0x5f,0x61,0x74,0x6f,0x6d,0x69,0x63,0x5f,0x69,0x73,
0x5f,0x6c,0x6f,0x63,0x6b,0x5f,0x66,0x72,0x65,0x65,0x00,0x5f,0x5f,0x61,0x74,0x6f,
0x6d,0x69,0x63,0x5f,0x6c,0x6f,0x61,0x64,0x5f,0x31,0x00,0x5f,0x5f,0x61,0x74,0x6f,
0x6d,0x69,0x63,0x5f,0x6c,0x6f,0x61,0x64,0x5f,0x32,0x00,0x5f,0x5f,0x61,0x74,0x6f,
0x6d,0x69,0x63,0x5f,0x6c,0x6f,0x61,0x64,0x5f,0x34,0x00,0x5f,0x5f,0x61,0x74,0x6f,
0x6d,0x69,0x63,0x5f,0x6c,0x6f,0x61,0x64,0x5f,0x38,0x00,0x5f,0x5f,0x61,0x74,0x6f,
0x6d,0x69,0x63,0x5f,0x73,0x74,0x6f,0x72,0x65,0x5f,0x31,0x00,0x5f,0x5f,0x61,0x74,
0x6f,0x6d,0x69,0x63,0x5f,0x73,0x74,0x6f,0x72,0x65,0x5f,0x32,0x00,0x5f,0x5f,0x61,
0x74,0x6f,0x6d,0x69,0x63,0x5f,0x73,0x74,0x6f,0x72,0x65,0x5f,0x34,0x00,0x5f,0x5f,
0x61,0x74,0x6f,0x6d,0x69,0x63,0x5f,0x73,0x74,0x6f,0x72,0x65,0x5f,0x38,0x00,0x5f,
0x5f,0x61,0x74,0x6f,0x6d,0x69,0x63,0x5f,0x63,0x6f,0x6d,0x70,0x61,0x72,0x65,0x5f,
0x65,0x78,0x63,0x68,0x61,0x6e,0x67,0x65,0x5f,0x31,0x00,0x5f,0x5f,0x61,0x74,0x6f,
0x6d,0x69,0x63,0x5f,0x63,0x6f,0x6d,0x70,0x61,0x72,0x65,0x5f,0x65,0x78,0x63,0x68,
0x61,0x6e,0x67,0x65,0x5f,0x32,0x00,0x5f,0x5f,0x61,0x74,0x6f,0x6d,0x69,0x63,0x5f,
0x63,0x6f,0x6d,0x70,0x61,0x72,0x65,0x5f,0x65,0x78,0x63,0x68,0x61,0x6e,0x67,0x65,
0x5f,0x34,0x00,0x5f,0x5f,0x61,0x74,0x6f,0x6d,0x69,0x63,0x5f,0x63,0x6f,0x6d,0x70,
0x61,0x72,0x65,0x5f,0x65,0x78,0x63,0x68,0x61,0x6e,0x67,0x65,0x5f,0x38,0x00,0x5f,
0x5f,0x61,0x74,0x6f,0x6d,0x69,0x63,0x5f,0x74,0x65,0x73,0x74,0x5f,0x61,0x6e,0x64,
0x5f,0x73,0x65,0x74,0x5f,0x31,0x00,0x5f,0x5f,0x61,0x74,0x6f,0x6d,0x69,0x63,0x5f,
0x74,0x65,0x73,0x74,0x5f,0x61,0x6e,0x64,0x5f,0x73,0x65,0x74,0x5f,0x32,0x00,0x5f,
0x5f,0x61,0x74,0x6f,0x6d,0x69,0x63,0x5f,0x74,0x65,0x73,0x74,0x5f,0x61,0x6e,0x64,
0x5f,0x73,0x65,0x74,0x5f,0x34,0x00,0x5f,0x5f,0x61,0x74,0x6f,0x6d,0x69,0x63,0x5f,
0x74,0x65,0x73,0x74,0x5f,0x61,0x6e,0x64,0x5f,0x73,0x65,0x74,0x5f,0x38,0x00,0x61,
0x74,0x6f,0x6d,0x69,0x63,0x5f,0x74,0x68,0x72,0x65,0x61,0x64,0x5f,0x66,0x65,0x6e,
0x63,0x65,0x00,0x61,0x74,0x6f,0x6d,0x69,0x63,0x5f,0x73,0x69,0x67,0x6e,0x61,0x6c,
0x5f,0x66,0x65,0x6e,0x63,0x65,0x00,0x61,0x74,0x6f,0x6d,0x69,0x63,0x5f,0x66,0x6c,
0x61,0x67,0x5f,0x74,0x65,0x73,0x74,0x5f,0x61,0x6e,0x64,0x5f,0x73,0x65,0x74,0x00,
0x61,0x74,0x6f,0x6d,0x69,0x63,0x5f,0x66,0x6c,0x61,0x67,0x5f,0x74,0x65,0x73,0x74,
0x5f,0x61,0x6e,0x64,0x5f,0x73,0x65,0x74,0x5f,0x65,0x78,0x70,0x6c,0x69,0x63,0x69,
0x74,0x00,0x61,0x74,0x6f,0x6d,0x69,0x63,0x5f,0x66,0x6c,0x61,0x67,0x5f,0x63,0x6c,
0x65,0x61,0x72,0x00,0x61,0x74,0x6f,0x6d,0x69,0x63,0x5f,0x66,0x6c,0x61,0x67,0x5f,
0x63,0x6c,0x65,0x61,0x72,0x5f,0x65,0x78,0x70,0x6c,0x69,0x63,0x69,0x74,0x00,0x5f,
0x5f,0x61,0x74,0x6f,0x6d,0x69,0x63,0x5f,0x6c,0x6f,0x61,0x64,0x00,0x5f,0x5f,0x61,
0x74,0x6f,0x6d,0x69,0x63,0x5f,0x73,0x74,0x6f,0x72,0x65,0x00,0x5f,0x5f,0x61,0x74,
0x6f,0x6d,0x69,0x63,0x5f,0x65,0x78,0x63,0x68,0x61,0x6e,0x67,0x65,0x00,0x5f,0x5f,
0x61,0x74,0x6f,0x6d,0x69,0x63,0x5f,0x63,0x6f,0x6d,0x70,0x61,0x72,0x65,0x5f,0x65,
0x78,0x63,0x68,0x61,0x6e,0x67,0x65,0x00,0x5f,0x5f,0x6d,0x63,0x63,0x5f,0x62,0x75,
0x69,0x6c,0x74,0x69,0x6e,0x5f,0x66,0x66,0x73,0x00,0x5f,0x5f,0x6d,0x63,0x63,0x5f,
0x62,0x75,0x69,0x6c,0x74,0x69,0x6e,0x5f,0x66,0x66,0x73,0x6c,0x6c,0x00,0x5f,0x5f,
0x6d,0x63,0x63,0x5f,0x62,0x75,0x69,0x6c,0x74,0x69,0x6e,0x5f,0x66,0x66,0x73,0x6c,
0x00,0x5f,0x5f,0x6d,0x63,0x63,0x5f,0x62,0x75,0x69,0x6c,0x74,0x69,0x6e,0x5f,0x63,
0x6c,0x7a,0x00,0x5f,0x5f,0x62,0x75,0x69,0x6c,0x74,0x69,0x6e,0x5f,0x63,0x6c,0x7a,
0x00,0x5f,0x5f,0x6d,0x63,0x63,0x5f,0x62,0x75,0x69,0x6c,0x74,0x69,0x6e,0x5f,0x63,
0x6c,0x7a,0x6c,0x6c,0x00,0x5f,0x5f,0x62,0x75,0x69,0x6c,0x74,0x69,0x6e,0x5f,0x63,
0x6c,0x7a,0x6c,0x6c,0x00,0x5f,0x5f,0x6d,0x63,0x63,0x5f,0x62,0x75,0x69,0x6c,0x74,
0x69,0x6e,0x5f,0x63,0x6c,0x7a,0x6c,0x00,0x5f,0x5f,0x62,0x75,0x69,0x6c,0x74,0x69,
0x6e,0x5f,0x63,0x6c,0x7a,0x6c,0x00,0x5f,0x5f,0x6d,0x63,0x63,0x5f,0x62,0x75,0x69,
0x6c,0x74,0x69,0x6e,0x5f,0x63,0x74,0x7a,0x00,0x5f,0x5f,0x62,0x75,0x69,0x6c,0x74,
0x69,0x6e,0x5f,0x63,0x74,0x7a,0x00,0x5f,0x5f,0x6d,0x63,0x63,0x5f,0x62,0x75,0x69,
0x6c,0x74,0x69,0x6e,0x5f,0x63,0x74,0x7a,0x6c,0x6c,0x00,0x5f,0x5f,0x62,0x75,0x69,
0x6c,0x74,0x69,0x6e,0x5f,0x63,0x74,0x7a,0x6c,0x6c,0x00,0x5f,0x5f,0x6d,0x63,0x63,
0x5f,0x62,0x75,0x69,0x6c,0x74,0x69,0x6e,0x5f,0x63,0x74,0x7a,0x6c,0x00,0x5f,0x5f,
0x62,0x75,0x69,0x6c,0x74,0x69,0x6e,0x5f,0x63,0x74,0x7a,0x6c,0x00,0x5f,0x5f,0x6d,
0x63,0x63,0x5f,0x62,0x75,0x69,0x6c,0x74,0x69,0x6e,0x5f,0x63,0x6c,0x72,0x73,0x62,
0x00,0x5f,0x5f,0x62,0x75,0x69,0x6c,0x74,0x69,0x6e,0x5f,0x63,0x6c,0x72,0x73,0x62,
0x00,0x5f,0x5f,0x6d,0x63,0x63,0x5f,0x62,0x75,0x69,0x6c,0x74,0x69,0x6e,0x5f,0x63,
0x6c,0x72,0x73,0x62,0x6c,0x6c,0x00,0x5f,0x5f,0x62,0x75,0x69,0x6c,0x74,0x69,0x6e,
0x5f,0x63,0x6c,0x72,0x73,0x62,0x6c,0x6c,0x00,0x5f,0x5f,0x6d,0x63,0x63,0x5f,0x62,
0x75,0x69,0x6c,0x74,0x69,0x6e,0x5f,0x63,0x6c,0x72,0x73,0x62,0x6c,0x00,0x5f,0x5f,
0x62,0x75,0x69,0x6c,0x74,0x69,0x6e,0x5f,0x63,0x6c,0x72,0x73,0x62,0x6c,0x00,0x5f,
0x5f,0x6d,0x63,0x63,0x5f,0x62,0x75,0x69,0x6c,0x74,0x69,0x6e,0x5f,0x70,0x6f,0x70,
0x63,0x6f,0x75,0x6e,0x74,0x00,0x5f,0x5f,0x62,0x75,0x69,0x6c,0x74,0x69,0x6e,0x5f,
0x70,0x6f,0x70,0x63,0x6f,0x75,0x6e,0x74,0x00,0x5f,0x5f,0x6d,0x63,0x63,0x5f,0x62,
0x75,0x69,0x6c,0x74,0x69,0x6e,0x5f,0x70,0x6f,0x70,0x63,0x6f,0x75,0x6e,0x74,0x6c,
0x6c,0x00,0x5f,0x5f,0x62,0x75,0x69,0x6c,0x74,0x69,0x6e,0x5f,0x70,0x6f,0x70,0x63,
0x6f,0x75,0x6e,0x74,0x6c,0x6c,0x00,0x5f,0x5f,0x6d,0x63,0x63,0x5f,0x62,0x75,0x69,
0x6c,0x74,0x69,0x6e,0x5f,0x70,0x6f,0x70,0x63,0x6f,0x75,0x6e,0x74,0x6c,0x00,0x5f,
0x5f,0x62,0x75,0x69,0x6c,0x74,0x69,0x6e,0x5f,0x70,0x6f,0x70,0x63,0x6f,0x75,0x6e,
0x74,0x6c,0x00,0x5f,0x5f,0x6d,0x63,0x63,0x5f,0x62,0x75,0x69,0x6c,0x74,0x69,0x6e,
0x5f,0x70,0x61,0x72,0x69,0x74,0x79,0x00,0x5f,0x5f,0x62,0x75,0x69,0x6c,0x74,0x69,
0x6e,0x5f,0x70,0x61,0x72,0x69,0x74,0x79,0x00,0x5f,0x5f,0x6d,0x63,0x63,0x5f,0x62,
0x75,0x69,0x6c,0x74,0x69,0x6e,0x5f,0x70,0x61,0x72,0x69,0x74,0x79,0x6c,0x6c,0x00,
0x5f,0x5f,0x62,0x75,0x69,0x6c,0x74,0x69,0x6e,0x5f,0x70,0x61,0x72,0x69,0x74,0x79,
0x6c,0x6c,0x00,0x5f,0x5f,0x6d,0x63,0x63,0x5f,0x62,0x75,0x69,0x6c,0x74,0x69,0x6e,
0x5f,0x70,0x61,0x72,0x69,0x74,0x79,0x6c,0x00,0x5f,0x5f,0x62,0x75,0x69,0x6c,0x74,
0x69,0x6e,0x5f,0x70,0x61,0x72,0x69,0x74,0x79,0x6c,0x00,0x5f,0x5f,0x6d,0x63,0x63,
0x5f,0x62,0x75,0x69,0x6c,0x74,0x69,0x6e,0x5f,0x62,0x73,0x77,0x61,0x70,0x31,0x36,
0x00,0x5f,0x5f,0x62,0x75,0x69,0x6c,0x74,0x69,0x6e,0x5f,0x62,0x73,0x77,0x61,0x70,
0x31,0x36,0x00,0x5f,0x5f,0x6d,0x63,0x63,0x5f,0x62,0x75,0x69,0x6c,0x74,0x69,0x6e,
0x5f,0x62,0x73,0x77,0x61,0x70,0x33,0x32,0x00,0x5f,0x5f,0x62,0x75,0x69,0x6c,0x74,
0x69,0x6e,0x5f,0x62,0x73,0x77,0x61,0x70,0x33,0x32,0x00,0x5f,0x5f,0x6d,0x63,0x63,
0x5f,0x73,0x69,0x67,0x6e,0x62,0x69,0x74,0x66,0x00,0x5f,0x5f,0x6d,0x63,0x63,0x5f,
0x73,0x69,0x67,0x6e,0x62,0x69,0x74,0x00,0x5f,0x5f,0x6d,0x63,0x63,0x5f,0x73,0x69,
0x67,0x6e,0x62,0x69,0x74,0x6c,0x00,0x5f,0x5f,0x6d,0x63,0x63,0x5f,0x62,0x75,0x69,
0x6c,0x74,0x69,0x6e,0x5f,0x62,0x73,0x77,0x61,0x70,0x36,0x34,0x00,0x5f,0x5f,0x62,
0x75,0x69,0x6c,0x74,0x69,0x6e,0x5f,0x66,0x66,0x73,0x00,0x5f,0x5f,0x62,0x75,0x69,
0x6c,0x74,0x69,0x6e,0x5f,0x66,0x66,0x73,0x6c,0x00,0x5f,0x5f,0x62,0x75,0x69,0x6c,
0x74,0x69,0x6e,0x5f,0x66,0x66,0x73,0x6c,0x6c,0x00,0x5f,0x5f,0x62,0x75,0x69,0x6c,
0x74,0x69,0x6e,0x5f,0x62,0x73,0x77,0x61,0x70,0x36,0x34,0x00,0x5f,0x5f,0x6d,0x63,
0x63,0x5f,0x61,0x64,0x64,0x6f,0x5f,0x73,0x63,0x00,0x5f,0x5f,0x6d,0x63,0x63,0x5f,
0x73,0x75,0x62,0x6f,0x5f,0x73,0x63,0x00,0x5f,0x5f,0x6d,0x63,0x63,0x5f,0x6d,0x75,
0x6c,0x6f,0x5f,0x73,0x63,0x00,0x5f,0x5f,0x6d,0x63,0x63,0x5f,0x61,0x64,0x64,0x6f,
0x5f,0x63,0x00,0x5f,0x5f,0x6d,0x63,0x63,0x5f,0x73,0x75,0x62,0x6f,0x5f,0x63,0x00,
0x5f,0x5f,0x6d,0x63,0x63,0x5f,0x6d,0x75,0x6c,0x6f,0x5f,0x63,0x00,0x5f,0x5f,0x6d,
0x63,0x63,0x5f,0x61,0x64,0x64,0x6f,0x5f,0x73,0x00,0x5f,0x5f,0x6d,0x63,0x63,0x5f,
0x73,0x75,0x62,0x6f,0x5f,0x73,0x00,0x5f,0x5f,0x6d,0x63,0x63,0x5f,0x6d,0x75,0x6c,
0x6f,0x5f,0x73,0x00,0x5f,0x5f,0x6d,0x63,0x63,0x5f,0x61,0x64,0x64,0x6f,0x5f,0x69,
0x00,0x5f,0x5f,0x6d,0x63,0x63,0x5f,0x73,0x75,0x62,0x6f,0x5f,0x69,0x00,0x5f,0x5f,
0x6d,0x63,0x63,0x5f,0x6d,0x75,0x6c,0x6f,0x5f,0x69,0x00,0x5f,0x5f,0x6d,0x63,0x63,
0x5f,0x61,0x64,0x64,0x6f,0x5f,0x75,0x63,0x00,0x5f,0x5f,0x6d,0x63,0x63,0x5f,0x73,
0x75,0x62,0x6f,0x5f,0x75,0x63,0x00,0x5f,0x5f,0x6d,0x63,0x63,0x5f,0x6d,0x75,0x6c,
0x6f,0x5f,0x75,0x63,0x00,0x5f,0x5f,0x6d,0x63,0x63,0x5f,0x61,0x64,0x64,0x6f,0x5f,
0x75,0x73,0x00,0x5f,0x5f,0x6d,0x63,0x63,0x5f,0x73,0x75,0x62,0x6f,0x5f,0x75,0x73,
0x00,0x5f,0x5f,0x6d,0x63,0x63,0x5f,0x6d,0x75,0x6c,0x6f,0x5f,0x75,0x73,0x00,0x5f,
0x5f,0x6d,0x63,0x63,0x5f,0x61,0x64,0x64,0x6f,0x5f,0x75,0x00,0x5f,0x5f,0x6d,0x63,
0x63,0x5f,0x73,0x75,0x62,0x6f,0x5f,0x75,0x00,0x5f,0x5f,0x6d,0x63,0x63,0x5f,0x6d,
0x75,0x6c,0x6f,0x5f,0x75,0x00,0x5f,0x5f,0x6d,0x63,0x63,0x5f,0x61,0x64,0x64,0x6f,
0x5f,0x6c,0x6c,0x00,0x5f,0x5f,0x6d,0x63,0x63,0x5f,0x73,0x75,0x62,0x6f,0x5f,0x6c,
0x6c,0x00,0x5f,0x5f,0x6d,0x63,0x63,0x5f,0x6d,0x75,0x6c,0x6f,0x5f,0x6c,0x6c,0x00,
0x5f,0x5f,0x6d,0x63,0x63,0x5f,0x61,0x64,0x64,0x6f,0x5f,0x75,0x6c,0x6c,0x00,0x5f,
0x5f,0x6d,0x63,0x63,0x5f,0x73,0x75,0x62,0x6f,0x5f,0x75,0x6c,0x6c,0x00,0x5f,0x5f,
0x6d,0x63,0x63,0x5f,0x6d,0x75,0x6c,0x6f,0x5f,0x75,0x6c,0x6c,0x00,0x5f,0x5f,0x6d,
0x63,0x63,0x5f,0x61,0x64,0x64,0x6f,0x5f,0x6c,0x00,0x5f,0x5f,0x6d,0x63,0x63,0x5f,
0x73,0x75,0x62,0x6f,0x5f,0x6c,0x00,0x5f,0x5f,0x6d,0x63,0x63,0x5f,0x6d,0x75,0x6c,
0x6f,0x5f,0x6c,0x00,0x5f,0x5f,0x6d,0x63,0x63,0x5f,0x61,0x64,0x64,0x6f,0x5f,0x75,
0x6c,0x00,0x5f,0x5f,0x6d,0x63,0x63,0x5f,0x73,0x75,0x62,0x6f,0x5f,0x75,0x6c,0x00,
0x5f,0x5f,0x6d,0x63,0x63,0x5f,0x6d,0x75,0x6c,0x6f,0x5f,0x75,0x6c,0x00,0x61,0x6c,
0x6c,0x6f,0x63,0x61,0x00,0x5f,0x5f,0x62,0x6f,0x75,0x6e,0x64,0x5f,0x61,0x6c,0x6c,
0x6f,0x63,0x61,0x00,0x5f,0x5f,0x6d,0x63,0x63,0x5f,0x63,0x6d,0x75,0x6c,0x66,0x00,
0x5f,0x5f,0x6d,0x63,0x63,0x5f,0x63,0x6d,0x75,0x6c,0x00,0x5f,0x5f,0x6d,0x63,0x63,
0x5f,0x63,0x6d,0x75,0x6c,0x6c,0x00,0x5f,0x5f,0x6d,0x63,0x63,0x5f,0x63,0x64,0x69,
0x76,0x66,0x00,0x5f,0x5f,0x6d,0x63,0x63,0x5f,0x63,0x64,0x69,0x76,0x00,0x5f,0x5f,
0x6d,0x63,0x63,0x5f,0x63,0x64,0x69,0x76,0x6c,0x00,0x5f,0x5f,0x6d,0x63,0x63,0x5f,
0x63,0x64,0x69,0x76,0x69,0x36,0x34,0x00,0x5f,0x5f,0x6d,0x63,0x63,0x5f,0x63,0x64,
0x69,0x76,0x75,0x36,0x34,0x00,0x5f,0x5f,0x6d,0x75,0x6c,0x73,0x63,0x33,0x00,0x5f,
0x5f,0x6d,0x75,0x6c,0x64,0x63,0x33,0x00,0x5f,0x5f,0x64,0x69,0x76,0x73,0x63,0x33,
0x00,0x5f,0x5f,0x64,0x69,0x76,0x64,0x63,0x33,0x00,0x5f,0x5f,0x6d,0x75,0x6c,0x78,
0x63,0x33,0x00,0x5f,0x5f,0x64,0x69,0x76,0x78,0x63,0x33,0x00,0x5f,0x5f,0x63,0x68,
0x6b,0x5f,0x66,0x61,0x69,0x6c,0x00,0x5f,0x5f,0x6e,0x65,0x67,0x74,0x69,0x32,0x00,
0x5f,0x5f,0x6d,0x75,0x6c,0x74,0x69,0x33,0x00,0x5f,0x5f,0x75,0x64,0x69,0x76,0x6d,
0x6f,0x64,0x74,0x69,0x34,0x00,0x5f,0x5f,0x75,0x64,0x69,0x76,0x74,0x69,0x33,0x00,
0x5f,0x5f,0x75,0x6d,0x6f,0x64,0x74,0x69,0x33,0x00,0x5f,0x5f,0x64,0x69,0x76,0x74,
0x69,0x33,0x00,0x5f,0x5f,0x6d,0x6f,0x64,0x74,0x69,0x33,0x00,0x5f,0x5f,0x61,0x73,
0x68,0x6c,0x74,0x69,0x33,0x00,0x5f,0x5f,0x6c,0x73,0x68,0x72,0x74,0x69,0x33,0x00,
0x5f,0x5f,0x61,0x73,0x68,0x72,0x74,0x69,0x33,0x00,0x5f,0x5f,0x63,0x6d,0x70,0x74,
0x69,0x32,0x00,0x5f,0x5f,0x75,0x63,0x6d,0x70,0x74,0x69,0x32,0x00,0x5f,0x5f,0x63,
0x6c,0x7a,0x74,0x69,0x32,0x00,0x5f,0x5f,0x63,0x74,0x7a,0x74,0x69,0x32,0x00,0x5f,
0x5f,0x66,0x66,0x73,0x74,0x69,0x32,0x00,0x5f,0x5f,0x70,0x6f,0x70,0x63,0x6f,0x75,
0x6e,0x74,0x74,0x69,0x32,0x00,0x5f,0x5f,0x70,0x61,0x72,0x69,0x74,0x79,0x74,0x69,
0x32,0x00,0x5f,0x5f,0x62,0x73,0x77,0x61,0x70,0x74,0x69,0x32,0x00,0x5f,0x5f,0x66,
0x6c,0x6f,0x61,0x74,0x75,0x6e,0x74,0x69,0x64,0x66,0x00,0x5f,0x5f,0x66,0x6c,0x6f,
0x61,0x74,0x74,0x69,0x64,0x66,0x00,0x5f,0x5f,0x66,0x6c,0x6f,0x61,0x74,0x75,0x6e,
0x74,0x69,0x73,0x66,0x00,0x5f,0x5f,0x66,0x6c,0x6f,0x61,0x74,0x74,0x69,0x73,0x66,
0x00,0x5f,0x5f,0x66,0x69,0x78,0x75,0x6e,0x73,0x64,0x66,0x74,0x69,0x00,0x5f,0x5f,
0x66,0x69,0x78,0x64,0x66,0x74,0x69,0x00,0x5f,0x5f,0x66,0x69,0x78,0x75,0x6e,0x73,
0x73,0x66,0x74,0x69,0x00,0x5f,0x5f,0x66,0x69,0x78,0x73,0x66,0x74,0x69,0x00,0x5f,
0x5f,0x66,0x6c,0x6f,0x61,0x74,0x75,0x6e,0x74,0x69,0x78,0x66,0x00,0x5f,0x5f,0x66,
0x6c,0x6f,0x61,0x74,0x74,0x69,0x78,0x66,0x00,0x5f,0x5f,0x66,0x69,0x78,0x75,0x6e,
0x73,0x78,0x66,0x74,0x69,0x00,0x5f,0x5f,0x66,0x69,0x78,0x78,0x66,0x74,0x69,0x00,
0x5f,0x5f,0x6d,0x63,0x63,0x5f,0x61,0x64,0x64,0x6f,0x5f,0x74,0x69,0x00,0x5f,0x5f,
0x6d,0x63,0x63,0x5f,0x73,0x75,0x62,0x6f,0x5f,0x74,0x69,0x00,0x5f,0x5f,0x6d,0x63,
0x63,0x5f,0x6d,0x75,0x6c,0x6f,0x5f,0x74,0x69,0x00,0x5f,0x5f,0x6d,0x63,0x63,0x5f,
0x61,0x64,0x64,0x6f,0x5f,0x75,0x74,0x69,0x00,0x5f,0x5f,0x6d,0x63,0x63,0x5f,0x73,
0x75,0x62,0x6f,0x5f,0x75,0x74,0x69,0x00,0x5f,0x5f,0x6d,0x63,0x63,0x5f,0x6d,0x75,
0x6c,0x6f,0x5f,0x75,0x74,0x69,0x00,0x5f,0x5f,0x64,0x69,0x76,0x6d,0x6f,0x64,0x74,
0x69,0x34,0x00,0x5f,0x5f,0x6e,0x65,0x67,0x76,0x74,0x69,0x32,0x00,0x5f,0x5f,0x61,
0x62,0x73,0x76,0x74,0x69,0x32,0x00,0x5f,0x5f,0x61,0x64,0x64,0x76,0x74,0x69,0x33,
0x00,0x5f,0x5f,0x73,0x75,0x62,0x76,0x74,0x69,0x33,0x00,0x5f,0x5f,0x6d,0x75,0x6c,
0x76,0x74,0x69,0x33,0x00,0x5f,0x5f,0x73,0x74,0x6f,0x72,0x65,0x5f,0x74,0x65,0x73,
0x74,0x5f,0x63,0x6f,0x76,0x65,0x72,0x61,0x67,0x65,0x00,0x5f,0x5f,0x76,0x61,0x5f,
0x61,0x72,0x67,0x00,0x5f,0x5f,0x61,0x64,0x64,0x74,0x66,0x33,0x00,0x5f,0x5f,0x73,
0x75,0x62,0x74,0x66,0x33,0x00,0x5f,0x5f,0x6d,0x75,0x6c,0x74,0x66,0x33,0x00,0x5f,
0x5f,0x64,0x69,0x76,0x74,0x66,0x33,0x00,0x5f,0x5f,0x6e,0x65,0x67,0x74,0x66,0x32,
0x00,0x5f,0x5f,0x65,0x78,0x74,0x65,0x6e,0x64,0x73,0x66,0x74,0x66,0x32,0x00,0x5f,
0x5f,0x65,0x78,0x74,0x65,0x6e,0x64,0x64,0x66,0x74,0x66,0x32,0x00,0x5f,0x5f,0x74,
0x72,0x75,0x6e,0x63,0x74,0x66,0x73,0x66,0x32,0x00,0x5f,0x5f,0x74,0x72,0x75,0x6e,
0x63,0x74,0x66,0x64,0x66,0x32,0x00,0x5f,0x5f,0x66,0x69,0x78,0x74,0x66,0x73,0x69,
0x00,0x5f,0x5f,0x66,0x69,0x78,0x74,0x66,0x64,0x69,0x00,0x5f,0x5f,0x66,0x69,0x78,
0x75,0x6e,0x73,0x74,0x66,0x73,0x69,0x00,0x5f,0x5f,0x66,0x69,0x78,0x75,0x6e,0x73,
0x74,0x66,0x64,0x69,0x00,0x5f,0x5f,0x66,0x6c,0x6f,0x61,0x74,0x73,0x69,0x74,0x66,
0x00,0x5f,0x5f,0x66,0x6c,0x6f,0x61,0x74,0x64,0x69,0x74,0x66,0x00,0x5f,0x5f,0x66,
0x6c,0x6f,0x61,0x74,0x75,0x6e,0x73,0x69,0x74,0x66,0x00,0x5f,0x5f,0x66,0x6c,0x6f,
0x61,0x74,0x75,0x6e,0x64,0x69,0x74,0x66,0x00,0x5f,0x5f,0x65,0x71,0x74,0x66,0x32,
0x00,0x5f,0x5f,0x6e,0x65,0x74,0x66,0x32,0x00,0x5f,0x5f,0x6c,0x74,0x74,0x66,0x32,
0x00,0x5f,0x5f,0x6c,0x65,0x74,0x66,0x32,0x00,0x5f,0x5f,0x67,0x74,0x74,0x66,0x32,
0x00,0x5f,0x5f,0x67,0x65,0x74,0x66,0x32,0x00,0x5f,0x5f,0x75,0x6e,0x6f,0x72,0x64,
0x74,0x66,0x32,0x00,0x5f,0x55,0x6e,0x77,0x69,0x6e,0x64,0x5f,0x52,0x65,0x73,0x75,
0x6d,0x65,0x00,0x5f,0x55,0x6e,0x77,0x69,0x6e,0x64,0x5f,0x46,0x6f,0x72,0x63,0x65,
0x64,0x55,0x6e,0x77,0x69,0x6e,0x64,0x00,0x5f,0x55,0x6e,0x77,0x69,0x6e,0x64,0x5f,
0x47,0x65,0x74,0x43,0x46,0x41,0x00,0x5f,0x5f,0x67,0x63,0x63,0x5f,0x70,0x65,0x72,
0x73,0x6f,0x6e,0x61,0x6c,0x69,0x74,0x79,0x5f,0x76,0x30,0x00,0x5f,0x5f,0x64,0x73,
0x6f,0x5f,0x68,0x61,0x6e,0x64,0x6c,0x65,0x00,0x00,0x6d,0x63,0x63,0x72,0x74,0x2e,
0x6f,0x2f,0x20,0x20,0x20,0x20,0x20,0x20,0x20,0x20,0x31,0x37,0x38,0x35,0x37,0x37,
0x39,0x35,0x35,0x32,0x20,0x20,0x31,0x30,0x30,0x30,0x20,0x20,0x31,0x30,0x30,0x30,
0x20,0x20,0x31,0x30,0x30,0x36,0x34,0x34,0x20,0x20,0x33,0x33,0x38,0x34,0x20,0x20,
0x20,0x20,0x20,0x20,0x60,0x0a,0x7f,0x45,0x4c,0x46,0x02,0x01,0x01,0x00,0x00,0x00,
0x00,0x00,0x00,0x00,0x00,0x00,0x01,0x00,0x3e,0x00,0x01,0x00,0x00,0x00,0x00,0x00,
0x00,0x00,0x00,0x00,0x00,0x00,0x00,0x00,0x00,0x00,0x00,0x00,0x00,0x00,0xb8,0x09,
0x00,0x00,0x00,0x00,0x00,0x00,0x00,0x00,0x00,0x00,0x40,0x00,0x00,0x00,0x00,0x00,
0x40,0x00,0x0e,0x00,0x0d,0x00,0xf3,0x0f,0x1e,0xfa,0x55,0x48,0x89,0xe5,0x48,0x89,
0x7d,0xd8,0x48,0x8b,0x45,0xd8,0x48,0x89,0x45,0xe8,0x8b,0x45,0xec,0x85,0xc0,0x78,
0x0f,0x48,0x8b,0x45,0xe8,0x66,0x0f,0xef,0xc0,0xf3,0x48,0x0f,0x2a,0xc0,0xeb,0x27,
0x48,0x8b,0x45,0xe8,0x48,0x89,0x45,0xd0,0xdf,0x6d,0xd0,0xdb,0x7d,0xf0,0xdb,0x6d,
0xf0,0xdb,0x2d,0x00,0x00,0x00,0x00,0xde,0xc1,0xdb,0x7d,0xf0,0xdb,0x6d,0xf0,0xd9,
0x5d,0xd0,0xf3,0x0f,0x10,0x45,0xd0,0x5d,0xc3,0xf3,0x0f,0x1e,0xfa,0x55,0x48,0x89,
0xe5,0x48,0x89,0x7d,0xd8,0x48,0x8b,0x45,0xd8,0x48,0x89,0x45,0xe8,0x8b,0x45,0xec,
0x85,0xc0,0x78,0x0f,0x48,0x8b,0x45,0xe8,0x66,0x0f,0xef,0xc0,0xf2,0x48,0x0f,0x2a,
0xc0,0xeb,0x27,0x48,0x8b,0x45,0xe8,0x48,0x89,0x45,0xd0,0xdf,0x6d,0xd0,0xdb,0x7d,
0xf0,0xdb,0x6d,0xf0,0xdb,0x2d,0x00,0x00,0x00,0x00,0xde,0xc1,0xdb,0x7d,0xf0,0xdb,
0x6d,0xf0,0xdd,0x5d,0xd0,0xf2,0x0f,0x10,0x45,0xd0,0x5d,0xc3,0xf3,0x0f,0x1e,0xfa,
0x55,0x48,0x89,0xe5,0x48,0x89,0x7d,0xd8,0x48,0x8b,0x45,0xd8,0x48,0x89,0x45,0xe8,
0x8b,0x45,0xec,0x85,0xc0,0x78,0x0d,0x48,0x8b,0x45,0xe8,0x48,0x89,0x45,0xd0,0xdf,
0x6d,0xd0,0xeb,0x1f,0x48,0x8b,0x45,0xe8,0x48,0x89,0x45,0xd0,0xdf,0x6d,0xd0,0xdb,
0x7d,0xf0,0xdb,0x6d,0xf0,0xdb,0x2d,0x00,0x00,0x00,0x00,0xde,0xc1,0xdb,0x7d,0xf0,
0xdb,0x6d,0xf0,0x5d,0xc3,0xf3,0x0f,0x1e,0xfa,0x55,0x48,0x89,0xe5,0x41,0x54,0x53,
0xf3,0x0f,0x11,0x45,0xdc,0xf3,0x0f,0x10,0x45,0xdc,0xf3,0x0f,0x11,0x45,0xec,0x8b,
0x45,0xec,0x85,0xc0,0x75,0x07,0xb8,0x00,0x00,0x00,0x00,0xeb,0x65,0x8b,0x45,0xec,
0xc1,0xe8,0x17,0x0f,0xb6,0xc0,0x2d,0x96,0x00,0x00,0x00,0x41,0x89,0xc4,0x8b,0x45,
0xec,0x25,0xff,0xff,0x7f,0x00,0x0d,0x00,0x00,0x80,0x00,0x89,0xc3,0x41,0x83,0xfc,
0x28,0x7e,0x0c,0x48,0xb8,0x00,0x00,0x00,0x00,0x00,0x00,0x00,0x80,0xeb,0x33,0x45,
0x85,0xe4,0x78,0x08,0x44,0x89,0xe1,0x48,0xd3,0xe3,0xeb,0x19,0x41,0x83,0xfc,0xe9,
0x7c,0x0c,0x44,0x89,0xe0,0xf7,0xd8,0x89,0xc1,0x48,0xd3,0xeb,0xeb,0x07,0xb8,0x00,
0x00,0x00,0x00,0xeb,0x0d,0x8b,0x45,0xec,0x85,0xc0,0x79,0x03,0x48,0xf7,0xdb,0x48,
0x89,0xd8,0x5b,0x41,0x5c,0x5d,0xc3,0xf3,0x0f,0x1e,0xfa,0x55,0x48,0x89,0xe5,0x48,
0x83,0xec,0x20,0xf3,0x0f,0x11,0x45,0xec,0xf3,0x0f,0x10,0x45,0xec,0x66,0x0f,0xef,
0xc9,0x0f,0x2f,0xc1,0x0f,0x93,0xc0,0x0f,0xb6,0xc0,0x89,0x45,0xf4,0x83,0x7d,0xf4,
0x00,0x75,0x16,0xf3,0x0f,0x10,0x45,0xec,0xf3,0x0f,0x10,0x0d,0x00,0x00,0x00,0x00,
0x0f,0x57,0xc1,0x66,0x0f,0x7e,0xc0,0xeb,0x03,0x8b,0x45,0xec,0x66,0x0f,0x6e,0xc0,
0xe8,0x00,0x00,0x00,0x00,0x48,0x89,0x45,0xf8,0x83,0x7d,0xf4,0x00,0x75,0x09,0x48,
0x8b,0x45,0xf8,0x48,0xf7,0xd8,0xeb,0x04,0x48,0x8b,0x45,0xf8,0xc9,0xc3,0xf3,0x0f,
0x1e,0xfa,0x55,0x48,0x89,0xe5,0x41,0x54,0x53,0xf2,0x0f,0x11,0x45,0xd8,0xf2,0x0f,
0x10,0x45,0xd8,0xf2,0x0f,0x11,0x45,0xe8,0x48,0x8b,0x45,0xe8,0x48,0x85,0xc0,0x75,
0x07,0xb8,0x00,0x00,0x00,0x00,0xeb,0x78,0x8b,0x45,0xec,0xc1,0xf8,0x14,0x25,0xff,
0x07,0x00,0x00,0x44,0x8d,0xa0,0xcd,0xfb,0xff,0xff,0x48,0x8b,0x45,0xe8,0x48,0xba,
0xff,0xff,0xff,0xff,0xff,0xff,0x0f,0x00,0x48,0x21,0xc2,0x48,0xb8,0x00,0x00,0x00,
0x00,0x00,0x00,0x10,0x00,0x48,0x09,0xd0,0x48,0x89,0xc3,0x41,0x83,0xfc,0x0b,0x7e,
0x0c,0x48,0xb8,0x00,0x00,0x00,0x00,0x00,0x00,0x00,0x80,0xeb,0x33,0x45,0x85,0xe4,
0x78,0x08,0x44,0x89,0xe1,0x48,0xd3,0xe3,0xeb,0x19,0x41,0x83,0xfc,0xcc,0x7c,0x0c,
0x44,0x89,0xe0,0xf7,0xd8,0x89,0xc1,0x48,0xd3,0xeb,0xeb,0x07,0xb8,0x00,0x00,0x00,
0x00,0xeb,0x0d,0x8b,0x45,0xec,0x85,0xc0,0x79,0x03,0x48,0xf7,0xdb,0x48,0x89,0xd8,
0x5b,0x41,0x5c,0x5d,0xc3,0xf3,0x0f,0x1e,0xfa,0x55,0x48,0x89,0xe5,0x48,0x83,0xec,
0x20,0xf2,0x0f,0x11,0x45,0xe8,0xf2,0x0f,0x10,0x45,0xe8,0x66,0x0f,0xef,0xc9,0x66,
0x0f,0x2f,0xc1,0x0f,0x93,0xc0,0x0f,0xb6,0xc0,0x89,0x45,0xf4,0x83,0x7d,0xf4,0x00,
0x75,0x18,0xf2,0x0f,0x10,0x45,0xe8,0xf3,0x0f,0x7e,0x0d,0x00,0x00,0x00,0x00,0x66,
0x0f,0x57,0xc1,0x66,0x48,0x0f,0x7e,0xc0,0xeb,0x04,0x48,0x8b,0x45,0xe8,0x66,0x48,
0x0f,0x6e,0xc0,0xe8,0x00,0x00,0x00,0x00,0x48,0x89,0x45,0xf8,0x83,0x7d,0xf4,0x00,
0x75,0x09,0x48,0x8b,0x45,0xf8,0x48,0xf7,0xd8,0xeb,0x04,0x48,0x8b,0x45,0xf8,0xc9,
0xc3,0xf3,0x0f,0x1e,0xfa,0x55,0x48,0x89,0xe5,0x41,0x54,0x53,0xdb,0x6d,0x10,0xdb,
0x7d,0xe0,0x48,0x8b,0x45,0xe0,0x48,0x85,0xc0,0x75,0x10,0x0f,0xb7,0x45,0xe8,0x66,
0x85,0xc0,0x75,0x07,0xb8,0x00,0x00,0x00,0x00,0xeb,0x4e,0x0f,0xb7,0x45,0xe8,0x0f,
0xb7,0xc0,0x25,0xff,0x7f,0x00,0x00,0x44,0x8d,0xa0,0xc2,0xbf,0xff,0xff,0x48,0x8b,
0x5d,0xe0,0x45,0x85,0xe4,0x7e,0x0c,0x48,0xb8,0x00,0x00,0x00,0x00,0x00,0x00,0x00,
0x80,0xeb,0x26,0x41,0x83,0xfc,0xc1,0x7d,0x07,0xb8,0x00,0x00,0x00,0x00,0xeb,0x19,
0x44,0x89,0xe0,0xf7,0xd8,0x89,0xc1,0x48,0xd3,0xeb,0x0f,0xb7,0x45,0xe8,0x66,0x85,
0xc0,0x79,0x03,0x48,0xf7,0xdb,0x48,0x89,0xd8,0x5b,0x41,0x5c,0x5d,0xc3,0xf3,0x0f,
0x1e,0xfa,0x55,0x48,0x89,0xe5,0x48,0x83,0xec,0x10,0xd9,0xee,0xdb,0x6d,0x10,0xdf,
0xf1,0xdd,0xd8,0x0f,0x93,0xc0,0x0f,0xb6,0xc0,0x89,0x45,0xf4,0x83,0x7d,0xf4,0x00,
0x75,0x07,0xdb,0x6d,0x10,0xd9,0xe0,0xeb,0x03,0xdb,0x6d,0x10,0x48,0x8d,0x64,0x24,
0xf0,0xdb,0x3c,0x24,0xe8,0x00,0x00,0x00,0x00,0x48,0x83,0xc4,0x10,0x48,0x89,0x45,
0xf8,0x83,0x7d,0xf4,0x00,0x75,0x09,0x48,0x8b,0x45,0xf8,0x48,0xf7,0xd8,0xeb,0x04,
0x48,0x8b,0x45,0xf8,0xc9,0xc3,0x00,0x00,0x00,0x00,0x00,0x00,0x00,0x80,0x3f,0x40,
0x00,0x00,0x00,0x00,0x00,0x00,0x00,0x00,0x00,0x80,0x00,0x00,0x00,0x00,0x00,0x00,
0x00,0x00,0x00,0x00,0x00,0x00,0x00,0x00,0x00,0x00,0x00,0x00,0x00,0x80,0x00,0x00,
0x00,0x00,0x00,0x00,0x00,0x00,0x00,0x47,0x43,0x43,0x3a,0x20,0x28,0x47,0x65,0x6e,
0x74,0x6f,0x6f,0x20,0x31,0x35,0x2e,0x33,0x2e,0x30,0x20,0x70,0x38,0x29,0x20,0x31,
0x35,0x2e,0x33,0x2e,0x30,0x00,0x04,0x00,0x00,0x00,0x10,0x00,0x00,0x00,0x05,0x00,
0x00,0x00,0x47,0x4e,0x55,0x00,0x02,0x00,0x00,0xc0,0x04,0x00,0x00,0x00,0x03,0x00,
0x00,0x00,0x00,0x00,0x00,0x00,0x04,0x00,0x00,0x00,0x20,0x00,0x00,0x00,0x05,0x00,
0x00,0x00,0x47,0x4e,0x55,0x00,0x02,0x00,0x01,0xc0,0x04,0x00,0x00,0x00,0x01,0x00,
0x00,0x00,0x00,0x00,0x00,0x00,0x01,0x00,0x01,0xc0,0x04,0x00,0x00,0x00,0x0b,0x00,
0x00,0x00,0x00,0x00,0x00,0x00,0x14,0x00,0x00,0x00,0x00,0x00,0x00,0x00,0x01,0x7a,
0x52,0x00,0x01,0x78,0x10,0x01,0x1b,0x0c,0x07,0x08,0x90,0x01,0x00,0x00,0x1c,0x00,
0x00,0x00,0x1c,0x00,0x00,0x00,0x00,0x00,0x00,0x00,0x53,0x00,0x00,0x00,0x00,0x45,
0x0e,0x10,0x86,0x02,0x43,0x0d,0x06,0x02,0x4a,0x0c,0x07,0x08,0x00,0x00,0x1c,0x00,
0x00,0x00,0x3c,0x00,0x00,0x00,0x00,0x00,0x00,0x00,0x53,0x00,0x00,0x00,0x00,0x45,
0x0e,0x10,0x86,0x02,0x43,0x0d,0x06,0x02,0x4a,0x0c,0x07,0x08,0x00,0x00,0x1c,0x00,
0x00,0x00,0x5c,0x00,0x00,0x00,0x00,0x00,0x00,0x00,0x49,0x00,0x00,0x00,0x00,0x45,
0x0e,0x10,0x86,0x02,0x43,0x0d,0x06,0x02,0x40,0x0c,0x07,0x08,0x00,0x00,0x20,0x00,
0x00,0x00,0x7c,0x00,0x00,0x00,0x00,0x00,0x00,0x00,0x92,0x00,0x00,0x00,0x00,0x45,
0x0e,0x10,0x86,0x02,0x43,0x0d,0x06,0x43,0x8c,0x03,0x83,0x04,0x02,0x86,0x0c,0x07,
0x08,0x00,0x1c,0x00,0x00,0x00,0xa0,0x00,0x00,0x00,0x00,0x00,0x00,0x00,0x67,0x00,
0x00,0x00,0x00,0x45,0x0e,0x10,0x86,0x02,0x43,0x0d,0x06,0x02,0x5e,0x0c,0x07,0x08,
0x00,0x00,0x20,0x00,0x00,0x00,0xc0,0x00,0x00,0x00,0x00,0x00,0x00,0x00,0xa7,0x00,
0x00,0x00,0x00,0x45,0x0e,0x10,0x86,0x02,0x43,0x0d,0x06,0x43,0x8c,0x03,0x83,0x04,
0x02,0x9b,0x0c,0x07,0x08,0x00,0x1c,0x00,0x00,0x00,0xe4,0x00,0x00,0x00,0x00,0x00,
0x00,0x00,0x6c,0x00,0x00,0x00,0x00,0x45,0x0e,0x10,0x86,0x02,0x43,0x0d,0x06,0x02,
0x63,0x0c,0x07,0x08,0x00,0x00,0x20,0x00,0x00,0x00,0x04,0x01,0x00,0x00,0x00,0x00,
0x00,0x00,0x7d,0x00,0x00,0x00,0x00,0x45,0x0e,0x10,0x86,0x02,0x43,0x0d,0x06,0x43,
0x8c,0x03,0x83,0x04,0x02,0x71,0x0c,0x07,0x08,0x00,0x20,0x00,0x00,0x00,0x28,0x01,
0x00,0x00,0x00,0x00,0x00,0x00,0x58,0x00,0x00,0x00,0x00,0x45,0x0e,0x10,0x86,0x02,
0x43,0x0d,0x06,0x02,0x4f,0x0c,0x07,0x08,0x00,0x00,0x00,0x00,0x00,0x00,0x00,0x00,
0x00,0x00,0x00,0x00,0x00,0x00,0x00,0x00,0x00,0x00,0x00,0x00,0x00,0x00,0x00,0x00,
0x00,0x00,0x00,0x00,0x00,0x00,0x01,0x00,0x00,0x00,0x04,0x00,0xf1,0xff,0x00,0x00,
0x00,0x00,0x00,0x00,0x00,0x00,0x00,0x00,0x00,0x00,0x00,0x00,0x00,0x00,0x00,0x00,
0x00,0x00,0x03,0x00,0x01,0x00,0x00,0x00,0x00,0x00,0x00,0x00,0x00,0x00,0x00,0x00,
0x00,0x00,0x00,0x00,0x00,0x00,0x00,0x00,0x00,0x00,0x03,0x00,0x05,0x00,0x00,0x00,
0x00,0x00,0x00,0x00,0x00,0x00,0x00,0x00,0x00,0x00,0x00,0x00,0x00,0x00,0x09,0x00,
0x00,0x00,0x12,0x00,0x01,0x00,0x00,0x00,0x00,0x00,0x00,0x00,0x00,0x00,0x53,0x00,
0x00,0x00,0x00,0x00,0x00,0x00,0x17,0x00,0x00,0x00,0x12,0x00,0x01,0x00,0x53,0x00,
0x00,0x00,0x00,0x00,0x00,0x00,0x53,0x00,0x00,0x00,0x00,0x00,0x00,0x00,0x25,0x00,
0x00,0x00,0x12,0x00,0x01,0x00,0xa6,0x00,0x00,0x00,0x00,0x00,0x00,0x00,0x49,0x00,
0x00,0x00,0x00,0x00,0x00,0x00,0x33,0x00,0x00,0x00,0x12,0x00,0x01,0x00,0xef,0x00,
0x00,0x00,0x00,0x00,0x00,0x00,0x92,0x00,0x00,0x00,0x00,0x00,0x00,0x00,0x40,0x00,
0x00,0x00,0x12,0x00,0x01,0x00,0x81,0x01,0x00,0x00,0x00,0x00,0x00,0x00,0x67,0x00,
0x00,0x00,0x00,0x00,0x00,0x00,0x4a,0x00,0x00,0x00,0x12,0x00,0x01,0x00,0xe8,0x01,
0x00,0x00,0x00,0x00,0x00,0x00,0xa7,0x00,0x00,0x00,0x00,0x00,0x00,0x00,0x57,0x00,
0x00,0x00,0x12,0x00,0x01,0x00,0x8f,0x02,0x00,0x00,0x00,0x00,0x00,0x00,0x6c,0x00,
0x00,0x00,0x00,0x00,0x00,0x00,0x61,0x00,0x00,0x00,0x12,0x00,0x01,0x00,0xfb,0x02,
0x00,0x00,0x00,0x00,0x00,0x00,0x7d,0x00,0x00,0x00,0x00,0x00,0x00,0x00,0x6e,0x00,
0x00,0x00,0x12,0x00,0x01,0x00,0x78,0x03,0x00,0x00,0x00,0x00,0x00,0x00,0x58,0x00,
0x00,0x00,0x00,0x00,0x00,0x00,0x00,0x6d,0x63,0x63,0x72,0x74,0x2e,0x63,0x00,0x5f,
0x5f,0x66,0x6c,0x6f,0x61,0x74,0x75,0x6e,0x64,0x69,0x73,0x66,0x00,0x5f,0x5f,0x66,
0x6c,0x6f,0x61,0x74,0x75,0x6e,0x64,0x69,0x64,0x66,0x00,0x5f,0x5f,0x66,0x6c,0x6f,
0x61,0x74,0x75,0x6e,0x64,0x69,0x78,0x66,0x00,0x5f,0x5f,0x66,0x69,0x78,0x75,0x6e,
0x73,0x73,0x66,0x64,0x69,0x00,0x5f,0x5f,0x66,0x69,0x78,0x73,0x66,0x64,0x69,0x00,
0x5f,0x5f,0x66,0x69,0x78,0x75,0x6e,0x73,0x64,0x66,0x64,0x69,0x00,0x5f,0x5f,0x66,
0x69,0x78,0x64,0x66,0x64,0x69,0x00,0x5f,0x5f,0x66,0x69,0x78,0x75,0x6e,0x73,0x78,
0x66,0x64,0x69,0x00,0x5f,0x5f,0x66,0x69,0x78,0x78,0x66,0x64,0x69,0x00,0x3d,0x00,
0x00,0x00,0x00,0x00,0x00,0x00,0x02,0x00,0x00,0x00,0x03,0x00,0x00,0x00,0xfc,0xff,
0xff,0xff,0xff,0xff,0xff,0xff,0x90,0x00,0x00,0x00,0x00,0x00,0x00,0x00,0x02,0x00,
0x00,0x00,0x03,0x00,0x00,0x00,0xfc,0xff,0xff,0xff,0xff,0xff,0xff,0xff,0xe1,0x00,
0x00,0x00,0x00,0x00,0x00,0x00,0x02,0x00,0x00,0x00,0x03,0x00,0x00,0x00,0xfc,0xff,
0xff,0xff,0xff,0xff,0xff,0xff,0xb6,0x01,0x00,0x00,0x00,0x00,0x00,0x00,0x02,0x00,
0x00,0x00,0x03,0x00,0x00,0x00,0x0c,0x00,0x00,0x00,0x00,0x00,0x00,0x00,0xcb,0x01,
0x00,0x00,0x00,0x00,0x00,0x00,0x04,0x00,0x00,0x00,0x07,0x00,0x00,0x00,0xfc,0xff,
0xff,0xff,0xff,0xff,0xff,0xff,0xc5,0x02,0x00,0x00,0x00,0x00,0x00,0x00,0x02,0x00,
0x00,0x00,0x03,0x00,0x00,0x00,0x1c,0x00,0x00,0x00,0x00,0x00,0x00,0x00,0xde,0x02,
0x00,0x00,0x00,0x00,0x00,0x00,0x04,0x00,0x00,0x00,0x09,0x00,0x00,0x00,0xfc,0xff,
0xff,0xff,0xff,0xff,0xff,0xff,0xaf,0x03,0x00,0x00,0x00,0x00,0x00,0x00,0x04,0x00,
0x00,0x00,0x0b,0x00,0x00,0x00,0xfc,0xff,0xff,0xff,0xff,0xff,0xff,0xff,0x20,0x00,
0x00,0x00,0x00,0x00,0x00,0x00,0x02,0x00,0x00,0x00,0x02,0x00,0x00,0x00,0x00,0x00,
0x00,0x00,0x00,0x00,0x00,0x00,0x40,0x00,0x00,0x00,0x00,0x00,0x00,0x00,0x02,0x00,
0x00,0x00,0x02,0x00,0x00,0x00,0x53,0x00,0x00,0x00,0x00,0x00,0x00,0x00,0x60,0x00,
0x00,0x00,0x00,0x00,0x00,0x00,0x02,0x00,0x00,0x00,0x02,0x00,0x00,0x00,0xa6,0x00,
0x00,0x00,0x00,0x00,0x00,0x00,0x80,0x00,0x00,0x00,0x00,0x00,0x00,0x00,0x02,0x00,
0x00,0x00,0x02,0x00,0x00,0x00,0xef,0x00,0x00,0x00,0x00,0x00,0x00,0x00,0xa4,0x00,
0x00,0x00,0x00,0x00,0x00,0x00,0x02,0x00,0x00,0x00,0x02,0x00,0x00,0x00,0x81,0x01,
0x00,0x00,0x00,0x00,0x00,0x00,0xc4,0x00,0x00,0x00,0x00,0x00,0x00,0x00,0x02,0x00,
0x00,0x00,0x02,0x00,0x00,0x00,0xe8,0x01,0x00,0x00,0x00,0x00,0x00,0x00,0xe8,0x00,
0x00,0x00,0x00,0x00,0x00,0x00,0x02,0x00,0x00,0x00,0x02,0x00,0x00,0x00,0x8f,0x02,
0x00,0x00,0x00,0x00,0x00,0x00,0x08,0x01,0x00,0x00,0x00,0x00,0x00,0x00,0x02,0x00,
0x00,0x00,0x02,0x00,0x00,0x00,0xfb,0x02,0x00,0x00,0x00,0x00,0x00,0x00,0x2c,0x01,
0x00,0x00,0x00,0x00,0x00,0x00,0x02,0x00,0x00,0x00,0x02,0x00,0x00,0x00,0x78,0x03,
0x00,0x00,0x00,0x00,0x00,0x00,0x00,0x2e,0x73,0x79,0x6d,0x74,0x61,0x62,0x00,0x2e,
0x73,0x74,0x72,0x74,0x61,0x62,0x00,0x2e,0x73,0x68,0x73,0x74,0x72,0x74,0x61,0x62,
0x00,0x2e,0x72,0x65,0x6c,0x61,0x2e,0x74,0x65,0x78,0x74,0x00,0x2e,0x64,0x61,0x74,
0x61,0x00,0x2e,0x62,0x73,0x73,0x00,0x2e,0x72,0x6f,0x64,0x61,0x74,0x61,0x00,0x2e,
0x63,0x6f,0x6d,0x6d,0x65,0x6e,0x74,0x00,0x2e,0x6e,0x6f,0x74,0x65,0x2e,0x47,0x4e,
0x55,0x2d,0x73,0x74,0x61,0x63,0x6b,0x00,0x2e,0x6e,0x6f,0x74,0x65,0x2e,0x67,0x6e,
0x75,0x2e,0x70,0x72,0x6f,0x70,0x65,0x72,0x74,0x79,0x00,0x2e,0x72,0x65,0x6c,0x61,
0x2e,0x65,0x68,0x5f,0x66,0x72,0x61,0x6d,0x65,0x00,0x00,0x00,0x00,0x00,0x00,0x00,
0x00,0x00,0x00,0x00,0x00,0x00,0x00,0x00,0x00,0x00,0x00,0x00,0x00,0x00,0x00,0x00,
0x00,0x00,0x00,0x00,0x00,0x00,0x00,0x00,0x00,0x00,0x00,0x00,0x00,0x00,0x00,0x00,
0x00,0x00,0x00,0x00,0x00,0x00,0x00,0x00,0x00,0x00,0x00,0x00,0x00,0x00,0x00,0x00,
0x00,0x00,0x00,0x00,0x00,0x00,0x00,0x00,0x00,0x00,0x00,0x00,0x00,0x00,0x20,0x00,
0x00,0x00,0x01,0x00,0x00,0x00,0x06,0x00,0x00,0x00,0x00,0x00,0x00,0x00,0x00,0x00,
0x00,0x00,0x00,0x00,0x00,0x00,0x40,0x00,0x00,0x00,0x00,0x00,0x00,0x00,0xd0,0x03,
0x00,0x00,0x00,0x00,0x00,0x00,0x00,0x00,0x00,0x00,0x00,0x00,0x00,0x00,0x01,0x00,
0x00,0x00,0x00,0x00,0x00,0x00,0x00,0x00,0x00,0x00,0x00,0x00,0x00,0x00,0x1b,0x00,
0x00,0x00,0x04,0x00,0x00,0x00,0x40,0x00,0x00,0x00,0x00,0x00,0x00,0x00,0x00,0x00,
0x00,0x00,0x00,0x00,0x00,0x00,0xa8,0x07,0x00,0x00,0x00,0x00,0x00,0x00,0xc0,0x00,
0x00,0x00,0x00,0x00,0x00,0x00,0x0b,0x00,0x00,0x00,0x01,0x00,0x00,0x00,0x08,0x00,
0x00,0x00,0x00,0x00,0x00,0x00,0x18,0x00,0x00,0x00,0x00,0x00,0x00,0x00,0x26,0x00,
0x00,0x00,0x01,0x00,0x00,0x00,0x03,0x00,0x00,0x00,0x00,0x00,0x00,0x00,0x00,0x00,
0x00,0x00,0x00,0x00,0x00,0x00,0x10,0x04,0x00,0x00,0x00,0x00,0x00,0x00,0x00,0x00,
0x00,0x00,0x00,0x00,0x00,0x00,0x00,0x00,0x00,0x00,0x00,0x00,0x00,0x00,0x01,0x00,
0x00,0x00,0x00,0x00,0x00,0x00,0x00,0x00,0x00,0x00,0x00,0x00,0x00,0x00,0x2c,0x00,
0x00,0x00,0x08,0x00,0x00,0x00,0x03,0x00,0x00,0x00,0x00,0x00,0x00,0x00,0x00,0x00,
0x00,0x00,0x00,0x00,0x00,0x00,0x10,0x04,0x00,0x00,0x00,0x00,0x00,0x00,0x00,0x00,
0x00,0x00,0x00,0x00,0x00,0x00,0x00,0x00,0x00,0x00,0x00,0x00,0x00,0x00,0x01,0x00,
0x00,0x00,0x00,0x00,0x00,0x00,0x00,0x00,0x00,0x00,0x00,0x00,0x00,0x00,0x31,0x00,
0x00,0x00,0x01,0x00,0x00,0x00,0x02,0x00,0x00,0x00,0x00,0x00,0x00,0x00,0x00,0x00,
0x00,0x00,0x00,0x00,0x00,0x00,0x10,0x04,0x00,0x00,0x00,0x00,0x00,0x00,0x30,0x00,
0x00,0x00,0x00,0x00,0x00,0x00,0x00,0x00,0x00,0x00,0x00,0x00,0x00,0x00,0x10,0x00,
0x00,0x00,0x00,0x00,0x00,0x00,0x00,0x00,0x00,0x00,0x00,0x00,0x00,0x00,0x39,0x00,
0x00,0x00,0x01,0x00,0x00,0x00,0x30,0x00,0x00,0x00,0x00,0x00,0x00,0x00,0x00,0x00,
0x00,0x00,0x00,0x00,0x00,0x00,0x40,0x04,0x00,0x00,0x00,0x00,0x00,0x00,0x20,0x00,
0x00,0x00,0x00,0x00,0x00,0x00,0x00,0x00,0x00,0x00,0x00,0x00,0x00,0x00,0x01,0x00,
0x00,0x00,0x00,0x00,0x00,0x00,0x01,0x00,0x00,0x00,0x00,0x00,0x00,0x00,0x42,0x00,
0x00,0x00,0x01,0x00,0x00,0x00,0x00,0x00,0x00,0x00,0x00,0x00,0x00,0x00,0x00,0x00,
0x00,0x00,0x00,0x00,0x00,0x00,0x60,0x04,0x00,0x00,0x00,0x00,0x00,0x00,0x00,0x00,
0x00,0x00,0x00,0x00,0x00,0x00,0x00,0x00,0x00,0x00,0x00,0x00,0x00,0x00,0x01,0x00,
0x00,0x00,0x00,0x00,0x00,0x00,0x00,0x00,0x00,0x00,0x00,0x00,0x00,0x00,0x52,0x00,
0x00,0x00,0x07,0x00,0x00,0x00,0x02,0x00,0x00,0x00,0x00,0x00,0x00,0x00,0x00,0x00,
0x00,0x00,0x00,0x00,0x00,0x00,0x60,0x04,0x00,0x00,0x00,0x00,0x00,0x00,0x50,0x00,
0x00,0x00,0x00,0x00,0x00,0x00,0x00,0x00,0x00,0x00,0x00,0x00,0x00,0x00,0x08,0x00,
0x00,0x00,0x00,0x00,0x00,0x00,0x00,0x00,0x00,0x00,0x00,0x00,0x00,0x00,0x6a,0x00,
0x00,0x00,0x01,0x00,0x00,0x00,0x02,0x00,0x00,0x00,0x00,0x00,0x00,0x00,0x00,0x00,
0x00,0x00,0x00,0x00,0x00,0x00,0xb0,0x04,0x00,0x00,0x00,0x00,0x00,0x00,0x48,0x01,
0x00,0x00,0x00,0x00,0x00,0x00,0x00,0x00,0x00,0x00,0x00,0x00,0x00,0x00,0x08,0x00,
0x00,0x00,0x00,0x00,0x00,0x00,0x00,0x00,0x00,0x00,0x00,0x00,0x00,0x00,0x65,0x00,
0x00,0x00,0x04,0x00,0x00,0x00,0x40,0x00,0x00,0x00,0x00,0x00,0x00,0x00,0x00,0x00,
0x00,0x00,0x00,0x00,0x00,0x00,0x68,0x08,0x00,0x00,0x00,0x00,0x00,0x00,0xd8,0x00,
0x00,0x00,0x00,0x00,0x00,0x00,0x0b,0x00,0x00,0x00,0x09,0x00,0x00,0x00,0x08,0x00,
0x00,0x00,0x00,0x00,0x00,0x00,0x18,0x00,0x00,0x00,0x00,0x00,0x00,0x00,0x01,0x00,
0x00,0x00,0x02,0x00,0x00,0x00,0x00,0x00,0x00,0x00,0x00,0x00,0x00,0x00,0x00,0x00,
0x00,0x00,0x00,0x00,0x00,0x00,0xf8,0x05,0x00,0x00,0x00,0x00,0x00,0x00,0x38,0x01,
0x00,0x00,0x00,0x00,0x00,0x00,0x0c,0x00,0x00,0x00,0x04,0x00,0x00,0x00,0x08,0x00,
0x00,0x00,0x00,0x00,0x00,0x00,0x18,0x00,0x00,0x00,0x00,0x00,0x00,0x00,0x09,0x00,
0x00,0x00,0x03,0x00,0x00,0x00,0x00,0x00,0x00,0x00,0x00,0x00,0x00,0x00,0x00,0x00,
0x00,0x00,0x00,0x00,0x00,0x00,0x30,0x07,0x00,0x00,0x00,0x00,0x00,0x00,0x78,0x00,
0x00,0x00,0x00,0x00,0x00,0x00,0x00,0x00,0x00,0x00,0x00,0x00,0x00,0x00,0x01,0x00,
0x00,0x00,0x00,0x00,0x00,0x00,0x00,0x00,0x00,0x00,0x00,0x00,0x00,0x00,0x11,0x00,
0x00,0x00,0x03,0x00,0x00,0x00,0x00,0x00,0x00,0x00,0x00,0x00,0x00,0x00,0x00,0x00,
0x00,0x00,0x00,0x00,0x00,0x00,0x40,0x09,0x00,0x00,0x00,0x00,0x00,0x00,0x74,0x00,
0x00,0x00,0x00,0x00,0x00,0x00,0x00,0x00,0x00,0x00,0x00,0x00,0x00,0x00,0x01,0x00,
0x00,0x00,0x00,0x00,0x00,0x00,0x00,0x00,0x00,0x00,0x00,0x00,0x00,0x00,0x73,0x74,
0x64,0x61,0x74,0x6f,0x6d,0x69,0x63,0x2e,0x6f,0x2f,0x20,0x20,0x20,0x20,0x31,0x37,
0x38,0x35,0x37,0x37,0x39,0x35,0x35,0x32,0x20,0x20,0x31,0x30,0x30,0x30,0x20,0x20,
0x31,0x30,0x30,0x30,0x20,0x20,0x31,0x30,0x30,0x36,0x34,0x34,0x20,0x20,0x31,0x34,
0x35,0x32,0x30,0x20,0x20,0x20,0x20,0x20,0x60,0x0a,0x7f,0x45,0x4c,0x46,0x02,0x01,
0x01,0x00,0x00,0x00,0x00,0x00,0x00,0x00,0x00,0x00,0x01,0x00,0x3e,0x00,0x01,0x00,
0x00,0x00,0x00,0x00,0x00,0x00,0x00,0x00,0x00,0x00,0x00,0x00,0x00,0x00,0x00,0x00,
0x00,0x00,0x78,0x35,0x00,0x00,0x00,0x00,0x00,0x00,0x00,0x00,0x00,0x00,0x40,0x00,
0x00,0x00,0x00,0x00,0x40,0x00,0x0d,0x00,0x0c,0x00,0xf3,0x0f,0x1e,0xfa,0x55,0x48,
0x89,0xe5,0x48,0x83,0xec,0x20,0x48,0x89,0x7d,0xe8,0x89,0xf0,0x89,0x55,0xe0,0x88,
0x45,0xe4,0x64,0x48,0x8b,0x04,0x25,0x28,0x00,0x00,0x00,0x48,0x89,0x45,0xf8,0x31,
0xc0,0x48,0x8b,0x45,0xe8,0x0f,0xb6,0x00,0x88,0x45,0xf7,0x0f,0xb6,0x45,0xe4,0x88,
0x45,0xf6,0x0f,0xb6,0x45,0xf6,0x0f,0xb6,0xc8,0x48,0x8b,0x75,0xe8,0x48,0x8d,0x55,
0xf7,0x0f,0xb6,0x02,0xf0,0x0f,0xb0,0x0e,0x89,0xc1,0x0f,0x94,0xc0,0x84,0xc0,0x75,
0x02,0x88,0x0a,0x83,0xf0,0x01,0x84,0xc0,0x75,0xd1,0x0f,0xb6,0x45,0xf7,0x48,0x8b,
0x55,0xf8,0x64,0x48,0x2b,0x14,0x25,0x28,0x00,0x00,0x00,0x74,0x05,0xe8,0x00,0x00,
0x00,0x00,0xc9,0xc3,0xf3,0x0f,0x1e,0xfa,0x55,0x48,0x89,0xe5,0x48,0x83,0xec,0x20,
0x48,0x89,0x7d,0xe8,0x89,0xf0,0x89,0x55,0xe0,0x88,0x45,0xe4,0x64,0x48,0x8b,0x04,
0x25,0x28,0x00,0x00,0x00,0x48,0x89,0x45,0xf8,0x31,0xc0,0x48,0x8b,0x45,0xe8,0x0f,
0xb6,0x00,0x88,0x45,0xf7,0x0f,0xb6,0x55,0xf7,0x0f,0xb6,0x45,0xe4,0x01,0xd0,0x88,
0x45,0xf6,0x0f,0xb6,0x45,0xf6,0x0f,0xb6,0xc8,0x48,0x8b,0x75,0xe8,0x48,0x8d,0x55,
0xf7,0x0f,0xb6,0x02,0xf0,0x0f,0xb0,0x0e,0x89,0xc1,0x0f,0x94,0xc0,0x84,0xc0,0x75,
0x02,0x88,0x0a,0x83,0xf0,0x01,0x84,0xc0,0x75,0xcb,0x0f,0xb6,0x45,0xf6,0x48,0x8b,
0x55,0xf8,0x64,0x48,0x2b,0x14,0x25,0x28,0x00,0x00,0x00,0x74,0x05,0xe8,0x00,0x00,
0x00,0x00,0xc9,0xc3,0xf3,0x0f,0x1e,0xfa,0x55,0x48,0x89,0xe5,0x48,0x83,0xec,0x20,
0x48,0x89,0x7d,0xe8,0x89,0xf0,0x89,0x55,0xe0,0x88,0x45,0xe4,0x64,0x48,0x8b,0x04,
0x25,0x28,0x00,0x00,0x00,0x48,0x89,0x45,0xf8,0x31,0xc0,0x48,0x8b,0x45,0xe8,0x0f,
0xb6,0x00,0x88,0x45,0xf7,0x0f,0xb6,0x45,0xf7,0x2a,0x45,0xe4,0x88,0x45,0xf6,0x0f,
0xb6,0x45,0xf6,0x0f,0xb6,0xc8,0x48,0x8b,0x75,0xe8,0x48,0x8d,0x55,0xf7,0x0f,0xb6,
0x02,0xf0,0x0f,0xb0,0x0e,0x89,0xc1,0x0f,0x94,0xc0,0x84,0xc0,0x75,0x02,0x88,0x0a,
0x83,0xf0,0x01,0x84,0xc0,0x75,0xce,0x0f,0xb6,0x45,0xf6,0x48,0x8b,0x55,0xf8,0x64,
0x48,0x2b,0x14,0x25,0x28,0x00,0x00,0x00,0x74,0x05,0xe8,0x00,0x00,0x00,0x00,0xc9,
0xc3,0xf3,0x0f,0x1e,0xfa,0x55,0x48,0x89,0xe5,0x48,0x83,0xec,0x20,0x48,0x89,0x7d,
0xe8,0x89,0xf0,0x89,0x55,0xe0,0x88,0x45,0xe4,0x64,0x48,0x8b,0x04,0x25,0x28,0x00,
0x00,0x00,0x48,0x89,0x45,0xf8,0x31,0xc0,0x48,0x8b,0x45,0xe8,0x0f,0xb6,0x00,0x88,
0x45,0xf7,0x0f,0xb6,0x45,0xf7,0x22,0x45,0xe4,0x88,0x45,0xf6,0x0f,0xb6,0x45,0xf6,
0x0f,0xb6,0xc8,0x48,0x8b,0x75,0xe8,0x48,0x8d,0x55,0xf7,0x0f,0xb6,0x02,0xf0,0x0f,
0xb0,0x0e,0x89,0xc1,0x0f,0x94,0xc0,0x84,0xc0,0x75,0x02,0x88,0x0a,0x83,0xf0,0x01,
0x84,0xc0,0x75,0xce,0x0f,0xb6,0x45,0xf6,0x48,0x8b,0x55,0xf8,0x64,0x48,0x2b,0x14,
0x25,0x28,0x00,0x00,0x00,0x74,0x05,0xe8,0x00,0x00,0x00,0x00,0xc9,0xc3,0xf3,0x0f,
0x1e,0xfa,0x55,0x48,0x89,0xe5,0x48,0x83,0xec,0x20,0x48,0x89,0x7d,0xe8,0x89,0xf0,
0x89,0x55,0xe0,0x88,0x45,0xe4,0x64,0x48,0x8b,0x04,0x25,0x28,0x00,0x00,0x00,0x48,
0x89,0x45,0xf8,0x31,0xc0,0x48,0x8b,0x45,0xe8,0x0f,0xb6,0x00,0x88,0x45,0xf7,0x0f,
0xb6,0x45,0xf7,0x0a,0x45,0xe4,0x88,0x45,0xf6,0x0f,0xb6,0x45,0xf6,0x0f,0xb6,0xc8,
0x48,0x8b,0x75,0xe8,0x48,0x8d,0x55,0xf7,0x0f,0xb6,0x02,0xf0,0x0f,0xb0,0x0e,0x89,
0xc1,0x0f,0x94,0xc0,0x84,0xc0,0x75,0x02,0x88,0x0a,0x83,0xf0,0x01,0x84,0xc0,0x75,
0xce,0x0f,0xb6,0x45,0xf6,0x48,0x8b,0x55,0xf8,0x64,0x48,0x2b,0x14,0x25,0x28,0x00,
0x00,0x00,0x74,0x05,0xe8,0x00,0x00,0x00,0x00,0xc9,0xc3,0xf3,0x0f,0x1e,0xfa,0x55,
0x48,0x89,0xe5,0x48,0x83,0xec,0x20,0x48,0x89,0x7d,0xe8,0x89,0xf0,0x89,0x55,0xe0,
0x88,0x45,0xe4,0x64,0x48,0x8b,0x04,0x25,0x28,0x00,0x00,0x00,0x48,0x89,0x45,0xf8,
0x31,0xc0,0x48,0x8b,0x45,0xe8,0x0f,0xb6,0x00,0x88,0x45,0xf7,0x0f,0xb6,0x45,0xf7,
0x32,0x45,0xe4,0x88,0x45,0xf6,0x0f,0xb6,0x45,0xf6,0x0f,0xb6,0xc8,0x48,0x8b,0x75,
0xe8,0x48,0x8d,0x55,0xf7,0x0f,0xb6,0x02,0xf0,0x0f,0xb0,0x0e,0x89,0xc1,0x0f,0x94,
0xc0,0x84,0xc0,0x75,0x02,0x88,0x0a,0x83,0xf0,0x01,0x84,0xc0,0x75,0xce,0x0f,0xb6,
0x45,0xf6,0x48,0x8b,0x55,0xf8,0x64,0x48,0x2b,0x14,0x25,0x28,0x00,0x00,0x00,0x74,
0x05,0xe8,0x00,0x00,0x00,0x00,0xc9,0xc3,0xf3,0x0f,0x1e,0xfa,0x55,0x48,0x89,0xe5,
0x48,0x83,0xec,0x20,0x48,0x89,0x7d,0xe8,0x89,0xf0,0x89,0x55,0xe0,0x88,0x45,0xe4,
0x64,0x48,0x8b,0x04,0x25,0x28,0x00,0x00,0x00,0x48,0x89,0x45,0xf8,0x31,0xc0,0x48,
0x8b,0x45,0xe8,0x0f,0xb6,0x00,0x88,0x45,0xf7,0x0f,0xb6,0x45,0xf7,0x22,0x45,0xe4,
0xf7,0xd0,0x88,0x45,0xf6,0x0f,0xb6,0x45,0xf6,0x0f,0xb6,0xc8,0x48,0x8b,0x75,0xe8,
0x48,0x8d,0x55,0xf7,0x0f,0xb6,0x02,0xf0,0x0f,0xb0,0x0e,0x89,0xc1,0x0f,0x94,0xc0,
0x84,0xc0,0x75,0x02,0x88,0x0a,0x83,0xf0,0x01,0x84,0xc0,0x75,0xcc,0x0f,0xb6,0x45,
0xf6,0x48,0x8b,0x55,0xf8,0x64,0x48,0x2b,0x14,0x25,0x28,0x00,0x00,0x00,0x74,0x05,
0xe8,0x00,0x00,0x00,0x00,0xc9,0xc3,0xf3,0x0f,0x1e,0xfa,0x55,0x48,0x89,0xe5,0x48,
0x83,0xec,0x20,0x48,0x89,0x7d,0xe8,0x89,0xf0,0x89,0x55,0xe0,0x88,0x45,0xe4,0x64,
0x48,0x8b,0x04,0x25,0x28,0x00,0x00,0x00,0x48,0x89,0x45,0xf8,0x31,0xc0,0x48,0x8b,
0x45,0xe8,0x0f,0xb6,0x00,0x88,0x45,0xf7,0x0f,0xb6,0x55,0xf7,0x0f,0xb6,0x45,0xe4,
0x01,0xd0,0x88,0x45,0xf6,0x0f,0xb6,0x45,0xf6,0x0f,0xb6,0xc8,0x48,0x8b,0x75,0xe8,
0x48,0x8d,0x55,0xf7,0x0f,0xb6,0x02,0xf0,0x0f,0xb0,0x0e,0x89,0xc1,0x0f,0x94,0xc0,
0x84,0xc0,0x75,0x02,0x88,0x0a,0x83,0xf0,0x01,0x84,0xc0,0x75,0xcb,0x0f,0xb6,0x45,
0xf7,0x48,0x8b,0x55,0xf8,0x64,0x48,0x2b,0x14,0x25,0x28,0x00,0x00,0x00,0x74,0x05,
0xe8,0x00,0x00,0x00,0x00,0xc9,0xc3,0xf3,0x0f,0x1e,0xfa,0x55,0x48,0x89,0xe5,0x48,
0x83,0xec,0x20,0x48,0x89,0x7d,0xe8,0x89,0xf0,0x89,0x55,0xe0,0x88,0x45,0xe4,0x64,
0x48,0x8b,0x04,0x25,0x28,0x00,0x00,0x00,0x48,0x89,0x45,0xf8,0x31,0xc0,0x48,0x8b,
0x45,0xe8,0x0f,0xb6,0x00,0x88,0x45,0xf7,0x0f,0xb6,0x45,0xf7,0x2a,0x45,0xe4,0x88,
0x45,0xf6,0x0f,0xb6,0x45,0xf6,0x0f,0xb6,0xc8,0x48,0x8b,0x75,0xe8,0x48,0x8d,0x55,
0xf7,0x0f,0xb6,0x02,0xf0,0x0f,0xb0,0x0e,0x89,0xc1,0x0f,0x94,0xc0,0x84,0xc0,0x75,
0x02,0x88,0x0a,0x83,0xf0,0x01,0x84,0xc0,0x75,0xce,0x0f,0xb6,0x45,0xf7,0x48,0x8b,
0x55,0xf8,0x64,0x48,0x2b,0x14,0x25,0x28,0x00,0x00,0x00,0x74,0x05,0xe8,0x00,0x00,
0x00,0x00,0xc9,0xc3,0xf3,0x0f,0x1e,0xfa,0x55,0x48,0x89,0xe5,0x48,0x83,0xec,0x20,
0x48,0x89,0x7d,0xe8,0x89,0xf0,0x89,0x55,0xe0,0x88,0x45,0xe4,0x64,0x48,0x8b,0x04,
0x25,0x28,0x00,0x00,0x00,0x48,0x89,0x45,0xf8,0x31,0xc0,0x48,0x8b,0x45,0xe8,0x0f,
0xb6,0x00,0x88,0x45,0xf7,0x0f,0xb6,0x45,0xf7,0x22,0x45,0xe4,0x88,0x45,0xf6,0x0f,
0xb6,0x45,0xf6,0x0f,0xb6,0xc8,0x48,0x8b,0x75,0xe8,0x48,0x8d,0x55,0xf7,0x0f,0xb6,
0x02,0xf0,0x0f,0xb0,0x0e,0x89,0xc1,0x0f,0x94,0xc0,0x84,0xc0,0x75,0x02,0x88,0x0a,
0x83,0xf0,0x01,0x84,0xc0,0x75,0xce,0x0f,0xb6,0x45,0xf7,0x48,0x8b,0x55,0xf8,0x64,
0x48,0x2b,0x14,0x25,0x28,0x00,0x00,0x00,0x74,0x05,0xe8,0x00,0x00,0x00,0x00,0xc9,
0xc3,0xf3,0x0f,0x1e,0xfa,0x55,0x48,0x89,0xe5,0x48,0x83,0xec,0x20,0x48,0x89,0x7d,
0xe8,0x89,0xf0,0x89,0x55,0xe0,0x88,0x45,0xe4,0x64,0x48,0x8b,0x04,0x25,0x28,0x00,
0x00,0x00,0x48,0x89,0x45,0xf8,0x31,0xc0,0x48,0x8b,0x45,0xe8,0x0f,0xb6,0x00,0x88,
0x45,0xf7,0x0f,0xb6,0x45,0xf7,0x0a,0x45,0xe4,0x88,0x45,0xf6,0x0f,0xb6,0x45,0xf6,
0x0f,0xb6,0xc8,0x48,0x8b,0x75,0xe8,0x48,0x8d,0x55,0xf7,0x0f,0xb6,0x02,0xf0,0x0f,
0xb0,0x0e,0x89,0xc1,0x0f,0x94,0xc0,0x84,0xc0,0x75,0x02,0x88,0x0a,0x83,0xf0,0x01,
0x84,0xc0,0x75,0xce,0x0f,0xb6,0x45,0xf7,0x48,0x8b,0x55,0xf8,0x64,0x48,0x2b,0x14,
0x25,0x28,0x00,0x00,0x00,0x74,0x05,0xe8,0x00,0x00,0x00,0x00,0xc9,0xc3,0xf3,0x0f,
0x1e,0xfa,0x55,0x48,0x89,0xe5,0x48,0x83,0xec,0x20,0x48,0x89,0x7d,0xe8,0x89,0xf0,
0x89,0x55,0xe0,0x88,0x45,0xe4,0x64,0x48,0x8b,0x04,0x25,0x28,0x00,0x00,0x00,0x48,
0x89,0x45,0xf8,0x31,0xc0,0x48,0x8b,0x45,0xe8,0x0f,0xb6,0x00,0x88,0x45,0xf7,0x0f,
0xb6,0x45,0xf7,0x32,0x45,0xe4,0x88,0x45,0xf6,0x0f,0xb6,0x45,0xf6,0x0f,0xb6,0xc8,
0x48,0x8b,0x75,0xe8,0x48,0x8d,0x55,0xf7,0x0f,0xb6,0x02,0xf0,0x0f,0xb0,0x0e,0x89,
0xc1,0x0f,0x94,0xc0,0x84,0xc0,0x75,0x02,0x88,0x0a,0x83,0xf0,0x01,0x84,0xc0,0x75,
0xce,0x0f,0xb6,0x45,0xf7,0x48,0x8b,0x55,0xf8,0x64,0x48,0x2b,0x14,0x25,0x28,0x00,
0x00,0x00,0x74,0x05,0xe8,0x00,0x00,0x00,0x00,0xc9,0xc3,0xf3,0x0f,0x1e,0xfa,0x55,
0x48,0x89,0xe5,0x48,0x83,0xec,0x20,0x48,0x89,0x7d,0xe8,0x89,0xf0,0x89,0x55,0xe0,
0x88,0x45,0xe4,0x64,0x48,0x8b,0x04,0x25,0x28,0x00,0x00,0x00,0x48,0x89,0x45,0xf8,
0x31,0xc0,0x48,0x8b,0x45,0xe8,0x0f,0xb6,0x00,0x88,0x45,0xf7,0x0f,0xb6,0x45,0xf7,
0x22,0x45,0xe4,0xf7,0xd0,0x88,0x45,0xf6,0x0f,0xb6,0x45,0xf6,0x0f,0xb6,0xc8,0x48,
0x8b,0x75,0xe8,0x48,0x8d,0x55,0xf7,0x0f,0xb6,0x02,0xf0,0x0f,0xb0,0x0e,0x89,0xc1,
0x0f,0x94,0xc0,0x84,0xc0,0x75,0x02,0x88,0x0a,0x83,0xf0,0x01,0x84,0xc0,0x75,0xcc,
0x0f,0xb6,0x45,0xf7,0x48,0x8b,0x55,0xf8,0x64,0x48,0x2b,0x14,0x25,0x28,0x00,0x00,
0x00,0x74,0x05,0xe8,0x00,0x00,0x00,0x00,0xc9,0xc3,0xf3,0x0f,0x1e,0xfa,0x55,0x48,
0x89,0xe5,0x48,0x83,0xec,0x20,0x48,0x89,0x7d,0xe8,0x89,0xf0,0x89,0x55,0xe0,0x66,
0x89,0x45,0xe4,0x64,0x48,0x8b,0x04,0x25,0x28,0x00,0x00,0x00,0x48,0x89,0x45,0xf8,
0x31,0xc0,0x48,0x8b,0x45,0xe8,0x0f,0xb7,0x00,0x66,0x89,0x45,0xf6,0x0f,0xb7,0x45,
0xe4,0x66,0x89,0x45,0xf4,0x0f,0xb7,0x45,0xf4,0x0f,0xb7,0xc8,0x48,0x8b,0x75,0xe8,
0x48,0x8d,0x55,0xf6,0x0f,0xb7,0x02,0x66,0xf0,0x0f,0xb1,0x0e,0x89,0xc1,0x0f,0x94,
0xc0,0x84,0xc0,0x75,0x03,0x66,0x89,0x0a,0x83,0xf0,0x01,0x84,0xc0,0x75,0xce,0x0f,
0xb7,0x45,0xf6,0x48,0x8b,0x55,0xf8,0x64,0x48,0x2b,0x14,0x25,0x28,0x00,0x00,0x00,
0x74,0x05,0xe8,0x00,0x00,0x00,0x00,0xc9,0xc3,0xf3,0x0f,0x1e,0xfa,0x55,0x48,0x89,
0xe5,0x48,0x83,0xec,0x20,0x48,0x89,0x7d,0xe8,0x89,0xf0,0x89,0x55,0xe0,0x66,0x89,
0x45,0xe4,0x64,0x48,0x8b,0x04,0x25,0x28,0x00,0x00,0x00,0x48,0x89,0x45,0xf8,0x31,
0xc0,0x48,0x8b,0x45,0xe8,0x0f,0xb7,0x00,0x66,0x89,0x45,0xf6,0x0f,0xb7,0x55,0xf6,
0x0f,0xb7,0x45,0xe4,0x01,0xd0,0x66,0x89,0x45,0xf4,0x0f,0xb7,0x45,0xf4,0x0f,0xb7,
0xc8,0x48,0x8b,0x75,0xe8,0x48,0x8d,0x55,0xf6,0x0f,0xb7,0x02,0x66,0xf0,0x0f,0xb1,
0x0e,0x89,0xc1,0x0f,0x94,0xc0,0x84,0xc0,0x75,0x03,0x66,0x89,0x0a,0x83,0xf0,0x01,
0x84,0xc0,0x75,0xc8,0x0f,0xb7,0x45,0xf4,0x48,0x8b,0x55,0xf8,0x64,0x48,0x2b,0x14,
0x25,0x28,0x00,0x00,0x00,0x74,0x05,0xe8,0x00,0x00,0x00,0x00,0xc9,0xc3,0xf3,0x0f,
0x1e,0xfa,0x55,0x48,0x89,0xe5,0x48,0x83,0xec,0x20,0x48,0x89,0x7d,0xe8,0x89,0xf0,
0x89,0x55,0xe0,0x66,0x89,0x45,0xe4,0x64,0x48,0x8b,0x04,0x25,0x28,0x00,0x00,0x00,
0x48,0x89,0x45,0xf8,0x31,0xc0,0x48,0x8b,0x45,0xe8,0x0f,0xb7,0x00,0x66,0x89,0x45,
0xf6,0x0f,0xb7,0x45,0xf6,0x66,0x2b,0x45,0xe4,0x66,0x89,0x45,0xf4,0x0f,0xb7,0x45,
0xf4,0x0f,0xb7,0xc8,0x48,0x8b,0x75,0xe8,0x48,0x8d,0x55,0xf6,0x0f,0xb7,0x02,0x66,
0xf0,0x0f,0xb1,0x0e,0x89,0xc1,0x0f,0x94,0xc0,0x84,0xc0,0x75,0x03,0x66,0x89,0x0a,
0x83,0xf0,0x01,0x84,0xc0,0x75,0xca,0x0f,0xb7,0x45,0xf4,0x48,0x8b,0x55,0xf8,0x64,
0x48,0x2b,0x14,0x25,0x28,0x00,0x00,0x00,0x74,0x05,0xe8,0x00,0x00,0x00,0x00,0xc9,
0xc3,0xf3,0x0f,0x1e,0xfa,0x55,0x48,0x89,0xe5,0x48,0x83,0xec,0x20,0x48,0x89,0x7d,
0xe8,0x89,0xf0,0x89,0x55,0xe0,0x66,0x89,0x45,0xe4,0x64,0x48,0x8b,0x04,0x25,0x28,
0x00,0x00,0x00,0x48,0x89,0x45,0xf8,0x31,0xc0,0x48,0x8b,0x45,0xe8,0x0f,0xb7,0x00,
0x66,0x89,0x45,0xf6,0x0f,0xb7,0x45,0xf6,0x66,0x23,0x45,0xe4,0x66,0x89,0x45,0xf4,
0x0f,0xb7,0x45,0xf4,0x0f,0xb7,0xc8,0x48,0x8b,0x75,0xe8,0x48,0x8d,0x55,0xf6,0x0f,
0xb7,0x02,0x66,0xf0,0x0f,0xb1,0x0e,0x89,0xc1,0x0f,0x94,0xc0,0x84,0xc0,0x75,0x03,
0x66,0x89,0x0a,0x83,0xf0,0x01,0x84,0xc0,0x75,0xca,0x0f,0xb7,0x45,0xf4,0x48,0x8b,
0x55,0xf8,0x64,0x48,0x2b,0x14,0x25,0x28,0x00,0x00,0x00,0x74,0x05,0xe8,0x00,0x00,
0x00,0x00,0xc9,0xc3,0xf3,0x0f,0x1e,0xfa,0x55,0x48,0x89,0xe5,0x48,0x83,0xec,0x20,
0x48,0x89,0x7d,0xe8,0x89,0xf0,0x89,0x55,0xe0,0x66,0x89,0x45,0xe4,0x64,0x48,0x8b,
0x04,0x25,0x28,0x00,0x00,0x00,0x48,0x89,0x45,0xf8,0x31,0xc0,0x48,0x8b,0x45,0xe8,
0x0f,0xb7,0x00,0x66,0x89,0x45,0xf6,0x0f,0xb7,0x45,0xf6,0x66,0x0b,0x45,0xe4,0x66,
0x89,0x45,0xf4,0x0f,0xb7,0x45,0xf4,0x0f,0xb7,0xc8,0x48,0x8b,0x75,0xe8,0x48,0x8d,
0x55,0xf6,0x0f,0xb7,0x02,0x66,0xf0,0x0f,0xb1,0x0e,0x89,0xc1,0x0f,0x94,0xc0,0x84,
0xc0,0x75,0x03,0x66,0x89,0x0a,0x83,0xf0,0x01,0x84,0xc0,0x75,0xca,0x0f,0xb7,0x45,
0xf4,0x48,0x8b,0x55,0xf8,0x64,0x48,0x2b,0x14,0x25,0x28,0x00,0x00,0x00,0x74,0x05,
0xe8,0x00,0x00,0x00,0x00,0xc9,0xc3,0xf3,0x0f,0x1e,0xfa,0x55,0x48,0x89,0xe5,0x48,
0x83,0xec,0x20,0x48,0x89,0x7d,0xe8,0x89,0xf0,0x89,0x55,0xe0,0x66,0x89,0x45,0xe4,
0x64,0x48,0x8b,0x04,0x25,0x28,0x00,0x00,0x00,0x48,0x89,0x45,0xf8,0x31,0xc0,0x48,
0x8b,0x45,0xe8,0x0f,0xb7,0x00,0x66,0x89,0x45,0xf6,0x0f,0xb7,0x45,0xf6,0x66,0x33,
0x45,0xe4,0x66,0x89,0x45,0xf4,0x0f,0xb7,0x45,0xf4,0x0f,0xb7,0xc8,0x48,0x8b,0x75,
0xe8,0x48,0x8d,0x55,0xf6,0x0f,0xb7,0x02,0x66,0xf0,0x0f,0xb1,0x0e,0x89,0xc1,0x0f,
0x94,0xc0,0x84,0xc0,0x75,0x03,0x66,0x89,0x0a,0x83,0xf0,0x01,0x84,0xc0,0x75,0xca,
0x0f,0xb7,0x45,0xf4,0x48,0x8b,0x55,0xf8,0x64,0x48,0x2b,0x14,0x25,0x28,0x00,0x00,
0x00,0x74,0x05,0xe8,0x00,0x00,0x00,0x00,0xc9,0xc3,0xf3,0x0f,0x1e,0xfa,0x55,0x48,
0x89,0xe5,0x48,0x83,0xec,0x20,0x48,0x89,0x7d,0xe8,0x89,0xf0,0x89,0x55,0xe0,0x66,
0x89,0x45,0xe4,0x64,0x48,0x8b,0x04,0x25,0x28,0x00,0x00,0x00,0x48,0x89,0x45,0xf8,
0x31,0xc0,0x48,0x8b,0x45,0xe8,0x0f,0xb7,0x00,0x66,0x89,0x45,0xf6,0x0f,0xb7,0x45,
0xf6,0x66,0x23,0x45,0xe4,0xf7,0xd0,0x66,0x89,0x45,0xf4,0x0f,0xb7,0x45,0xf4,0x0f,
0xb7,0xc8,0x48,0x8b,0x75,0xe8,0x48,0x8d,0x55,0xf6,0x0f,0xb7,0x02,0x66,0xf0,0x0f,
0xb1,0x0e,0x89,0xc1,0x0f,0x94,0xc0,0x84,0xc0,0x75,0x03,0x66,0x89,0x0a,0x83,0xf0,
0x01,0x84,0xc0,0x75,0xc8,0x0f,0xb7,0x45,0xf4,0x48,0x8b,0x55,0xf8,0x64,0x48,0x2b,
0x14,0x25,0x28,0x00,0x00,0x00,0x74,0x05,0xe8,0x00,0x00,0x00,0x00,0xc9,0xc3,0xf3,
0x0f,0x1e,0xfa,0x55,0x48,0x89,0xe5,0x48,0x83,0xec,0x20,0x48,0x89,0x7d,0xe8,0x89,
0xf0,0x89,0x55,0xe0,0x66,0x89,0x45,0xe4,0x64,0x48,0x8b,0x04,0x25,0x28,0x00,0x00,
0x00,0x48,0x89,0x45,0xf8,0x31,0xc0,0x48,0x8b,0x45,0xe8,0x0f,0xb7,0x00,0x66,0x89,
0x45,0xf6,0x0f,0xb7,0x55,0xf6,0x0f,0xb7,0x45,0xe4,0x01,0xd0,0x66,0x89,0x45,0xf4,
0x0f,0xb7,0x45,0xf4,0x0f,0xb7,0xc8,0x48,0x8b,0x75,0xe8,0x48,0x8d,0x55,0xf6,0x0f,
0xb7,0x02,0x66,0xf0,0x0f,0xb1,0x0e,0x89,0xc1,0x0f,0x94,0xc0,0x84,0xc0,0x75,0x03,
0x66,0x89,0x0a,0x83,0xf0,0x01,0x84,0xc0,0x75,0xc8,0x0f,0xb7,0x45,0xf6,0x48,0x8b,
0x55,0xf8,0x64,0x48,0x2b,0x14,0x25,0x28,0x00,0x00,0x00,0x74,0x05,0xe8,0x00,0x00,
0x00,0x00,0xc9,0xc3,0xf3,0x0f,0x1e,0xfa,0x55,0x48,0x89,0xe5,0x48,0x83,0xec,0x20,
0x48,0x89,0x7d,0xe8,0x89,0xf0,0x89,0x55,0xe0,0x66,0x89,0x45,0xe4,0x64,0x48,0x8b,
0x04,0x25,0x28,0x00,0x00,0x00,0x48,0x89,0x45,0xf8,0x31,0xc0,0x48,0x8b,0x45,0xe8,
0x0f,0xb7,0x00,0x66,0x89,0x45,0xf6,0x0f,0xb7,0x45,0xf6,0x66,0x2b,0x45,0xe4,0x66,
0x89,0x45,0xf4,0x0f,0xb7,0x45,0xf4,0x0f,0xb7,0xc8,0x48,0x8b,0x75,0xe8,0x48,0x8d,
0x55,0xf6,0x0f,0xb7,0x02,0x66,0xf0,0x0f,0xb1,0x0e,0x89,0xc1,0x0f,0x94,0xc0,0x84,
0xc0,0x75,0x03,0x66,0x89,0x0a,0x83,0xf0,0x01,0x84,0xc0,0x75,0xca,0x0f,0xb7,0x45,
0xf6,0x48,0x8b,0x55,0xf8,0x64,0x48,0x2b,0x14,0x25,0x28,0x00,0x00,0x00,0x74,0x05,
0xe8,0x00,0x00,0x00,0x00,0xc9,0xc3,0xf3,0x0f,0x1e,0xfa,0x55,0x48,0x89,0xe5,0x48,
0x83,0xec,0x20,0x48,0x89,0x7d,0xe8,0x89,0xf0,0x89,0x55,0xe0,0x66,0x89,0x45,0xe4,
0x64,0x48,0x8b,0x04,0x25,0x28,0x00,0x00,0x00,0x48,0x89,0x45,0xf8,0x31,0xc0,0x48,
0x8b,0x45,0xe8,0x0f,0xb7,0x00,0x66,0x89,0x45,0xf6,0x0f,0xb7,0x45,0xf6,0x66,0x23,
0x45,0xe4,0x66,0x89,0x45,0xf4,0x0f,0xb7,0x45,0xf4,0x0f,0xb7,0xc8,0x48,0x8b,0x75,
0xe8,0x48,0x8d,0x55,0xf6,0x0f,0xb7,0x02,0x66,0xf0,0x0f,0xb1,0x0e,0x89,0xc1,0x0f,
0x94,0xc0,0x84,0xc0,0x75,0x03,0x66,0x89,0x0a,0x83,0xf0,0x01,0x84,0xc0,0x75,0xca,
0x0f,0xb7,0x45,0xf6,0x48,0x8b,0x55,0xf8,0x64,0x48,0x2b,0x14,0x25,0x28,0x00,0x00,
0x00,0x74,0x05,0xe8,0x00,0x00,0x00,0x00,0xc9,0xc3,0xf3,0x0f,0x1e,0xfa,0x55,0x48,
0x89,0xe5,0x48,0x83,0xec,0x20,0x48,0x89,0x7d,0xe8,0x89,0xf0,0x89,0x55,0xe0,0x66,
0x89,0x45,0xe4,0x64,0x48,0x8b,0x04,0x25,0x28,0x00,0x00,0x00,0x48,0x89,0x45,0xf8,
0x31,0xc0,0x48,0x8b,0x45,0xe8,0x0f,0xb7,0x00,0x66,0x89,0x45,0xf6,0x0f,0xb7,0x45,
0xf6,0x66,0x0b,0x45,0xe4,0x66,0x89,0x45,0xf4,0x0f,0xb7,0x45,0xf4,0x0f,0xb7,0xc8,
0x48,0x8b,0x75,0xe8,0x48,0x8d,0x55,0xf6,0x0f,0xb7,0x02,0x66,0xf0,0x0f,0xb1,0x0e,
0x89,0xc1,0x0f,0x94,0xc0,0x84,0xc0,0x75,0x03,0x66,0x89,0x0a,0x83,0xf0,0x01,0x84,
0xc0,0x75,0xca,0x0f,0xb7,0x45,0xf6,0x48,0x8b,0x55,0xf8,0x64,0x48,0x2b,0x14,0x25,
0x28,0x00,0x00,0x00,0x74,0x05,0xe8,0x00,0x00,0x00,0x00,0xc9,0xc3,0xf3,0x0f,0x1e,
0xfa,0x55,0x48,0x89,0xe5,0x48,0x83,0xec,0x20,0x48,0x89,0x7d,0xe8,0x89,0xf0,0x89,
0x55,0xe0,0x66,0x89,0x45,0xe4,0x64,0x48,0x8b,0x04,0x25,0x28,0x00,0x00,0x00,0x48,
0x89,0x45,0xf8,0x31,0xc0,0x48,0x8b,0x45,0xe8,0x0f,0xb7,0x00,0x66,0x89,0x45,0xf6,
0x0f,0xb7,0x45,0xf6,0x66,0x33,0x45,0xe4,0x66,0x89,0x45,0xf4,0x0f,0xb7,0x45,0xf4,
0x0f,0xb7,0xc8,0x48,0x8b,0x75,0xe8,0x48,0x8d,0x55,0xf6,0x0f,0xb7,0x02,0x66,0xf0,
0x0f,0xb1,0x0e,0x89,0xc1,0x0f,0x94,0xc0,0x84,0xc0,0x75,0x03,0x66,0x89,0x0a,0x83,
0xf0,0x01,0x84,0xc0,0x75,0xca,0x0f,0xb7,0x45,0xf6,0x48,0x8b,0x55,0xf8,0x64,0x48,
0x2b,0x14,0x25,0x28,0x00,0x00,0x00,0x74,0x05,0xe8,0x00,0x00,0x00,0x00,0xc9,0xc3,
0xf3,0x0f,0x1e,0xfa,0x55,0x48,0x89,0xe5,0x48,0x83,0xec,0x20,0x48,0x89,0x7d,0xe8,
0x89,0xf0,0x89,0x55,0xe0,0x66,0x89,0x45,0xe4,0x64,0x48,0x8b,0x04,0x25,0x28,0x00,
0x00,0x00,0x48,0x89,0x45,0xf8,0x31,0xc0,0x48,0x8b,0x45,0xe8,0x0f,0xb7,0x00,0x66,
0x89,0x45,0xf6,0x0f,0xb7,0x45,0xf6,0x66,0x23,0x45,0xe4,0xf7,0xd0,0x66,0x89,0x45,
0xf4,0x0f,0xb7,0x45,0xf4,0x0f,0xb7,0xc8,0x48,0x8b,0x75,0xe8,0x48,0x8d,0x55,0xf6,
0x0f,0xb7,0x02,0x66,0xf0,0x0f,0xb1,0x0e,0x89,0xc1,0x0f,0x94,0xc0,0x84,0xc0,0x75,
0x03,0x66,0x89,0x0a,0x83,0xf0,0x01,0x84,0xc0,0x75,0xc8,0x0f,0xb7,0x45,0xf6,0x48,
0x8b,0x55,0xf8,0x64,0x48,0x2b,0x14,0x25,0x28,0x00,0x00,0x00,0x74,0x05,0xe8,0x00,
0x00,0x00,0x00,0xc9,0xc3,0xf3,0x0f,0x1e,0xfa,0x55,0x48,0x89,0xe5,0x48,0x83,0xec,
0x20,0x48,0x89,0x7d,0xe8,0x89,0x75,0xe4,0x89,0x55,0xe0,0x64,0x48,0x8b,0x04,0x25,
0x28,0x00,0x00,0x00,0x48,0x89,0x45,0xf8,0x31,0xc0,0x48,0x8b,0x45,0xe8,0x8b,0x00,
0x89,0x45,0xf4,0x8b,0x45,0xe4,0x89,0x45,0xf0,0x8b,0x4d,0xf0,0x48,0x8b,0x75,0xe8,
0x48,0x8d,0x55,0xf4,0x8b,0x02,0xf0,0x0f,0xb1,0x0e,0x89,0xc1,0x0f,0x94,0xc0,0x84,
0xc0,0x75,0x02,0x89,0x0a,0x83,0xf0,0x01,0x84,0xc0,0x75,0xd7,0x8b,0x45,0xf4,0x48,
0x8b,0x55,0xf8,0x64,0x48,0x2b,0x14,0x25,0x28,0x00,0x00,0x00,0x74,0x05,0xe8,0x00,
0x00,0x00,0x00,0xc9,0xc3,0xf3,0x0f,0x1e,0xfa,0x55,0x48,0x89,0xe5,0x48,0x83,0xec,
0x20,0x48,0x89,0x7d,0xe8,0x89,0x75,0xe4,0x89,0x55,0xe0,0x64,0x48,0x8b,0x04,0x25,
0x28,0x00,0x00,0x00,0x48,0x89,0x45,0xf8,0x31,0xc0,0x48,0x8b,0x45,0xe8,0x8b,0x00,
0x89,0x45,0xf4,0x8b,0x55,0xf4,0x8b,0x45,0xe4,0x01,0xd0,0x89,0x45,0xf0,0x8b,0x4d,
0xf0,0x48,0x8b,0x75,0xe8,0x48,0x8d,0x55,0xf4,0x8b,0x02,0xf0,0x0f,0xb1,0x0e,0x89,
0xc1,0x0f,0x94,0xc0,0x84,0xc0,0x75,0x02,0x89,0x0a,0x83,0xf0,0x01,0x84,0xc0,0x75,
0xd2,0x8b,0x45,0xf0,0x48,0x8b,0x55,0xf8,0x64,0x48,0x2b,0x14,0x25,0x28,0x00,0x00,
0x00,0x74,0x05,0xe8,0x00,0x00,0x00,0x00,0xc9,0xc3,0xf3,0x0f,0x1e,0xfa,0x55,0x48,
0x89,0xe5,0x48,0x83,0xec,0x20,0x48,0x89,0x7d,0xe8,0x89,0x75,0xe4,0x89,0x55,0xe0,
0x64,0x48,0x8b,0x04,0x25,0x28,0x00,0x00,0x00,0x48,0x89,0x45,0xf8,0x31,0xc0,0x48,
0x8b,0x45,0xe8,0x8b,0x00,0x89,0x45,0xf4,0x8b,0x45,0xf4,0x2b,0x45,0xe4,0x89,0x45,
0xf0,0x8b,0x4d,0xf0,0x48,0x8b,0x75,0xe8,0x48,0x8d,0x55,0xf4,0x8b,0x02,0xf0,0x0f,
0xb1,0x0e,0x89,0xc1,0x0f,0x94,0xc0,0x84,0xc0,0x75,0x02,0x89,0x0a,0x83,0xf0,0x01,
0x84,0xc0,0x75,0xd4,0x8b,0x45,0xf0,0x48,0x8b,0x55,0xf8,0x64,0x48,0x2b,0x14,0x25,
0x28,0x00,0x00,0x00,0x74,0x05,0xe8,0x00,0x00,0x00,0x00,0xc9,0xc3,0xf3,0x0f,0x1e,
0xfa,0x55,0x48,0x89,0xe5,0x48,0x83,0xec,0x20,0x48,0x89,0x7d,0xe8,0x89,0x75,0xe4,
0x89,0x55,0xe0,0x64,0x48,0x8b,0x04,0x25,0x28,0x00,0x00,0x00,0x48,0x89,0x45,0xf8,
0x31,0xc0,0x48,0x8b,0x45,0xe8,0x8b,0x00,0x89,0x45,0xf4,0x8b,0x45,0xf4,0x23,0x45,
0xe4,0x89,0x45,0xf0,0x8b,0x4d,0xf0,0x48,0x8b,0x75,0xe8,0x48,0x8d,0x55,0xf4,0x8b,
0x02,0xf0,0x0f,0xb1,0x0e,0x89,0xc1,0x0f,0x94,0xc0,0x84,0xc0,0x75,0x02,0x89,0x0a,
0x83,0xf0,0x01,0x84,0xc0,0x75,0xd4,0x8b,0x45,0xf0,0x48,0x8b,0x55,0xf8,0x64,0x48,
0x2b,0x14,0x25,0x28,0x00,0x00,0x00,0x74,0x05,0xe8,0x00,0x00,0x00,0x00,0xc9,0xc3,
0xf3,0x0f,0x1e,0xfa,0x55,0x48,0x89,0xe5,0x48,0x83,0xec,0x20,0x48,0x89,0x7d,0xe8,
0x89,0x75,0xe4,0x89,0x55,0xe0,0x64,0x48,0x8b,0x04,0x25,0x28,0x00,0x00,0x00,0x48,
0x89,0x45,0xf8,0x31,0xc0,0x48,0x8b,0x45,0xe8,0x8b,0x00,0x89,0x45,0xf4,0x8b,0x45,
0xf4,0x0b,0x45,0xe4,0x89,0x45,0xf0,0x8b,0x4d,0xf0,0x48,0x8b,0x75,0xe8,0x48,0x8d,
0x55,0xf4,0x8b,0x02,0xf0,0x0f,0xb1,0x0e,0x89,0xc1,0x0f,0x94,0xc0,0x84,0xc0,0x75,
0x02,0x89,0x0a,0x83,0xf0,0x01,0x84,0xc0,0x75,0xd4,0x8b,0x45,0xf0,0x48,0x8b,0x55,
0xf8,0x64,0x48,0x2b,0x14,0x25,0x28,0x00,0x00,0x00,0x74,0x05,0xe8,0x00,0x00,0x00,
0x00,0xc9,0xc3,0xf3,0x0f,0x1e,0xfa,0x55,0x48,0x89,0xe5,0x48,0x83,0xec,0x20,0x48,
0x89,0x7d,0xe8,0x89,0x75,0xe4,0x89,0x55,0xe0,0x64,0x48,0x8b,0x04,0x25,0x28,0x00,
0x00,0x00,0x48,0x89,0x45,0xf8,0x31,0xc0,0x48,0x8b,0x45,0xe8,0x8b,0x00,0x89,0x45,
0xf4,0x8b,0x45,0xf4,0x33,0x45,0xe4,0x89,0x45,0xf0,0x8b,0x4d,0xf0,0x48,0x8b,0x75,
0xe8,0x48,0x8d,0x55,0xf4,0x8b,0x02,0xf0,0x0f,0xb1,0x0e,0x89,0xc1,0x0f,0x94,0xc0,
0x84,0xc0,0x75,0x02,0x89,0x0a,0x83,0xf0,0x01,0x84,0xc0,0x75,0xd4,0x8b,0x45,0xf0,
0x48,0x8b,0x55,0xf8,0x64,0x48,0x2b,0x14,0x25,0x28,0x00,0x00,0x00,0x74,0x05,0xe8,
0x00,0x00,0x00,0x00,0xc9,0xc3,0xf3,0x0f,0x1e,0xfa,0x55,0x48,0x89,0xe5,0x48,0x83,
0xec,0x20,0x48,0x89,0x7d,0xe8,0x89,0x75,0xe4,0x89,0x55,0xe0,0x64,0x48,0x8b,0x04,
0x25,0x28,0x00,0x00,0x00,0x48,0x89,0x45,0xf8,0x31,0xc0,0x48,0x8b,0x45,0xe8,0x8b,
0x00,0x89,0x45,0xf4,0x8b,0x45,0xf4,0x23,0x45,0xe4,0xf7,0xd0,0x89,0x45,0xf0,0x8b,
0x4d,0xf0,0x48,0x8b,0x75,0xe8,0x48,0x8d,0x55,0xf4,0x8b,0x02,0xf0,0x0f,0xb1,0x0e,
0x89,0xc1,0x0f,0x94,0xc0,0x84,0xc0,0x75,0x02,0x89,0x0a,0x83,0xf0,0x01,0x84,0xc0,
0x75,0xd2,0x8b,0x45,0xf0,0x48,0x8b,0x55,0xf8,0x64,0x48,0x2b,0x14,0x25,0x28,0x00,
0x00,0x00,0x74,0x05,0xe8,0x00,0x00,0x00,0x00,0xc9,0xc3,0xf3,0x0f,0x1e,0xfa,0x55,
0x48,0x89,0xe5,0x48,0x83,0xec,0x20,0x48,0x89,0x7d,0xe8,0x89,0x75,0xe4,0x89,0x55,
0xe0,0x64,0x48,0x8b,0x04,0x25,0x28,0x00,0x00,0x00,0x48,0x89,0x45,0xf8,0x31,0xc0,
0x48,0x8b,0x45,0xe8,0x8b,0x00,0x89,0x45,0xf4,0x8b,0x55,0xf4,0x8b,0x45,0xe4,0x01,
0xd0,0x89,0x45,0xf0,0x8b,0x4d,0xf0,0x48,0x8b,0x75,0xe8,0x48,0x8d,0x55,0xf4,0x8b,
0x02,0xf0,0x0f,0xb1,0x0e,0x89,0xc1,0x0f,0x94,0xc0,0x84,0xc0,0x75,0x02,0x89,0x0a,
0x83,0xf0,0x01,0x84,0xc0,0x75,0xd2,0x8b,0x45,0xf4,0x48,0x8b,0x55,0xf8,0x64,0x48,
0x2b,0x14,0x25,0x28,0x00,0x00,0x00,0x74,0x05,0xe8,0x00,0x00,0x00,0x00,0xc9,0xc3,
0xf3,0x0f,0x1e,0xfa,0x55,0x48,0x89,0xe5,0x48,0x83,0xec,0x20,0x48,0x89,0x7d,0xe8,
0x89,0x75,0xe4,0x89,0x55,0xe0,0x64,0x48,0x8b,0x04,0x25,0x28,0x00,0x00,0x00,0x48,
0x89,0x45,0xf8,0x31,0xc0,0x48,0x8b,0x45,0xe8,0x8b,0x00,0x89,0x45,0xf4,0x8b,0x45,
0xf4,0x2b,0x45,0xe4,0x89,0x45,0xf0,0x8b,0x4d,0xf0,0x48,0x8b,0x75,0xe8,0x48,0x8d,
0x55,0xf4,0x8b,0x02,0xf0,0x0f,0xb1,0x0e,0x89,0xc1,0x0f,0x94,0xc0,0x84,0xc0,0x75,
0x02,0x89,0x0a,0x83,0xf0,0x01,0x84,0xc0,0x75,0xd4,0x8b,0x45,0xf4,0x48,0x8b,0x55,
0xf8,0x64,0x48,0x2b,0x14,0x25,0x28,0x00,0x00,0x00,0x74,0x05,0xe8,0x00,0x00,0x00,
0x00,0xc9,0xc3,0xf3,0x0f,0x1e,0xfa,0x55,0x48,0x89,0xe5,0x48,0x83,0xec,0x20,0x48,
0x89,0x7d,0xe8,0x89,0x75,0xe4,0x89,0x55,0xe0,0x64,0x48,0x8b,0x04,0x25,0x28,0x00,
0x00,0x00,0x48,0x89,0x45,0xf8,0x31,0xc0,0x48,0x8b,0x45,0xe8,0x8b,0x00,0x89,0x45,
0xf4,0x8b,0x45,0xf4,0x23,0x45,0xe4,0x89,0x45,0xf0,0x8b,0x4d,0xf0,0x48,0x8b,0x75,
0xe8,0x48,0x8d,0x55,0xf4,0x8b,0x02,0xf0,0x0f,0xb1,0x0e,0x89,0xc1,0x0f,0x94,0xc0,
0x84,0xc0,0x75,0x02,0x89,0x0a,0x83,0xf0,0x01,0x84,0xc0,0x75,0xd4,0x8b,0x45,0xf4,
0x48,0x8b,0x55,0xf8,0x64,0x48,0x2b,0x14,0x25,0x28,0x00,0x00,0x00,0x74,0x05,0xe8,
0x00,0x00,0x00,0x00,0xc9,0xc3,0xf3,0x0f,0x1e,0xfa,0x55,0x48,0x89,0xe5,0x48,0x83,
0xec,0x20,0x48,0x89,0x7d,0xe8,0x89,0x75,0xe4,0x89,0x55,0xe0,0x64,0x48,0x8b,0x04,
0x25,0x28,0x00,0x00,0x00,0x48,0x89,0x45,0xf8,0x31,0xc0,0x48,0x8b,0x45,0xe8,0x8b,
0x00,0x89,0x45,0xf4,0x8b,0x45,0xf4,0x0b,0x45,0xe4,0x89,0x45,0xf0,0x8b,0x4d,0xf0,
0x48,0x8b,0x75,0xe8,0x48,0x8d,0x55,0xf4,0x8b,0x02,0xf0,0x0f,0xb1,0x0e,0x89,0xc1,
0x0f,0x94,0xc0,0x84,0xc0,0x75,0x02,0x89,0x0a,0x83,0xf0,0x01,0x84,0xc0,0x75,0xd4,
0x8b,0x45,0xf4,0x48,0x8b,0x55,0xf8,0x64,0x48,0x2b,0x14,0x25,0x28,0x00,0x00,0x00,
0x74,0x05,0xe8,0x00,0x00,0x00,0x00,0xc9,0xc3,0xf3,0x0f,0x1e,0xfa,0x55,0x48,0x89,
0xe5,0x48,0x83,0xec,0x20,0x48,0x89,0x7d,0xe8,0x89,0x75,0xe4,0x89,0x55,0xe0,0x64,
0x48,0x8b,0x04,0x25,0x28,0x00,0x00,0x00,0x48,0x89,0x45,0xf8,0x31,0xc0,0x48,0x8b,
0x45,0xe8,0x8b,0x00,0x89,0x45,0xf4,0x8b,0x45,0xf4,0x33,0x45,0xe4,0x89,0x45,0xf0,
0x8b,0x4d,0xf0,0x48,0x8b,0x75,0xe8,0x48,0x8d,0x55,0xf4,0x8b,0x02,0xf0,0x0f,0xb1,
0x0e,0x89,0xc1,0x0f,0x94,0xc0,0x84,0xc0,0x75,0x02,0x89,0x0a,0x83,0xf0,0x01,0x84,
0xc0,0x75,0xd4,0x8b,0x45,0xf4,0x48,0x8b,0x55,0xf8,0x64,0x48,0x2b,0x14,0x25,0x28,
0x00,0x00,0x00,0x74,0x05,0xe8,0x00,0x00,0x00,0x00,0xc9,0xc3,0xf3,0x0f,0x1e,0xfa,
0x55,0x48,0x89,0xe5,0x48,0x83,0xec,0x20,0x48,0x89,0x7d,0xe8,0x89,0x75,0xe4,0x89,
0x55,0xe0,0x64,0x48,0x8b,0x04,0x25,0x28,0x00,0x00,0x00,0x48,0x89,0x45,0xf8,0x31,
0xc0,0x48,0x8b,0x45,0xe8,0x8b,0x00,0x89,0x45,0xf4,0x8b,0x45,0xf4,0x23,0x45,0xe4,
0xf7,0xd0,0x89,0x45,0xf0,0x8b,0x4d,0xf0,0x48,0x8b,0x75,0xe8,0x48,0x8d,0x55,0xf4,
0x8b,0x02,0xf0,0x0f,0xb1,0x0e,0x89,0xc1,0x0f,0x94,0xc0,0x84,0xc0,0x75,0x02,0x89,
0x0a,0x83,0xf0,0x01,0x84,0xc0,0x75,0xd2,0x8b,0x45,0xf4,0x48,0x8b,0x55,0xf8,0x64,
0x48,0x2b,0x14,0x25,0x28,0x00,0x00,0x00,0x74,0x05,0xe8,0x00,0x00,0x00,0x00,0xc9,
0xc3,0xf3,0x0f,0x1e,0xfa,0x55,0x48,0x89,0xe5,0x48,0x83,0xec,0x40,0x48,0x89,0x7d,
0xd8,0x48,0x89,0x75,0xd0,0x89,0x55,0xcc,0x64,0x48,0x8b,0x04,0x25,0x28,0x00,0x00,
0x00,0x48,0x89,0x45,0xf8,0x31,0xc0,0x48,0x8b,0x45,0xd8,0x48,0x8b,0x00,0x48,0x89,
0x45,0xf0,0x48,0x8b,0x45,0xd0,0x48,0x89,0x45,0xe8,0x48,0x8b,0x4d,0xe8,0x48,0x8b,
0x75,0xd8,0x48,0x8d,0x55,0xf0,0x48,0x8b,0x02,0xf0,0x48,0x0f,0xb1,0x0e,0x48,0x89,
0xc1,0x0f,0x94,0xc0,0x84,0xc0,0x75,0x03,0x48,0x89,0x0a,0x83,0xf0,0x01,0x84,0xc0,
0x75,0xd0,0x48,0x8b,0x45,0xf0,0x48,0x8b,0x55,0xf8,0x64,0x48,0x2b,0x14,0x25,0x28,
0x00,0x00,0x00,0x74,0x05,0xe8,0x00,0x00,0x00,0x00,0xc9,0xc3,0xf3,0x0f,0x1e,0xfa,
0x55,0x48,0x89,0xe5,0x48,0x83,0xec,0x40,0x48,0x89,0x7d,0xd8,0x48,0x89,0x75,0xd0,
0x89,0x55,0xcc,0x64,0x48,0x8b,0x04,0x25,0x28,0x00,0x00,0x00,0x48,0x89,0x45,0xf8,
0x31,0xc0,0x48,0x8b,0x45,0xd8,0x48,0x8b,0x00,0x48,0x89,0x45,0xf0,0x48,0x8b,0x55,
0xf0,0x48,0x8b,0x45,0xd0,0x48,0x01,0xd0,0x48,0x89,0x45,0xe8,0x48,0x8b,0x4d,0xe8,
0x48,0x8b,0x75,0xd8,0x48,0x8d,0x55,0xf0,0x48,0x8b,0x02,0xf0,0x48,0x0f,0xb1,0x0e,
0x48,0x89,0xc1,0x0f,0x94,0xc0,0x84,0xc0,0x75,0x03,0x48,0x89,0x0a,0x83,0xf0,0x01,
0x84,0xc0,0x75,0xc9,0x48,0x8b,0x45,0xe8,0x48,0x8b,0x55,0xf8,0x64,0x48,0x2b,0x14,
0x25,0x28,0x00,0x00,0x00,0x74,0x05,0xe8,0x00,0x00,0x00,0x00,0xc9,0xc3,0xf3,0x0f,
0x1e,0xfa,0x55,0x48,0x89,0xe5,0x48,0x83,0xec,0x40,0x48,0x89,0x7d,0xd8,0x48,0x89,
0x75,0xd0,0x89,0x55,0xcc,0x64,0x48,0x8b,0x04,0x25,0x28,0x00,0x00,0x00,0x48,0x89,
0x45,0xf8,0x31,0xc0,0x48,0x8b,0x45,0xd8,0x48,0x8b,0x00,0x48,0x89,0x45,0xf0,0x48,
0x8b,0x45,0xf0,0x48,0x2b,0x45,0xd0,0x48,0x89,0x45,0xe8,0x48,0x8b,0x4d,0xe8,0x48,
0x8b,0x75,0xd8,0x48,0x8d,0x55,0xf0,0x48,0x8b,0x02,0xf0,0x48,0x0f,0xb1,0x0e,0x48,
0x89,0xc1,0x0f,0x94,0xc0,0x84,0xc0,0x75,0x03,0x48,0x89,0x0a,0x83,0xf0,0x01,0x84,
0xc0,0x75,0xcc,0x48,0x8b,0x45,0xe8,0x48,0x8b,0x55,0xf8,0x64,0x48,0x2b,0x14,0x25,
0x28,0x00,0x00,0x00,0x74,0x05,0xe8,0x00,0x00,0x00,0x00,0xc9,0xc3,0xf3,0x0f,0x1e,
0xfa,0x55,0x48,0x89,0xe5,0x48,0x83,0xec,0x40,0x48,0x89,0x7d,0xd8,0x48,0x89,0x75,
0xd0,0x89,0x55,0xcc,0x64,0x48,0x8b,0x04,0x25,0x28,0x00,0x00,0x00,0x48,0x89,0x45,
0xf8,0x31,0xc0,0x48,0x8b,0x45,0xd8,0x48,0x8b,0x00,0x48,0x89,0x45,0xf0,0x48,0x8b,
0x45,0xf0,0x48,0x23,0x45,0xd0,0x48,0x89,0x45,0xe8,0x48,0x8b,0x4d,0xe8,0x48,0x8b,
0x75,0xd8,0x48,0x8d,0x55,0xf0,0x48,0x8b,0x02,0xf0,0x48,0x0f,0xb1,0x0e,0x48,0x89,
0xc1,0x0f,0x94,0xc0,0x84,0xc0,0x75,0x03,0x48,0x89,0x0a,0x83,0xf0,0x01,0x84,0xc0,
0x75,0xcc,0x48,0x8b,0x45,0xe8,0x48,0x8b,0x55,0xf8,0x64,0x48,0x2b,0x14,0x25,0x28,
0x00,0x00,0x00,0x74,0x05,0xe8,0x00,0x00,0x00,0x00,0xc9,0xc3,0xf3,0x0f,0x1e,0xfa,
0x55,0x48,0x89,0xe5,0x48,0x83,0xec,0x40,0x48,0x89,0x7d,0xd8,0x48,0x89,0x75,0xd0,
0x89,0x55,0xcc,0x64,0x48,0x8b,0x04,0x25,0x28,0x00,0x00,0x00,0x48,0x89,0x45,0xf8,
0x31,0xc0,0x48,0x8b,0x45,0xd8,0x48,0x8b,0x00,0x48,0x89,0x45,0xf0,0x48,0x8b,0x45,
0xf0,0x48,0x0b,0x45,0xd0,0x48,0x89,0x45,0xe8,0x48,0x8b,0x4d,0xe8,0x48,0x8b,0x75,
0xd8,0x48,0x8d,0x55,0xf0,0x48,0x8b,0x02,0xf0,0x48,0x0f,0xb1,0x0e,0x48,0x89,0xc1,
0x0f,0x94,0xc0,0x84,0xc0,0x75,0x03,0x48,0x89,0x0a,0x83,0xf0,0x01,0x84,0xc0,0x75,
0xcc,0x48,0x8b,0x45,0xe8,0x48,0x8b,0x55,0xf8,0x64,0x48,0x2b,0x14,0x25,0x28,0x00,
0x00,0x00,0x74,0x05,0xe8,0x00,0x00,0x00,0x00,0xc9,0xc3,0xf3,0x0f,0x1e,0xfa,0x55,
0x48,0x89,0xe5,0x48,0x83,0xec,0x40,0x48,0x89,0x7d,0xd8,0x48,0x89,0x75,0xd0,0x89,
0x55,0xcc,0x64,0x48,0x8b,0x04,0x25,0x28,0x00,0x00,0x00,0x48,0x89,0x45,0xf8,0x31,
0xc0,0x48,0x8b,0x45,0xd8,0x48,0x8b,0x00,0x48,0x89,0x45,0xf0,0x48,0x8b,0x45,0xf0,
0x48,0x33,0x45,0xd0,0x48,0x89,0x45,0xe8,0x48,0x8b,0x4d,0xe8,0x48,0x8b,0x75,0xd8,
0x48,0x8d,0x55,0xf0,0x48,0x8b,0x02,0xf0,0x48,0x0f,0xb1,0x0e,0x48,0x89,0xc1,0x0f,
0x94,0xc0,0x84,0xc0,0x75,0x03,0x48,0x89,0x0a,0x83,0xf0,0x01,0x84,0xc0,0x75,0xcc,
0x48,0x8b,0x45,0xe8,0x48,0x8b,0x55,0xf8,0x64,0x48,0x2b,0x14,0x25,0x28,0x00,0x00,
0x00,0x74,0x05,0xe8,0x00,0x00,0x00,0x00,0xc9,0xc3,0xf3,0x0f,0x1e,0xfa,0x55,0x48,
0x89,0xe5,0x48,0x83,0xec,0x40,0x48,0x89,0x7d,0xd8,0x48,0x89,0x75,0xd0,0x89,0x55,
0xcc,0x64,0x48,0x8b,0x04,0x25,0x28,0x00,0x00,0x00,0x48,0x89,0x45,0xf8,0x31,0xc0,
0x48,0x8b,0x45,0xd8,0x48,0x8b,0x00,0x48,0x89,0x45,0xf0,0x48,0x8b,0x45,0xf0,0x48,
0x23,0x45,0xd0,0x48,0xf7,0xd0,0x48,0x89,0x45,0xe8,0x48,0x8b,0x4d,0xe8,0x48,0x8b,
0x75,0xd8,0x48,0x8d,0x55,0xf0,0x48,0x8b,0x02,0xf0,0x48,0x0f,0xb1,0x0e,0x48,0x89,
0xc1,0x0f,0x94,0xc0,0x84,0xc0,0x75,0x03,0x48,0x89,0x0a,0x83,0xf0,0x01,0x84,0xc0,
0x75,0xc9,0x48,0x8b,0x45,0xe8,0x48,0x8b,0x55,0xf8,0x64,0x48,0x2b,0x14,0x25,0x28,
0x00,0x00,0x00,0x74,0x05,0xe8,0x00,0x00,0x00,0x00,0xc9,0xc3,0xf3,0x0f,0x1e,0xfa,
0x55,0x48,0x89,0xe5,0x48,0x83,0xec,0x40,0x48,0x89,0x7d,0xd8,0x48,0x89,0x75,0xd0,
0x89,0x55,0xcc,0x64,0x48,0x8b,0x04,0x25,0x28,0x00,0x00,0x00,0x48,0x89,0x45,0xf8,
0x31,0xc0,0x48,0x8b,0x45,0xd8,0x48,0x8b,0x00,0x48,0x89,0x45,0xf0,0x48,0x8b,0x55,
0xf0,0x48,0x8b,0x45,0xd0,0x48,0x01,0xd0,0x48,0x89,0x45,0xe8,0x48,0x8b,0x4d,0xe8,
0x48,0x8b,0x75,0xd8,0x48,0x8d,0x55,0xf0,0x48,0x8b,0x02,0xf0,0x48,0x0f,0xb1,0x0e,
0x48,0x89,0xc1,0x0f,0x94,0xc0,0x84,0xc0,0x75,0x03,0x48,0x89,0x0a,0x83,0xf0,0x01,
0x84,0xc0,0x75,0xc9,0x48,0x8b,0x45,0xf0,0x48,0x8b,0x55,0xf8,0x64,0x48,0x2b,0x14,
0x25,0x28,0x00,0x00,0x00,0x74,0x05,0xe8,0x00,0x00,0x00,0x00,0xc9,0xc3,0xf3,0x0f,
0x1e,0xfa,0x55,0x48,0x89,0xe5,0x48,0x83,0xec,0x40,0x48,0x89,0x7d,0xd8,0x48,0x89,
0x75,0xd0,0x89,0x55,0xcc,0x64,0x48,0x8b,0x04,0x25,0x28,0x00,0x00,0x00,0x48,0x89,
0x45,0xf8,0x31,0xc0,0x48,0x8b,0x45,0xd8,0x48,0x8b,0x00,0x48,0x89,0x45,0xf0,0x48,
0x8b,0x45,0xf0,0x48,0x2b,0x45,0xd0,0x48,0x89,0x45,0xe8,0x48,0x8b,0x4d,0xe8,0x48,
0x8b,0x75,0xd8,0x48,0x8d,0x55,0xf0,0x48,0x8b,0x02,0xf0,0x48,0x0f,0xb1,0x0e,0x48,
0x89,0xc1,0x0f,0x94,0xc0,0x84,0xc0,0x75,0x03,0x48,0x89,0x0a,0x83,0xf0,0x01,0x84,
0xc0,0x75,0xcc,0x48,0x8b,0x45,0xf0,0x48,0x8b,0x55,0xf8,0x64,0x48,0x2b,0x14,0x25,
0x28,0x00,0x00,0x00,0x74,0x05,0xe8,0x00,0x00,0x00,0x00,0xc9,0xc3,0xf3,0x0f,0x1e,
0xfa,0x55,0x48,0x89,0xe5,0x48,0x83,0xec,0x40,0x48,0x89,0x7d,0xd8,0x48,0x89,0x75,
0xd0,0x89,0x55,0xcc,0x64,0x48,0x8b,0x04,0x25,0x28,0x00,0x00,0x00,0x48,0x89,0x45,
0xf8,0x31,0xc0,0x48,0x8b,0x45,0xd8,0x48,0x8b,0x00,0x48,0x89,0x45,0xf0,0x48,0x8b,
0x45,0xf0,0x48,0x23,0x45,0xd0,0x48,0x89,0x45,0xe8,0x48,0x8b,0x4d,0xe8,0x48,0x8b,
0x75,0xd8,0x48,0x8d,0x55,0xf0,0x48,0x8b,0x02,0xf0,0x48,0x0f,0xb1,0x0e,0x48,0x89,
0xc1,0x0f,0x94,0xc0,0x84,0xc0,0x75,0x03,0x48,0x89,0x0a,0x83,0xf0,0x01,0x84,0xc0,
0x75,0xcc,0x48,0x8b,0x45,0xf0,0x48,0x8b,0x55,0xf8,0x64,0x48,0x2b,0x14,0x25,0x28,
0x00,0x00,0x00,0x74,0x05,0xe8,0x00,0x00,0x00,0x00,0xc9,0xc3,0xf3,0x0f,0x1e,0xfa,
0x55,0x48,0x89,0xe5,0x48,0x83,0xec,0x40,0x48,0x89,0x7d,0xd8,0x48,0x89,0x75,0xd0,
0x89,0x55,0xcc,0x64,0x48,0x8b,0x04,0x25,0x28,0x00,0x00,0x00,0x48,0x89,0x45,0xf8,
0x31,0xc0,0x48,0x8b,0x45,0xd8,0x48,0x8b,0x00,0x48,0x89,0x45,0xf0,0x48,0x8b,0x45,
0xf0,0x48,0x0b,0x45,0xd0,0x48,0x89,0x45,0xe8,0x48,0x8b,0x4d,0xe8,0x48,0x8b,0x75,
0xd8,0x48,0x8d,0x55,0xf0,0x48,0x8b,0x02,0xf0,0x48,0x0f,0xb1,0x0e,0x48,0x89,0xc1,
0x0f,0x94,0xc0,0x84,0xc0,0x75,0x03,0x48,0x89,0x0a,0x83,0xf0,0x01,0x84,0xc0,0x75,
0xcc,0x48,0x8b,0x45,0xf0,0x48,0x8b,0x55,0xf8,0x64,0x48,0x2b,0x14,0x25,0x28,0x00,
0x00,0x00,0x74,0x05,0xe8,0x00,0x00,0x00,0x00,0xc9,0xc3,0xf3,0x0f,0x1e,0xfa,0x55,
0x48,0x89,0xe5,0x48,0x83,0xec,0x40,0x48,0x89,0x7d,0xd8,0x48,0x89,0x75,0xd0,0x89,
0x55,0xcc,0x64,0x48,0x8b,0x04,0x25,0x28,0x00,0x00,0x00,0x48,0x89,0x45,0xf8,0x31,
0xc0,0x48,0x8b,0x45,0xd8,0x48,0x8b,0x00,0x48,0x89,0x45,0xf0,0x48,0x8b,0x45,0xf0,
0x48,0x33,0x45,0xd0,0x48,0x89,0x45,0xe8,0x48,0x8b,0x4d,0xe8,0x48,0x8b,0x75,0xd8,
0x48,0x8d,0x55,0xf0,0x48,0x8b,0x02,0xf0,0x48,0x0f,0xb1,0x0e,0x48,0x89,0xc1,0x0f,
0x94,0xc0,0x84,0xc0,0x75,0x03,0x48,0x89,0x0a,0x83,0xf0,0x01,0x84,0xc0,0x75,0xcc,
0x48,0x8b,0x45,0xf0,0x48,0x8b,0x55,0xf8,0x64,0x48,0x2b,0x14,0x25,0x28,0x00,0x00,
0x00,0x74,0x05,0xe8,0x00,0x00,0x00,0x00,0xc9,0xc3,0xf3,0x0f,0x1e,0xfa,0x55,0x48,
0x89,0xe5,0x48,0x83,0xec,0x40,0x48,0x89,0x7d,0xd8,0x48,0x89,0x75,0xd0,0x89,0x55,
0xcc,0x64,0x48,0x8b,0x04,0x25,0x28,0x00,0x00,0x00,0x48,0x89,0x45,0xf8,0x31,0xc0,
0x48,0x8b,0x45,0xd8,0x48,0x8b,0x00,0x48,0x89,0x45,0xf0,0x48,0x8b,0x45,0xf0,0x48,
0x23,0x45,0xd0,0x48,0xf7,0xd0,0x48,0x89,0x45,0xe8,0x48,0x8b,0x4d,0xe8,0x48,0x8b,
0x75,0xd8,0x48,0x8d,0x55,0xf0,0x48,0x8b,0x02,0xf0,0x48,0x0f,0xb1,0x0e,0x48,0x89,
0xc1,0x0f,0x94,0xc0,0x84,0xc0,0x75,0x03,0x48,0x89,0x0a,0x83,0xf0,0x01,0x84,0xc0,
0x75,0xc9,0x48,0x8b,0x45,0xf0,0x48,0x8b,0x55,0xf8,0x64,0x48,0x2b,0x14,0x25,0x28,
0x00,0x00,0x00,0x74,0x05,0xe8,0x00,0x00,0x00,0x00,0xc9,0xc3,0xf3,0x0f,0x1e,0xfa,
0x55,0x48,0x89,0xe5,0x48,0x89,0x7d,0xe8,0x48,0x89,0x75,0xe0,0x48,0x83,0x7d,0xe8,
0x08,0x74,0x37,0x48,0x83,0x7d,0xe8,0x08,0x77,0x36,0x48,0x83,0x7d,0xe8,0x04,0x74,
0x23,0x48,0x83,0x7d,0xe8,0x04,0x77,0x28,0x48,0x83,0x7d,0xe8,0x01,0x74,0x09,0x48,
0x83,0x7d,0xe8,0x02,0x74,0x08,0xeb,0x18,0xc6,0x45,0xff,0x01,0xeb,0x17,0xc6,0x45,
0xff,0x01,0xeb,0x11,0xc6,0x45,0xff,0x01,0xeb,0x0b,0xc6,0x45,0xff,0x01,0xeb,0x05,
0xc6,0x45,0xff,0x00,0x90,0x0f,0xb6,0x45,0xff,0x5d,0xc3,0x00,0x47,0x43,0x43,0x3a,
0x20,0x28,0x47,0x65,0x6e,0x74,0x6f,0x6f,0x20,0x31,0x35,0x2e,0x33,0x2e,0x30,0x20,
0x70,0x38,0x29,0x20,0x31,0x35,0x2e,0x33,0x2e,0x30,0x00,0x00,0x00,0x00,0x00,0x00,
0x00,0x00,0x04,0x00,0x00,0x00,0x10,0x00,0x00,0x00,0x05,0x00,0x00,0x00,0x47,0x4e,
0x55,0x00,0x02,0x00,0x00,0xc0,0x04,0x00,0x00,0x00,0x03,0x00,0x00,0x00,0x00,0x00,
0x00,0x00,0x04,0x00,0x00,0x00,0x20,0x00,0x00,0x00,0x05,0x00,0x00,0x00,0x47,0x4e,
0x55,0x00,0x02,0x00,0x01,0xc0,0x04,0x00,0x00,0x00,0x01,0x00,0x00,0x00,0x00,0x00,
0x00,0x00,0x01,0x00,0x01,0xc0,0x04,0x00,0x00,0x00,0x01,0x00,0x00,0x00,0x00,0x00,
0x00,0x00,0x14,0x00,0x00,0x00,0x00,0x00,0x00,0x00,0x01,0x7a,0x52,0x00,0x01,0x78,
0x10,0x01,0x1b,0x0c,0x07,0x08,0x90,0x01,0x00,0x00,0x1c,0x00,0x00,0x00,0x1c,0x00,
0x00,0x00,0x00,0x00,0x00,0x00,0x7a,0x00,0x00,0x00,0x00,0x45,0x0e,0x10,0x86,0x02,
0x43,0x0d,0x06,0x02,0x71,0x0c,0x07,0x08,0x00,0x00,0x1c,0x00,0x00,0x00,0x3c,0x00,
0x00,0x00,0x00,0x00,0x00,0x00,0x80,0x00,0x00,0x00,0x00,0x45,0x0e,0x10,0x86,0x02,
0x43,0x0d,0x06,0x02,0x77,0x0c,0x07,0x08,0x00,0x00,0x1c,0x00,0x00,0x00,0x5c,0x00,
0x00,0x00,0x00,0x00,0x00,0x00,0x7d,0x00,0x00,0x00,0x00,0x45,0x0e,0x10,0x86,0x02,
0x43,0x0d,0x06,0x02,0x74,0x0c,0x07,0x08,0x00,0x00,0x1c,0x00,0x00,0x00,0x7c,0x00,
0x00,0x00,0x00,0x00,0x00,0x00,0x7d,0x00,0x00,0x00,0x00,0x45,0x0e,0x10,0x86,0x02,
0x43,0x0d,0x06,0x02,0x74,0x0c,0x07,0x08,0x00,0x00,0x1c,0x00,0x00,0x00,0x9c,0x00,
0x00,0x00,0x00,0x00,0x00,0x00,0x7d,0x00,0x00,0x00,0x00,0x45,0x0e,0x10,0x86,0x02,
0x43,0x0d,0x06,0x02,0x74,0x0c,0x07,0x08,0x00,0x00,0x1c,0x00,0x00,0x00,0xbc,0x00,
0x00,0x00,0x00,0x00,0x00,0x00,0x7d,0x00,0x00,0x00,0x00,0x45,0x0e,0x10,0x86,0x02,
0x43,0x0d,0x06,0x02,0x74,0x0c,0x07,0x08,0x00,0x00,0x1c,0x00,0x00,0x00,0xdc,0x00,
0x00,0x00,0x00,0x00,0x00,0x00,0x7f,0x00,0x00,0x00,0x00,0x45,0x0e,0x10,0x86,0x02,
0x43,0x0d,0x06,0x02,0x76,0x0c,0x07,0x08,0x00,0x00,0x1c,0x00,0x00,0x00,0xfc,0x00,
0x00,0x00,0x00,0x00,0x00,0x00,0x80,0x00,0x00,0x00,0x00,0x45,0x0e,0x10,0x86,0x02,
0x43,0x0d,0x06,0x02,0x77,0x0c,0x07,0x08,0x00,0x00,0x1c,0x00,0x00,0x00,0x1c,0x01,
0x00,0x00,0x00,0x00,0x00,0x00,0x7d,0x00,0x00,0x00,0x00,0x45,0x0e,0x10,0x86,0x02,
0x43,0x0d,0x06,0x02,0x74,0x0c,0x07,0x08,0x00,0x00,0x1c,0x00,0x00,0x00,0x3c,0x01,
0x00,0x00,0x00,0x00,0x00,0x00,0x7d,0x00,0x00,0x00,0x00,0x45,0x0e,0x10,0x86,0x02,
0x43,0x0d,0x06,0x02,0x74,0x0c,0x07,0x08,0x00,0x00,0x1c,0x00,0x00,0x00,0x5c,0x01,
0x00,0x00,0x00,0x00,0x00,0x00,0x7d,0x00,0x00,0x00,0x00,0x45,0x0e,0x10,0x86,0x02,
0x43,0x0d,0x06,0x02,0x74,0x0c,0x07,0x08,0x00,0x00,0x1c,0x00,0x00,0x00,0x7c,0x01,
0x00,0x00,0x00,0x00,0x00,0x00,0x7d,0x00,0x00,0x00,0x00,0x45,0x0e,0x10,0x86,0x02,
0x43,0x0d,0x06,0x02,0x74,0x0c,0x07,0x08,0x00,0x00,0x1c,0x00,0x00,0x00,0x9c,0x01,
0x00,0x00,0x00,0x00,0x00,0x00,0x7f,0x00,0x00,0x00,0x00,0x45,0x0e,0x10,0x86,0x02,
0x43,0x0d,0x06,0x02,0x76,0x0c,0x07,0x08,0x00,0x00,0x1c,0x00,0x00,0x00,0xbc,0x01,
0x00,0x00,0x00,0x00,0x00,0x00,0x7f,0x00,0x00,0x00,0x00,0x45,0x0e,0x10,0x86,0x02,
0x43,0x0d,0x06,0x02,0x76,0x0c,0x07,0x08,0x00,0x00,0x1c,0x00,0x00,0x00,0xdc,0x01,
0x00,0x00,0x00,0x00,0x00,0x00,0x85,0x00,0x00,0x00,0x00,0x45,0x0e,0x10,0x86,0x02,
0x43,0x0d,0x06,0x02,0x7c,0x0c,0x07,0x08,0x00,0x00,0x1c,0x00,0x00,0x00,0xfc,0x01,
0x00,0x00,0x00,0x00,0x00,0x00,0x83,0x00,0x00,0x00,0x00,0x45,0x0e,0x10,0x86,0x02,
0x43,0x0d,0x06,0x02,0x7a,0x0c,0x07,0x08,0x00,0x00,0x1c,0x00,0x00,0x00,0x1c,0x02,
0x00,0x00,0x00,0x00,0x00,0x00,0x83,0x00,0x00,0x00,0x00,0x45,0x0e,0x10,0x86,0x02,
0x43,0x0d,0x06,0x02,0x7a,0x0c,0x07,0x08,0x00,0x00,0x1c,0x00,0x00,0x00,0x3c,0x02,
0x00,0x00,0x00,0x00,0x00,0x00,0x83,0x00,0x00,0x00,0x00,0x45,0x0e,0x10,0x86,0x02,
0x43,0x0d,0x06,0x02,0x7a,0x0c,0x07,0x08,0x00,0x00,0x1c,0x00,0x00,0x00,0x5c,0x02,
0x00,0x00,0x00,0x00,0x00,0x00,0x83,0x00,0x00,0x00,0x00,0x45,0x0e,0x10,0x86,0x02,
0x43,0x0d,0x06,0x02,0x7a,0x0c,0x07,0x08,0x00,0x00,0x1c,0x00,0x00,0x00,0x7c,0x02,
0x00,0x00,0x00,0x00,0x00,0x00,0x85,0x00,0x00,0x00,0x00,0x45,0x0e,0x10,0x86,0x02,
0x43,0x0d,0x06,0x02,0x7c,0x0c,0x07,0x08,0x00,0x00,0x1c,0x00,0x00,0x00,0x9c,0x02,
0x00,0x00,0x00,0x00,0x00,0x00,0x85,0x00,0x00,0x00,0x00,0x45,0x0e,0x10,0x86,0x02,
0x43,0x0d,0x06,0x02,0x7c,0x0c,0x07,0x08,0x00,0x00,0x1c,0x00,0x00,0x00,0xbc,0x02,
0x00,0x00,0x00,0x00,0x00,0x00,0x83,0x00,0x00,0x00,0x00,0x45,0x0e,0x10,0x86,0x02,
0x43,0x0d,0x06,0x02,0x7a,0x0c,0x07,0x08,0x00,0x00,0x1c,0x00,0x00,0x00,0xdc,0x02,
0x00,0x00,0x00,0x00,0x00,0x00,0x83,0x00,0x00,0x00,0x00,0x45,0x0e,0x10,0x86,0x02,
0x43,0x0d,0x06,0x02,0x7a,0x0c,0x07,0x08,0x00,0x00,0x1c,0x00,0x00,0x00,0xfc,0x02,
0x00,0x00,0x00,0x00,0x00,0x00,0x83,0x00,0x00,0x00,0x00,0x45,0x0e,0x10,0x86,0x02,
0x43,0x0d,0x06,0x02,0x7a,0x0c,0x07,0x08,0x00,0x00,0x1c,0x00,0x00,0x00,0x1c,0x03,
0x00,0x00,0x00,0x00,0x00,0x00,0x83,0x00,0x00,0x00,0x00,0x45,0x0e,0x10,0x86,0x02,
0x43,0x0d,0x06,0x02,0x7a,0x0c,0x07,0x08,0x00,0x00,0x1c,0x00,0x00,0x00,0x3c,0x03,
0x00,0x00,0x00,0x00,0x00,0x00,0x85,0x00,0x00,0x00,0x00,0x45,0x0e,0x10,0x86,0x02,
0x43,0x0d,0x06,0x02,0x7c,0x0c,0x07,0x08,0x00,0x00,0x1c,0x00,0x00,0x00,0x5c,0x03,
0x00,0x00,0x00,0x00,0x00,0x00,0x70,0x00,0x00,0x00,0x00,0x45,0x0e,0x10,0x86,0x02,
0x43,0x0d,0x06,0x02,0x67,0x0c,0x07,0x08,0x00,0x00,0x1c,0x00,0x00,0x00,0x7c,0x03,
0x00,0x00,0x00,0x00,0x00,0x00,0x75,0x00,0x00,0x00,0x00,0x45,0x0e,0x10,0x86,0x02,
0x43,0x0d,0x06,0x02,0x6c,0x0c,0x07,0x08,0x00,0x00,0x1c,0x00,0x00,0x00,0x9c,0x03,
0x00,0x00,0x00,0x00,0x00,0x00,0x73,0x00,0x00,0x00,0x00,0x45,0x0e,0x10,0x86,0x02,
0x43,0x0d,0x06,0x02,0x6a,0x0c,0x07,0x08,0x00,0x00,0x1c,0x00,0x00,0x00,0xbc,0x03,
0x00,0x00,0x00,0x00,0x00,0x00,0x73,0x00,0x00,0x00,0x00,0x45,0x0e,0x10,0x86,0x02,
0x43,0x0d,0x06,0x02,0x6a,0x0c,0x07,0x08,0x00,0x00,0x1c,0x00,0x00,0x00,0xdc,0x03,
0x00,0x00,0x00,0x00,0x00,0x00,0x73,0x00,0x00,0x00,0x00,0x45,0x0e,0x10,0x86,0x02,
0x43,0x0d,0x06,0x02,0x6a,0x0c,0x07,0x08,0x00,0x00,0x1c,0x00,0x00,0x00,0xfc,0x03,
0x00,0x00,0x00,0x00,0x00,0x00,0x73,0x00,0x00,0x00,0x00,0x45,0x0e,0x10,0x86,0x02,
0x43,0x0d,0x06,0x02,0x6a,0x0c,0x07,0x08,0x00,0x00,0x1c,0x00,0x00,0x00,0x1c,0x04,
0x00,0x00,0x00,0x00,0x00,0x00,0x75,0x00,0x00,0x00,0x00,0x45,0x0e,0x10,0x86,0x02,
0x43,0x0d,0x06,0x02,0x6c,0x0c,0x07,0x08,0x00,0x00,0x1c,0x00,0x00,0x00,0x3c,0x04,
0x00,0x00,0x00,0x00,0x00,0x00,0x75,0x00,0x00,0x00,0x00,0x45,0x0e,0x10,0x86,0x02,
0x43,0x0d,0x06,0x02,0x6c,0x0c,0x07,0x08,0x00,0x00,0x1c,0x00,0x00,0x00,0x5c,0x04,
0x00,0x00,0x00,0x00,0x00,0x00,0x73,0x00,0x00,0x00,0x00,0x45,0x0e,0x10,0x86,0x02,
0x43,0x0d,0x06,0x02,0x6a,0x0c,0x07,0x08,0x00,0x00,0x1c,0x00,0x00,0x00,0x7c,0x04,
0x00,0x00,0x00,0x00,0x00,0x00,0x73,0x00,0x00,0x00,0x00,0x45,0x0e,0x10,0x86,0x02,
0x43,0x0d,0x06,0x02,0x6a,0x0c,0x07,0x08,0x00,0x00,0x1c,0x00,0x00,0x00,0x9c,0x04,
0x00,0x00,0x00,0x00,0x00,0x00,0x73,0x00,0x00,0x00,0x00,0x45,0x0e,0x10,0x86,0x02,
0x43,0x0d,0x06,0x02,0x6a,0x0c,0x07,0x08,0x00,0x00,0x1c,0x00,0x00,0x00,0xbc,0x04,
0x00,0x00,0x00,0x00,0x00,0x00,0x73,0x00,0x00,0x00,0x00,0x45,0x0e,0x10,0x86,0x02,
0x43,0x0d,0x06,0x02,0x6a,0x0c,0x07,0x08,0x00,0x00,0x1c,0x00,0x00,0x00,0xdc,0x04,
0x00,0x00,0x00,0x00,0x00,0x00,0x75,0x00,0x00,0x00,0x00,0x45,0x0e,0x10,0x86,0x02,
0x43,0x0d,0x06,0x02,0x6c,0x0c,0x07,0x08,0x00,0x00,0x1c,0x00,0x00,0x00,0xfc,0x04,
0x00,0x00,0x00,0x00,0x00,0x00,0x7b,0x00,0x00,0x00,0x00,0x45,0x0e,0x10,0x86,0x02,
0x43,0x0d,0x06,0x02,0x72,0x0c,0x07,0x08,0x00,0x00,0x1c,0x00,0x00,0x00,0x1c,0x05,
0x00,0x00,0x00,0x00,0x00,0x00,0x82,0x00,0x00,0x00,0x00,0x45,0x0e,0x10,0x86,0x02,
0x43,0x0d,0x06,0x02,0x79,0x0c,0x07,0x08,0x00,0x00,0x1c,0x00,0x00,0x00,0x3c,0x05,
0x00,0x00,0x00,0x00,0x00,0x00,0x7f,0x00,0x00,0x00,0x00,0x45,0x0e,0x10,0x86,0x02,
0x43,0x0d,0x06,0x02,0x76,0x0c,0x07,0x08,0x00,0x00,0x1c,0x00,0x00,0x00,0x5c,0x05,
0x00,0x00,0x00,0x00,0x00,0x00,0x7f,0x00,0x00,0x00,0x00,0x45,0x0e,0x10,0x86,0x02,
0x43,0x0d,0x06,0x02,0x76,0x0c,0x07,0x08,0x00,0x00,0x1c,0x00,0x00,0x00,0x7c,0x05,
0x00,0x00,0x00,0x00,0x00,0x00,0x7f,0x00,0x00,0x00,0x00,0x45,0x0e,0x10,0x86,0x02,
0x43,0x0d,0x06,0x02,0x76,0x0c,0x07,0x08,0x00,0x00,0x1c,0x00,0x00,0x00,0x9c,0x05,
0x00,0x00,0x00,0x00,0x00,0x00,0x7f,0x00,0x00,0x00,0x00,0x45,0x0e,0x10,0x86,0x02,
0x43,0x0d,0x06,0x02,0x76,0x0c,0x07,0x08,0x00,0x00,0x1c,0x00,0x00,0x00,0xbc,0x05,
0x00,0x00,0x00,0x00,0x00,0x00,0x82,0x00,0x00,0x00,0x00,0x45,0x0e,0x10,0x86,0x02,
0x43,0x0d,0x06,0x02,0x79,0x0c,0x07,0x08,0x00,0x00,0x1c,0x00,0x00,0x00,0xdc,0x05,
0x00,0x00,0x00,0x00,0x00,0x00,0x82,0x00,0x00,0x00,0x00,0x45,0x0e,0x10,0x86,0x02,
0x43,0x0d,0x06,0x02,0x79,0x0c,0x07,0x08,0x00,0x00,0x1c,0x00,0x00,0x00,0xfc,0x05,
0x00,0x00,0x00,0x00,0x00,0x00,0x7f,0x00,0x00,0x00,0x00,0x45,0x0e,0x10,0x86,0x02,
0x43,0x0d,0x06,0x02,0x76,0x0c,0x07,0x08,0x00,0x00,0x1c,0x00,0x00,0x00,0x1c,0x06,
0x00,0x00,0x00,0x00,0x00,0x00,0x7f,0x00,0x00,0x00,0x00,0x45,0x0e,0x10,0x86,0x02,
0x43,0x0d,0x06,0x02,0x76,0x0c,0x07,0x08,0x00,0x00,0x1c,0x00,0x00,0x00,0x3c,0x06,
0x00,0x00,0x00,0x00,0x00,0x00,0x7f,0x00,0x00,0x00,0x00,0x45,0x0e,0x10,0x86,0x02,
0x43,0x0d,0x06,0x02,0x76,0x0c,0x07,0x08,0x00,0x00,0x1c,0x00,0x00,0x00,0x5c,0x06,
0x00,0x00,0x00,0x00,0x00,0x00,0x7f,0x00,0x00,0x00,0x00,0x45,0x0e,0x10,0x86,0x02,
0x43,0x0d,0x06,0x02,0x76,0x0c,0x07,0x08,0x00,0x00,0x1c,0x00,0x00,0x00,0x7c,0x06,
0x00,0x00,0x00,0x00,0x00,0x00,0x82,0x00,0x00,0x00,0x00,0x45,0x0e,0x10,0x86,0x02,
0x43,0x0d,0x06,0x02,0x79,0x0c,0x07,0x08,0x00,0x00,0x1c,0x00,0x00,0x00,0x9c,0x06,
0x00,0x00,0x00,0x00,0x00,0x00,0x5f,0x00,0x00,0x00,0x00,0x45,0x0e,0x10,0x86,0x02,
0x43,0x0d,0x06,0x02,0x56,0x0c,0x07,0x08,0x00,0x00,0x00,0x00,0x00,0x00,0x00,0x00,
0x00,0x00,0x00,0x00,0x00,0x00,0x00,0x00,0x00,0x00,0x00,0x00,0x00,0x00,0x00,0x00,
0x00,0x00,0x01,0x00,0x00,0x00,0x04,0x00,0xf1,0xff,0x00,0x00,0x00,0x00,0x00,0x00,
0x00,0x00,0x00,0x00,0x00,0x00,0x00,0x00,0x00,0x00,0x00,0x00,0x00,0x00,0x03,0x00,
0x01,0x00,0x00,0x00,0x00,0x00,0x00,0x00,0x00,0x00,0x00,0x00,0x00,0x00,0x00,0x00,
0x00,0x00,0x0d,0x00,0x00,0x00,0x12,0x00,0x01,0x00,0x00,0x00,0x00,0x00,0x00,0x00,
0x00,0x00,0x7a,0x00,0x00,0x00,0x00,0x00,0x00,0x00,0x21,0x00,0x00,0x00,0x10,0x00,
0x00,0x00,0x00,0x00,0x00,0x00,0x00,0x00,0x00,0x00,0x00,0x00,0x00,0x00,0x00,0x00,
0x00,0x00,0x32,0x00,0x00,0x00,0x12,0x00,0x01,0x00,0x7a,0x00,0x00,0x00,0x00,0x00,
0x00,0x00,0x80,0x00,0x00,0x00,0x00,0x00,0x00,0x00,0x47,0x00,0x00,0x00,0x12,0x00,
0x01,0x00,0xfa,0x00,0x00,0x00,0x00,0x00,0x00,0x00,0x7d,0x00,0x00,0x00,0x00,0x00,
0x00,0x00,0x5c,0x00,0x00,0x00,0x12,0x00,0x01,0x00,0x77,0x01,0x00,0x00,0x00,0x00,
0x00,0x00,0x7d,0x00,0x00,0x00,0x00,0x00,0x00,0x00,0x71,0x00,0x00,0x00,0x12,0x00,
0x01,0x00,0xf4,0x01,0x00,0x00,0x00,0x00,0x00,0x00,0x7d,0x00,0x00,0x00,0x00,0x00,
0x00,0x00,0x85,0x00,0x00,0x00,0x12,0x00,0x01,0x00,0x71,0x02,0x00,0x00,0x00,0x00,
0x00,0x00,0x7d,0x00,0x00,0x00,0x00,0x00,0x00,0x00,0x9a,0x00,0x00,0x00,0x12,0x00,
0x01,0x00,0xee,0x02,0x00,0x00,0x00,0x00,0x00,0x00,0x7f,0x00,0x00,0x00,0x00,0x00,
0x00,0x00,0xb0,0x00,0x00,0x00,0x12,0x00,0x01,0x00,0x6d,0x03,0x00,0x00,0x00,0x00,
0x00,0x00,0x80,0x00,0x00,0x00,0x00,0x00,0x00,0x00,0xc5,0x00,0x00,0x00,0x12,0x00,
0x01,0x00,0xed,0x03,0x00,0x00,0x00,0x00,0x00,0x00,0x7d,0x00,0x00,0x00,0x00,0x00,
0x00,0x00,0xda,0x00,0x00,0x00,0x12,0x00,0x01,0x00,0x6a,0x04,0x00,0x00,0x00,0x00,
0x00,0x00,0x7d,0x00,0x00,0x00,0x00,0x00,0x00,0x00,0xef,0x00,0x00,0x00,0x12,0x00,
0x01,0x00,0xe7,0x04,0x00,0x00,0x00,0x00,0x00,0x00,0x7d,0x00,0x00,0x00,0x00,0x00,
0x00,0x00,0x03,0x01,0x00,0x00,0x12,0x00,0x01,0x00,0x64,0x05,0x00,0x00,0x00,0x00,
0x00,0x00,0x7d,0x00,0x00,0x00,0x00,0x00,0x00,0x00,0x18,0x01,0x00,0x00,0x12,0x00,
0x01,0x00,0xe1,0x05,0x00,0x00,0x00,0x00,0x00,0x00,0x7f,0x00,0x00,0x00,0x00,0x00,
0x00,0x00,0x2e,0x01,0x00,0x00,0x12,0x00,0x01,0x00,0x60,0x06,0x00,0x00,0x00,0x00,
0x00,0x00,0x7f,0x00,0x00,0x00,0x00,0x00,0x00,0x00,0x42,0x01,0x00,0x00,0x12,0x00,
0x01,0x00,0xdf,0x06,0x00,0x00,0x00,0x00,0x00,0x00,0x85,0x00,0x00,0x00,0x00,0x00,
0x00,0x00,0x57,0x01,0x00,0x00,0x12,0x00,0x01,0x00,0x64,0x07,0x00,0x00,0x00,0x00,
0x00,0x00,0x83,0x00,0x00,0x00,0x00,0x00,0x00,0x00,0x6c,0x01,0x00,0x00,0x12,0x00,
0x01,0x00,0xe7,0x07,0x00,0x00,0x00,0x00,0x00,0x00,0x83,0x00,0x00,0x00,0x00,0x00,
0x00,0x00,0x81,0x01,0x00,0x00,0x12,0x00,0x01,0x00,0x6a,0x08,0x00,0x00,0x00,0x00,
0x00,0x00,0x83,0x00,0x00,0x00,0x00,0x00,0x00,0x00,0x95,0x01,0x00,0x00,0x12,0x00,
0x01,0x00,0xed,0x08,0x00,0x00,0x00,0x00,0x00,0x00,0x83,0x00,0x00,0x00,0x00,0x00,
0x00,0x00,0xaa,0x01,0x00,0x00,0x12,0x00,0x01,0x00,0x70,0x09,0x00,0x00,0x00,0x00,
0x00,0x00,0x85,0x00,0x00,0x00,0x00,0x00,0x00,0x00,0xc0,0x01,0x00,0x00,0x12,0x00,
0x01,0x00,0xf5,0x09,0x00,0x00,0x00,0x00,0x00,0x00,0x85,0x00,0x00,0x00,0x00,0x00,
0x00,0x00,0xd5,0x01,0x00,0x00,0x12,0x00,0x01,0x00,0x7a,0x0a,0x00,0x00,0x00,0x00,
0x00,0x00,0x83,0x00,0x00,0x00,0x00,0x00,0x00,0x00,0xea,0x01,0x00,0x00,0x12,0x00,
0x01,0x00,0xfd,0x0a,0x00,0x00,0x00,0x00,0x00,0x00,0x83,0x00,0x00,0x00,0x00,0x00,
0x00,0x00,0xff,0x01,0x00,0x00,0x12,0x00,0x01,0x00,0x80,0x0b,0x00,0x00,0x00,0x00,
0x00,0x00,0x83,0x00,0x00,0x00,0x00,0x00,0x00,0x00,0x13,0x02,0x00,0x00,0x12,0x00,
0x01,0x00,0x03,0x0c,0x00,0x00,0x00,0x00,0x00,0x00,0x83,0x00,0x00,0x00,0x00,0x00,
0x00,0x00,0x28,0x02,0x00,0x00,0x12,0x00,0x01,0x00,0x86,0x0c,0x00,0x00,0x00,0x00,
0x00,0x00,0x85,0x00,0x00,0x00,0x00,0x00,0x00,0x00,0x3e,0x02,0x00,0x00,0x12,0x00,
0x01,0x00,0x0b,0x0d,0x00,0x00,0x00,0x00,0x00,0x00,0x70,0x00,0x00,0x00,0x00,0x00,
0x00,0x00,0x52,0x02,0x00,0x00,0x12,0x00,0x01,0x00,0x7b,0x0d,0x00,0x00,0x00,0x00,
0x00,0x00,0x75,0x00,0x00,0x00,0x00,0x00,0x00,0x00,0x67,0x02,0x00,0x00,0x12,0x00,
0x01,0x00,0xf0,0x0d,0x00,0x00,0x00,0x00,0x00,0x00,0x73,0x00,0x00,0x00,0x00,0x00,
0x00,0x00,0x7c,0x02,0x00,0x00,0x12,0x00,0x01,0x00,0x63,0x0e,0x00,0x00,0x00,0x00,
0x00,0x00,0x73,0x00,0x00,0x00,0x00,0x00,0x00,0x00,0x91,0x02,0x00,0x00,0x12,0x00,
0x01,0x00,0xd6,0x0e,0x00,0x00,0x00,0x00,0x00,0x00,0x73,0x00,0x00,0x00,0x00,0x00,
0x00,0x00,0xa5,0x02,0x00,0x00,0x12,0x00,0x01,0x00,0x49,0x0f,0x00,0x00,0x00,0x00,
0x00,0x00,0x73,0x00,0x00,0x00,0x00,0x00,0x00,0x00,0xba,0x02,0x00,0x00,0x12,0x00,
0x01,0x00,0xbc,0x0f,0x00,0x00,0x00,0x00,0x00,0x00,0x75,0x00,0x00,0x00,0x00,0x00,
0x00,0x00,0xd0,0x02,0x00,0x00,0x12,0x00,0x01,0x00,0x31,0x10,0x00,0x00,0x00,0x00,
0x00,0x00,0x75,0x00,0x00,0x00,0x00,0x00,0x00,0x00,0xe5,0x02,0x00,0x00,0x12,0x00,
0x01,0x00,0xa6,0x10,0x00,0x00,0x00,0x00,0x00,0x00,0x73,0x00,0x00,0x00,0x00,0x00,
0x00,0x00,0xfa,0x02,0x00,0x00,0x12,0x00,0x01,0x00,0x19,0x11,0x00,0x00,0x00,0x00,
0x00,0x00,0x73,0x00,0x00,0x00,0x00,0x00,0x00,0x00,0x0f,0x03,0x00,0x00,0x12,0x00,
0x01,0x00,0x8c,0x11,0x00,0x00,0x00,0x00,0x00,0x00,0x73,0x00,0x00,0x00,0x00,0x00,
0x00,0x00,0x23,0x03,0x00,0x00,0x12,0x00,0x01,0x00,0xff,0x11,0x00,0x00,0x00,0x00,
0x00,0x00,0x73,0x00,0x00,0x00,0x00,0x00,0x00,0x00,0x38,0x03,0x00,0x00,0x12,0x00,
0x01,0x00,0x72,0x12,0x00,0x00,0x00,0x00,0x00,0x00,0x75,0x00,0x00,0x00,0x00,0x00,
0x00,0x00,0x4e,0x03,0x00,0x00,0x12,0x00,0x01,0x00,0xe7,0x12,0x00,0x00,0x00,0x00,
0x00,0x00,0x7b,0x00,0x00,0x00,0x00,0x00,0x00,0x00,0x62,0x03,0x00,0x00,0x12,0x00,
0x01,0x00,0x62,0x13,0x00,0x00,0x00,0x00,0x00,0x00,0x82,0x00,0x00,0x00,0x00,0x00,
0x00,0x00,0x77,0x03,0x00,0x00,0x12,0x00,0x01,0x00,0xe4,0x13,0x00,0x00,0x00,0x00,
0x00,0x00,0x7f,0x00,0x00,0x00,0x00,0x00,0x00,0x00,0x8c,0x03,0x00,0x00,0x12,0x00,
0x01,0x00,0x63,0x14,0x00,0x00,0x00,0x00,0x00,0x00,0x7f,0x00,0x00,0x00,0x00,0x00,
0x00,0x00,0xa1,0x03,0x00,0x00,0x12,0x00,0x01,0x00,0xe2,0x14,0x00,0x00,0x00,0x00,
0x00,0x00,0x7f,0x00,0x00,0x00,0x00,0x00,0x00,0x00,0xb5,0x03,0x00,0x00,0x12,0x00,
0x01,0x00,0x61,0x15,0x00,0x00,0x00,0x00,0x00,0x00,0x7f,0x00,0x00,0x00,0x00,0x00,
0x00,0x00,0xca,0x03,0x00,0x00,0x12,0x00,0x01,0x00,0xe0,0x15,0x00,0x00,0x00,0x00,
0x00,0x00,0x82,0x00,0x00,0x00,0x00,0x00,0x00,0x00,0xe0,0x03,0x00,0x00,0x12,0x00,
0x01,0x00,0x62,0x16,0x00,0x00,0x00,0x00,0x00,0x00,0x82,0x00,0x00,0x00,0x00,0x00,
0x00,0x00,0xf5,0x03,0x00,0x00,0x12,0x00,0x01,0x00,0xe4,0x16,0x00,0x00,0x00,0x00,
0x00,0x00,0x7f,0x00,0x00,0x00,0x00,0x00,0x00,0x00,0x0a,0x04,0x00,0x00,0x12,0x00,
0x01,0x00,0x63,0x17,0x00,0x00,0x00,0x00,0x00,0x00,0x7f,0x00,0x00,0x00,0x00,0x00,
0x00,0x00,0x1f,0x04,0x00,0x00,0x12,0x00,0x01,0x00,0xe2,0x17,0x00,0x00,0x00,0x00,
0x00,0x00,0x7f,0x00,0x00,0x00,0x00,0x00,0x00,0x00,0x33,0x04,0x00,0x00,0x12,0x00,
0x01,0x00,0x61,0x18,0x00,0x00,0x00,0x00,0x00,0x00,0x7f,0x00,0x00,0x00,0x00,0x00,
0x00,0x00,0x48,0x04,0x00,0x00,0x12,0x00,0x01,0x00,0xe0,0x18,0x00,0x00,0x00,0x00,
0x00,0x00,0x82,0x00,0x00,0x00,0x00,0x00,0x00,0x00,0x5e,0x04,0x00,0x00,0x12,0x00,
0x01,0x00,0x62,0x19,0x00,0x00,0x00,0x00,0x00,0x00,0x5f,0x00,0x00,0x00,0x00,0x00,
0x00,0x00,0x78,0x04,0x00,0x00,0x12,0x00,0x01,0x00,0x62,0x19,0x00,0x00,0x00,0x00,
0x00,0x00,0x5f,0x00,0x00,0x00,0x00,0x00,0x00,0x00,0x00,0x73,0x74,0x64,0x61,0x74,
0x6f,0x6d,0x69,0x63,0x2e,0x63,0x00,0x5f,0x5f,0x61,0x74,0x6f,0x6d,0x69,0x63,0x5f,
0x65,0x78,0x63,0x68,0x61,0x6e,0x67,0x65,0x5f,0x31,0x00,0x5f,0x5f,0x73,0x74,0x61,
0x63,0x6b,0x5f,0x63,0x68,0x6b,0x5f,0x66,0x61,0x69,0x6c,0x00,0x5f,0x5f,0x61,0x74,
0x6f,0x6d,0x69,0x63,0x5f,0x61,0x64,0x64,0x5f,0x66,0x65,0x74,0x63,0x68,0x5f,0x31,
0x00,0x5f,0x5f,0x61,0x74,0x6f,0x6d,0x69,0x63,0x5f,0x73,0x75,0x62,0x5f,0x66,0x65,
0x74,0x63,0x68,0x5f,0x31,0x00,0x5f,0x5f,0x61,0x74,0x6f,0x6d,0x69,0x63,0x5f,0x61,
0x6e,0x64,0x5f,0x66,0x65,0x74,0x63,0x68,0x5f,0x31,0x00,0x5f,0x5f,0x61,0x74,0x6f,
0x6d,0x69,0x63,0x5f,0x6f,0x72,0x5f,0x66,0x65,0x74,0x63,0x68,0x5f,0x31,0x00,0x5f,
0x5f,0x61,0x74,0x6f,0x6d,0x69,0x63,0x5f,0x78,0x6f,0x72,0x5f,0x66,0x65,0x74,0x63,
0x68,0x5f,0x31,0x00,0x5f,0x5f,0x61,0x74,0x6f,0x6d,0x69,0x63,0x5f,0x6e,0x61,0x6e,
0x64,0x5f,0x66,0x65,0x74,0x63,0x68,0x5f,0x31,0x00,0x5f,0x5f,0x61,0x74,0x6f,0x6d,
0x69,0x63,0x5f,0x66,0x65,0x74,0x63,0x68,0x5f,0x61,0x64,0x64,0x5f,0x31,0x00,0x5f,
0x5f,0x61,0x74,0x6f,0x6d,0x69,0x63,0x5f,0x66,0x65,0x74,0x63,0x68,0x5f,0x73,0x75,
0x62,0x5f,0x31,0x00,0x5f,0x5f,0x61,0x74,0x6f,0x6d,0x69,0x63,0x5f,0x66,0x65,0x74,
0x63,0x68,0x5f,0x61,0x6e,0x64,0x5f,0x31,0x00,0x5f,0x5f,0x61,0x74,0x6f,0x6d,0x69,
0x63,0x5f,0x66,0x65,0x74,0x63,0x68,0x5f,0x6f,0x72,0x5f,0x31,0x00,0x5f,0x5f,0x61,
0x74,0x6f,0x6d,0x69,0x63,0x5f,0x66,0x65,0x74,0x63,0x68,0x5f,0x78,0x6f,0x72,0x5f,
0x31,0x00,0x5f,0x5f,0x61,0x74,0x6f,0x6d,0x69,0x63,0x5f,0x66,0x65,0x74,0x63,0x68,
0x5f,0x6e,0x61,0x6e,0x64,0x5f,0x31,0x00,0x5f,0x5f,0x61,0x74,0x6f,0x6d,0x69,0x63,
0x5f,0x65,0x78,0x63,0x68,0x61,0x6e,0x67,0x65,0x5f,0x32,0x00,0x5f,0x5f,0x61,0x74,
0x6f,0x6d,0x69,0x63,0x5f,0x61,0x64,0x64,0x5f,0x66,0x65,0x74,0x63,0x68,0x5f,0x32,
0x00,0x5f,0x5f,0x61,0x74,0x6f,0x6d,0x69,0x63,0x5f,0x73,0x75,0x62,0x5f,0x66,0x65,
0x74,0x63,0x68,0x5f,0x32,0x00,0x5f,0x5f,0x61,0x74,0x6f,0x6d,0x69,0x63,0x5f,0x61,
0x6e,0x64,0x5f,0x66,0x65,0x74,0x63,0x68,0x5f,0x32,0x00,0x5f,0x5f,0x61,0x74,0x6f,
0x6d,0x69,0x63,0x5f,0x6f,0x72,0x5f,0x66,0x65,0x74,0x63,0x68,0x5f,0x32,0x00,0x5f,
0x5f,0x61,0x74,0x6f,0x6d,0x69,0x63,0x5f,0x78,0x6f,0x72,0x5f,0x66,0x65,0x74,0x63,
0x68,0x5f,0x32,0x00,0x5f,0x5f,0x61,0x74,0x6f,0x6d,0x69,0x63,0x5f,0x6e,0x61,0x6e,
0x64,0x5f,0x66,0x65,0x74,0x63,0x68,0x5f,0x32,0x00,0x5f,0x5f,0x61,0x74,0x6f,0x6d,
0x69,0x63,0x5f,0x66,0x65,0x74,0x63,0x68,0x5f,0x61,0x64,0x64,0x5f,0x32,0x00,0x5f,
0x5f,0x61,0x74,0x6f,0x6d,0x69,0x63,0x5f,0x66,0x65,0x74,0x63,0x68,0x5f,0x73,0x75,
0x62,0x5f,0x32,0x00,0x5f,0x5f,0x61,0x74,0x6f,0x6d,0x69,0x63,0x5f,0x66,0x65,0x74,
0x63,0x68,0x5f,0x61,0x6e,0x64,0x5f,0x32,0x00,0x5f,0x5f,0x61,0x74,0x6f,0x6d,0x69,
0x63,0x5f,0x66,0x65,0x74,0x63,0x68,0x5f,0x6f,0x72,0x5f,0x32,0x00,0x5f,0x5f,0x61,
0x74,0x6f,0x6d,0x69,0x63,0x5f,0x66,0x65,0x74,0x63,0x68,0x5f,0x78,0x6f,0x72,0x5f,
0x32,0x00,0x5f,0x5f,0x61,0x74,0x6f,0x6d,0x69,0x63,0x5f,0x66,0x65,0x74,0x63,0x68,
0x5f,0x6e,0x61,0x6e,0x64,0x5f,0x32,0x00,0x5f,0x5f,0x61,0x74,0x6f,0x6d,0x69,0x63,
0x5f,0x65,0x78,0x63,0x68,0x61,0x6e,0x67,0x65,0x5f,0x34,0x00,0x5f,0x5f,0x61,0x74,
0x6f,0x6d,0x69,0x63,0x5f,0x61,0x64,0x64,0x5f,0x66,0x65,0x74,0x63,0x68,0x5f,0x34,
0x00,0x5f,0x5f,0x61,0x74,0x6f,0x6d,0x69,0x63,0x5f,0x73,0x75,0x62,0x5f,0x66,0x65,
0x74,0x63,0x68,0x5f,0x34,0x00,0x5f,0x5f,0x61,0x74,0x6f,0x6d,0x69,0x63,0x5f,0x61,
0x6e,0x64,0x5f,0x66,0x65,0x74,0x63,0x68,0x5f,0x34,0x00,0x5f,0x5f,0x61,0x74,0x6f,
0x6d,0x69,0x63,0x5f,0x6f,0x72,0x5f,0x66,0x65,0x74,0x63,0x68,0x5f,0x34,0x00,0x5f,
0x5f,0x61,0x74,0x6f,0x6d,0x69,0x63,0x5f,0x78,0x6f,0x72,0x5f,0x66,0x65,0x74,0x63,
0x68,0x5f,0x34,0x00,0x5f,0x5f,0x61,0x74,0x6f,0x6d,0x69,0x63,0x5f,0x6e,0x61,0x6e,
0x64,0x5f,0x66,0x65,0x74,0x63,0x68,0x5f,0x34,0x00,0x5f,0x5f,0x61,0x74,0x6f,0x6d,
0x69,0x63,0x5f,0x66,0x65,0x74,0x63,0x68,0x5f,0x61,0x64,0x64,0x5f,0x34,0x00,0x5f,
0x5f,0x61,0x74,0x6f,0x6d,0x69,0x63,0x5f,0x66,0x65,0x74,0x63,0x68,0x5f,0x73,0x75,
0x62,0x5f,0x34,0x00,0x5f,0x5f,0x61,0x74,0x6f,0x6d,0x69,0x63,0x5f,0x66,0x65,0x74,
0x63,0x68,0x5f,0x61,0x6e,0x64,0x5f,0x34,0x00,0x5f,0x5f,0x61,0x74,0x6f,0x6d,0x69,
0x63,0x5f,0x66,0x65,0x74,0x63,0x68,0x5f,0x6f,0x72,0x5f,0x34,0x00,0x5f,0x5f,0x61,
0x74,0x6f,0x6d,0x69,0x63,0x5f,0x66,0x65,0x74,0x63,0x68,0x5f,0x78,0x6f,0x72,0x5f,
0x34,0x00,0x5f,0x5f,0x61,0x74,0x6f,0x6d,0x69,0x63,0x5f,0x66,0x65,0x74,0x63,0x68,
0x5f,0x6e,0x61,0x6e,0x64,0x5f,0x34,0x00,0x5f,0x5f,0x61,0x74,0x6f,0x6d,0x69,0x63,
0x5f,0x65,0x78,0x63,0x68,0x61,0x6e,0x67,0x65,0x5f,0x38,0x00,0x5f,0x5f,0x61,0x74,
0x6f,0x6d,0x69,0x63,0x5f,0x61,0x64,0x64,0x5f,0x66,0x65,0x74,0x63,0x68,0x5f,0x38,
0x00,0x5f,0x5f,0x61,0x74,0x6f,0x6d,0x69,0x63,0x5f,0x73,0x75,0x62,0x5f,0x66,0x65,
0x74,0x63,0x68,0x5f,0x38,0x00,0x5f,0x5f,0x61,0x74,0x6f,0x6d,0x69,0x63,0x5f,0x61,
0x6e,0x64,0x5f,0x66,0x65,0x74,0x63,0x68,0x5f,0x38,0x00,0x5f,0x5f,0x61,0x74,0x6f,
0x6d,0x69,0x63,0x5f,0x6f,0x72,0x5f,0x66,0x65,0x74,0x63,0x68,0x5f,0x38,0x00,0x5f,
0x5f,0x61,0x74,0x6f,0x6d,0x69,0x63,0x5f,0x78,0x6f,0x72,0x5f,0x66,0x65,0x74,0x63,
0x68,0x5f,0x38,0x00,0x5f,0x5f,0x61,0x74,0x6f,0x6d,0x69,0x63,0x5f,0x6e,0x61,0x6e,
0x64,0x5f,0x66,0x65,0x74,0x63,0x68,0x5f,0x38,0x00,0x5f,0x5f,0x61,0x74,0x6f,0x6d,
0x69,0x63,0x5f,0x66,0x65,0x74,0x63,0x68,0x5f,0x61,0x64,0x64,0x5f,0x38,0x00,0x5f,
0x5f,0x61,0x74,0x6f,0x6d,0x69,0x63,0x5f,0x66,0x65,0x74,0x63,0x68,0x5f,0x73,0x75,
0x62,0x5f,0x38,0x00,0x5f,0x5f,0x61,0x74,0x6f,0x6d,0x69,0x63,0x5f,0x66,0x65,0x74,
0x63,0x68,0x5f,0x61,0x6e,0x64,0x5f,0x38,0x00,0x5f,0x5f,0x61,0x74,0x6f,0x6d,0x69,
0x63,0x5f,0x66,0x65,0x74,0x63,0x68,0x5f,0x6f,0x72,0x5f,0x38,0x00,0x5f,0x5f,0x61,
0x74,0x6f,0x6d,0x69,0x63,0x5f,0x66,0x65,0x74,0x63,0x68,0x5f,0x78,0x6f,0x72,0x5f,
0x38,0x00,0x5f,0x5f,0x61,0x74,0x6f,0x6d,0x69,0x63,0x5f,0x66,0x65,0x74,0x63,0x68,
0x5f,0x6e,0x61,0x6e,0x64,0x5f,0x38,0x00,0x5f,0x5f,0x6d,0x63,0x63,0x5f,0x61,0x74,
0x6f,0x6d,0x69,0x63,0x5f,0x69,0x73,0x5f,0x6c,0x6f,0x63,0x6b,0x5f,0x66,0x72,0x65,
0x65,0x00,0x5f,0x5f,0x61,0x74,0x6f,0x6d,0x69,0x63,0x5f,0x69,0x73,0x5f,0x6c,0x6f,
0x63,0x6b,0x5f,0x66,0x72,0x65,0x65,0x00,0x00,0x00,0x74,0x00,0x00,0x00,0x00,0x00,
0x00,0x00,0x04,0x00,0x00,0x00,0x04,0x00,0x00,0x00,0xfc,0xff,0xff,0xff,0xff,0xff,
0xff,0xff,0xf4,0x00,0x00,0x00,0x00,0x00,0x00,0x00,0x04,0x00,0x00,0x00,0x04,0x00,
0x00,0x00,0xfc,0xff,0xff,0xff,0xff,0xff,0xff,0xff,0x71,0x01,0x00,0x00,0x00,0x00,
0x00,0x00,0x04,0x00,0x00,0x00,0x04,0x00,0x00,0x00,0xfc,0xff,0xff,0xff,0xff,0xff,
0xff,0xff,0xee,0x01,0x00,0x00,0x00,0x00,0x00,0x00,0x04,0x00,0x00,0x00,0x04,0x00,
0x00,0x00,0xfc,0xff,0xff,0xff,0xff,0xff,0xff,0xff,0x6b,0x02,0x00,0x00,0x00,0x00,
0x00,0x00,0x04,0x00,0x00,0x00,0x04,0x00,0x00,0x00,0xfc,0xff,0xff,0xff,0xff,0xff,
0xff,0xff,0xe8,0x02,0x00,0x00,0x00,0x00,0x00,0x00,0x04,0x00,0x00,0x00,0x04,0x00,
0x00,0x00,0xfc,0xff,0xff,0xff,0xff,0xff,0xff,0xff,0x67,0x03,0x00,0x00,0x00,0x00,
0x00,0x00,0x04,0x00,0x00,0x00,0x04,0x00,0x00,0x00,0xfc,0xff,0xff,0xff,0xff,0xff,
0xff,0xff,0xe7,0x03,0x00,0x00,0x00,0x00,0x00,0x00,0x04,0x00,0x00,0x00,0x04,0x00,
0x00,0x00,0xfc,0xff,0xff,0xff,0xff,0xff,0xff,0xff,0x64,0x04,0x00,0x00,0x00,0x00,
0x00,0x00,0x04,0x00,0x00,0x00,0x04,0x00,0x00,0x00,0xfc,0xff,0xff,0xff,0xff,0xff,
0xff,0xff,0xe1,0x04,0x00,0x00,0x00,0x00,0x00,0x00,0x04,0x00,0x00,0x00,0x04,0x00,
0x00,0x00,0xfc,0xff,0xff,0xff,0xff,0xff,0xff,0xff,0x5e,0x05,0x00,0x00,0x00,0x00,
0x00,0x00,0x04,0x00,0x00,0x00,0x04,0x00,0x00,0x00,0xfc,0xff,0xff,0xff,0xff,0xff,
0xff,0xff,0xdb,0x05,0x00,0x00,0x00,0x00,0x00,0x00,0x04,0x00,0x00,0x00,0x04,0x00,
0x00,0x00,0xfc,0xff,0xff,0xff,0xff,0xff,0xff,0xff,0x5a,0x06,0x00,0x00,0x00,0x00,
0x00,0x00,0x04,0x00,0x00,0x00,0x04,0x00,0x00,0x00,0xfc,0xff,0xff,0xff,0xff,0xff,
0xff,0xff,0xd9,0x06,0x00,0x00,0x00,0x00,0x00,0x00,0x04,0x00,0x00,0x00,0x04,0x00,
0x00,0x00,0xfc,0xff,0xff,0xff,0xff,0xff,0xff,0xff,0x5e,0x07,0x00,0x00,0x00,0x00,
0x00,0x00,0x04,0x00,0x00,0x00,0x04,0x00,0x00,0x00,0xfc,0xff,0xff,0xff,0xff,0xff,
0xff,0xff,0xe1,0x07,0x00,0x00,0x00,0x00,0x00,0x00,0x04,0x00,0x00,0x00,0x04,0x00,
0x00,0x00,0xfc,0xff,0xff,0xff,0xff,0xff,0xff,0xff,0x64,0x08,0x00,0x00,0x00,0x00,
0x00,0x00,0x04,0x00,0x00,0x00,0x04,0x00,0x00,0x00,0xfc,0xff,0xff,0xff,0xff,0xff,
0xff,0xff,0xe7,0x08,0x00,0x00,0x00,0x00,0x00,0x00,0x04,0x00,0x00,0x00,0x04,0x00,
0x00,0x00,0xfc,0xff,0xff,0xff,0xff,0xff,0xff,0xff,0x6a,0x09,0x00,0x00,0x00,0x00,
0x00,0x00,0x04,0x00,0x00,0x00,0x04,0x00,0x00,0x00,0xfc,0xff,0xff,0xff,0xff,0xff,
0xff,0xff,0xef,0x09,0x00,0x00,0x00,0x00,0x00,0x00,0x04,0x00,0x00,0x00,0x04,0x00,
0x00,0x00,0xfc,0xff,0xff,0xff,0xff,0xff,0xff,0xff,0x74,0x0a,0x00,0x00,0x00,0x00,
0x00,0x00,0x04,0x00,0x00,0x00,0x04,0x00,0x00,0x00,0xfc,0xff,0xff,0xff,0xff,0xff,
0xff,0xff,0xf7,0x0a,0x00,0x00,0x00,0x00,0x00,0x00,0x04,0x00,0x00,0x00,0x04,0x00,
0x00,0x00,0xfc,0xff,0xff,0xff,0xff,0xff,0xff,0xff,0x7a,0x0b,0x00,0x00,0x00,0x00,
0x00,0x00,0x04,0x00,0x00,0x00,0x04,0x00,0x00,0x00,0xfc,0xff,0xff,0xff,0xff,0xff,
0xff,0xff,0xfd,0x0b,0x00,0x00,0x00,0x00,0x00,0x00,0x04,0x00,0x00,0x00,0x04,0x00,
0x00,0x00,0xfc,0xff,0xff,0xff,0xff,0xff,0xff,0xff,0x80,0x0c,0x00,0x00,0x00,0x00,
0x00,0x00,0x04,0x00,0x00,0x00,0x04,0x00,0x00,0x00,0xfc,0xff,0xff,0xff,0xff,0xff,
0xff,0xff,0x05,0x0d,0x00,0x00,0x00,0x00,0x00,0x00,0x04,0x00,0x00,0x00,0x04,0x00,
0x00,0x00,0xfc,0xff,0xff,0xff,0xff,0xff,0xff,0xff,0x75,0x0d,0x00,0x00,0x00,0x00,
0x00,0x00,0x04,0x00,0x00,0x00,0x04,0x00,0x00,0x00,0xfc,0xff,0xff,0xff,0xff,0xff,
0xff,0xff,0xea,0x0d,0x00,0x00,0x00,0x00,0x00,0x00,0x04,0x00,0x00,0x00,0x04,0x00,
0x00,0x00,0xfc,0xff,0xff,0xff,0xff,0xff,0xff,0xff,0x5d,0x0e,0x00,0x00,0x00,0x00,
0x00,0x00,0x04,0x00,0x00,0x00,0x04,0x00,0x00,0x00,0xfc,0xff,0xff,0xff,0xff,0xff,
0xff,0xff,0xd0,0x0e,0x00,0x00,0x00,0x00,0x00,0x00,0x04,0x00,0x00,0x00,0x04,0x00,
0x00,0x00,0xfc,0xff,0xff,0xff,0xff,0xff,0xff,0xff,0x43,0x0f,0x00,0x00,0x00,0x00,
0x00,0x00,0x04,0x00,0x00,0x00,0x04,0x00,0x00,0x00,0xfc,0xff,0xff,0xff,0xff,0xff,
0xff,0xff,0xb6,0x0f,0x00,0x00,0x00,0x00,0x00,0x00,0x04,0x00,0x00,0x00,0x04,0x00,
0x00,0x00,0xfc,0xff,0xff,0xff,0xff,0xff,0xff,0xff,0x2b,0x10,0x00,0x00,0x00,0x00,
0x00,0x00,0x04,0x00,0x00,0x00,0x04,0x00,0x00,0x00,0xfc,0xff,0xff,0xff,0xff,0xff,
0xff,0xff,0xa0,0x10,0x00,0x00,0x00,0x00,0x00,0x00,0x04,0x00,0x00,0x00,0x04,0x00,
0x00,0x00,0xfc,0xff,0xff,0xff,0xff,0xff,0xff,0xff,0x13,0x11,0x00,0x00,0x00,0x00,
0x00,0x00,0x04,0x00,0x00,0x00,0x04,0x00,0x00,0x00,0xfc,0xff,0xff,0xff,0xff,0xff,
0xff,0xff,0x86,0x11,0x00,0x00,0x00,0x00,0x00,0x00,0x04,0x00,0x00,0x00,0x04,0x00,
0x00,0x00,0xfc,0xff,0xff,0xff,0xff,0xff,0xff,0xff,0xf9,0x11,0x00,0x00,0x00,0x00,
0x00,0x00,0x04,0x00,0x00,0x00,0x04,0x00,0x00,0x00,0xfc,0xff,0xff,0xff,0xff,0xff,
0xff,0xff,0x6c,0x12,0x00,0x00,0x00,0x00,0x00,0x00,0x04,0x00,0x00,0x00,0x04,0x00,
0x00,0x00,0xfc,0xff,0xff,0xff,0xff,0xff,0xff,0xff,0xe1,0x12,0x00,0x00,0x00,0x00,
0x00,0x00,0x04,0x00,0x00,0x00,0x04,0x00,0x00,0x00,0xfc,0xff,0xff,0xff,0xff,0xff,
0xff,0xff,0x5c,0x13,0x00,0x00,0x00,0x00,0x00,0x00,0x04,0x00,0x00,0x00,0x04,0x00,
0x00,0x00,0xfc,0xff,0xff,0xff,0xff,0xff,0xff,0xff,0xde,0x13,0x00,0x00,0x00,0x00,
0x00,0x00,0x04,0x00,0x00,0x00,0x04,0x00,0x00,0x00,0xfc,0xff,0xff,0xff,0xff,0xff,
0xff,0xff,0x5d,0x14,0x00,0x00,0x00,0x00,0x00,0x00,0x04,0x00,0x00,0x00,0x04,0x00,
0x00,0x00,0xfc,0xff,0xff,0xff,0xff,0xff,0xff,0xff,0xdc,0x14,0x00,0x00,0x00,0x00,
0x00,0x00,0x04,0x00,0x00,0x00,0x04,0x00,0x00,0x00,0xfc,0xff,0xff,0xff,0xff,0xff,
0xff,0xff,0x5b,0x15,0x00,0x00,0x00,0x00,0x00,0x00,0x04,0x00,0x00,0x00,0x04,0x00,
0x00,0x00,0xfc,0xff,0xff,0xff,0xff,0xff,0xff,0xff,0xda,0x15,0x00,0x00,0x00,0x00,
0x00,0x00,0x04,0x00,0x00,0x00,0x04,0x00,0x00,0x00,0xfc,0xff,0xff,0xff,0xff,0xff,
0xff,0xff,0x5c,0x16,0x00,0x00,0x00,0x00,0x00,0x00,0x04,0x00,0x00,0x00,0x04,0x00,
0x00,0x00,0xfc,0xff,0xff,0xff,0xff,0xff,0xff,0xff,0xde,0x16,0x00,0x00,0x00,0x00,
0x00,0x00,0x04,0x00,0x00,0x00,0x04,0x00,0x00,0x00,0xfc,0xff,0xff,0xff,0xff,0xff,
0xff,0xff,0x5d,0x17,0x00,0x00,0x00,0x00,0x00,0x00,0x04,0x00,0x00,0x00,0x04,0x00,
0x00,0x00,0xfc,0xff,0xff,0xff,0xff,0xff,0xff,0xff,0xdc,0x17,0x00,0x00,0x00,0x00,
0x00,0x00,0x04,0x00,0x00,0x00,0x04,0x00,0x00,0x00,0xfc,0xff,0xff,0xff,0xff,0xff,
0xff,0xff,0x5b,0x18,0x00,0x00,0x00,0x00,0x00,0x00,0x04,0x00,0x00,0x00,0x04,0x00,
0x00,0x00,0xfc,0xff,0xff,0xff,0xff,0xff,0xff,0xff,0xda,0x18,0x00,0x00,0x00,0x00,
0x00,0x00,0x04,0x00,0x00,0x00,0x04,0x00,0x00,0x00,0xfc,0xff,0xff,0xff,0xff,0xff,
0xff,0xff,0x5c,0x19,0x00,0x00,0x00,0x00,0x00,0x00,0x04,0x00,0x00,0x00,0x04,0x00,
0x00,0x00,0xfc,0xff,0xff,0xff,0xff,0xff,0xff,0xff,0x20,0x00,0x00,0x00,0x00,0x00,
0x00,0x00,0x02,0x00,0x00,0x00,0x02,0x00,0x00,0x00,0x00,0x00,0x00,0x00,0x00,0x00,
0x00,0x00,0x40,0x00,0x00,0x00,0x00,0x00,0x00,0x00,0x02,0x00,0x00,0x00,0x02,0x00,
0x00,0x00,0x7a,0x00,0x00,0x00,0x00,0x00,0x00,0x00,0x60,0x00,0x00,0x00,0x00,0x00,
0x00,0x00,0x02,0x00,0x00,0x00,0x02,0x00,0x00,0x00,0xfa,0x00,0x00,0x00,0x00,0x00,
0x00,0x00,0x80,0x00,0x00,0x00,0x00,0x00,0x00,0x00,0x02,0x00,0x00,0x00,0x02,0x00,
0x00,0x00,0x77,0x01,0x00,0x00,0x00,0x00,0x00,0x00,0xa0,0x00,0x00,0x00,0x00,0x00,
0x00,0x00,0x02,0x00,0x00,0x00,0x02,0x00,0x00,0x00,0xf4,0x01,0x00,0x00,0x00,0x00,
0x00,0x00,0xc0,0x00,0x00,0x00,0x00,0x00,0x00,0x00,0x02,0x00,0x00,0x00,0x02,0x00,
0x00,0x00,0x71,0x02,0x00,0x00,0x00,0x00,0x00,0x00,0xe0,0x00,0x00,0x00,0x00,0x00,
0x00,0x00,0x02,0x00,0x00,0x00,0x02,0x00,0x00,0x00,0xee,0x02,0x00,0x00,0x00,0x00,
0x00,0x00,0x00,0x01,0x00,0x00,0x00,0x00,0x00,0x00,0x02,0x00,0x00,0x00,0x02,0x00,
0x00,0x00,0x6d,0x03,0x00,0x00,0x00,0x00,0x00,0x00,0x20,0x01,0x00,0x00,0x00,0x00,
0x00,0x00,0x02,0x00,0x00,0x00,0x02,0x00,0x00,0x00,0xed,0x03,0x00,0x00,0x00,0x00,
0x00,0x00,0x40,0x01,0x00,0x00,0x00,0x00,0x00,0x00,0x02,0x00,0x00,0x00,0x02,0x00,
0x00,0x00,0x6a,0x04,0x00,0x00,0x00,0x00,0x00,0x00,0x60,0x01,0x00,0x00,0x00,0x00,
0x00,0x00,0x02,0x00,0x00,0x00,0x02,0x00,0x00,0x00,0xe7,0x04,0x00,0x00,0x00,0x00,
0x00,0x00,0x80,0x01,0x00,0x00,0x00,0x00,0x00,0x00,0x02,0x00,0x00,0x00,0x02,0x00,
0x00,0x00,0x64,0x05,0x00,0x00,0x00,0x00,0x00,0x00,0xa0,0x01,0x00,0x00,0x00,0x00,
0x00,0x00,0x02,0x00,0x00,0x00,0x02,0x00,0x00,0x00,0xe1,0x05,0x00,0x00,0x00,0x00,
0x00,0x00,0xc0,0x01,0x00,0x00,0x00,0x00,0x00,0x00,0x02,0x00,0x00,0x00,0x02,0x00,
0x00,0x00,0x60,0x06,0x00,0x00,0x00,0x00,0x00,0x00,0xe0,0x01,0x00,0x00,0x00,0x00,
0x00,0x00,0x02,0x00,0x00,0x00,0x02,0x00,0x00,0x00,0xdf,0x06,0x00,0x00,0x00,0x00,
0x00,0x00,0x00,0x02,0x00,0x00,0x00,0x00,0x00,0x00,0x02,0x00,0x00,0x00,0x02,0x00,
0x00,0x00,0x64,0x07,0x00,0x00,0x00,0x00,0x00,0x00,0x20,0x02,0x00,0x00,0x00,0x00,
0x00,0x00,0x02,0x00,0x00,0x00,0x02,0x00,0x00,0x00,0xe7,0x07,0x00,0x00,0x00,0x00,
0x00,0x00,0x40,0x02,0x00,0x00,0x00,0x00,0x00,0x00,0x02,0x00,0x00,0x00,0x02,0x00,
0x00,0x00,0x6a,0x08,0x00,0x00,0x00,0x00,0x00,0x00,0x60,0x02,0x00,0x00,0x00,0x00,
0x00,0x00,0x02,0x00,0x00,0x00,0x02,0x00,0x00,0x00,0xed,0x08,0x00,0x00,0x00,0x00,
0x00,0x00,0x80,0x02,0x00,0x00,0x00,0x00,0x00,0x00,0x02,0x00,0x00,0x00,0x02,0x00,
0x00,0x00,0x70,0x09,0x00,0x00,0x00,0x00,0x00,0x00,0xa0,0x02,0x00,0x00,0x00,0x00,
0x00,0x00,0x02,0x00,0x00,0x00,0x02,0x00,0x00,0x00,0xf5,0x09,0x00,0x00,0x00,0x00,
0x00,0x00,0xc0,0x02,0x00,0x00,0x00,0x00,0x00,0x00,0x02,0x00,0x00,0x00,0x02,0x00,
0x00,0x00,0x7a,0x0a,0x00,0x00,0x00,0x00,0x00,0x00,0xe0,0x02,0x00,0x00,0x00,0x00,
0x00,0x00,0x02,0x00,0x00,0x00,0x02,0x00,0x00,0x00,0xfd,0x0a,0x00,0x00,0x00,0x00,
0x00,0x00,0x00,0x03,0x00,0x00,0x00,0x00,0x00,0x00,0x02,0x00,0x00,0x00,0x02,0x00,
0x00,0x00,0x80,0x0b,0x00,0x00,0x00,0x00,0x00,0x00,0x20,0x03,0x00,0x00,0x00,0x00,
0x00,0x00,0x02,0x00,0x00,0x00,0x02,0x00,0x00,0x00,0x03,0x0c,0x00,0x00,0x00,0x00,
0x00,0x00,0x40,0x03,0x00,0x00,0x00,0x00,0x00,0x00,0x02,0x00,0x00,0x00,0x02,0x00,
0x00,0x00,0x86,0x0c,0x00,0x00,0x00,0x00,0x00,0x00,0x60,0x03,0x00,0x00,0x00,0x00,
0x00,0x00,0x02,0x00,0x00,0x00,0x02,0x00,0x00,0x00,0x0b,0x0d,0x00,0x00,0x00,0x00,
0x00,0x00,0x80,0x03,0x00,0x00,0x00,0x00,0x00,0x00,0x02,0x00,0x00,0x00,0x02,0x00,
0x00,0x00,0x7b,0x0d,0x00,0x00,0x00,0x00,0x00,0x00,0xa0,0x03,0x00,0x00,0x00,0x00,
0x00,0x00,0x02,0x00,0x00,0x00,0x02,0x00,0x00,0x00,0xf0,0x0d,0x00,0x00,0x00,0x00,
0x00,0x00,0xc0,0x03,0x00,0x00,0x00,0x00,0x00,0x00,0x02,0x00,0x00,0x00,0x02,0x00,
0x00,0x00,0x63,0x0e,0x00,0x00,0x00,0x00,0x00,0x00,0xe0,0x03,0x00,0x00,0x00,0x00,
0x00,0x00,0x02,0x00,0x00,0x00,0x02,0x00,0x00,0x00,0xd6,0x0e,0x00,0x00,0x00,0x00,
0x00,0x00,0x00,0x04,0x00,0x00,0x00,0x00,0x00,0x00,0x02,0x00,0x00,0x00,0x02,0x00,
0x00,0x00,0x49,0x0f,0x00,0x00,0x00,0x00,0x00,0x00,0x20,0x04,0x00,0x00,0x00,0x00,
0x00,0x00,0x02,0x00,0x00,0x00,0x02,0x00,0x00,0x00,0xbc,0x0f,0x00,0x00,0x00,0x00,
0x00,0x00,0x40,0x04,0x00,0x00,0x00,0x00,0x00,0x00,0x02,0x00,0x00,0x00,0x02,0x00,
0x00,0x00,0x31,0x10,0x00,0x00,0x00,0x00,0x00,0x00,0x60,0x04,0x00,0x00,0x00,0x00,
0x00,0x00,0x02,0x00,0x00,0x00,0x02,0x00,0x00,0x00,0xa6,0x10,0x00,0x00,0x00,0x00,
0x00,0x00,0x80,0x04,0x00,0x00,0x00,0x00,0x00,0x00,0x02,0x00,0x00,0x00,0x02,0x00,
0x00,0x00,0x19,0x11,0x00,0x00,0x00,0x00,0x00,0x00,0xa0,0x04,0x00,0x00,0x00,0x00,
0x00,0x00,0x02,0x00,0x00,0x00,0x02,0x00,0x00,0x00,0x8c,0x11,0x00,0x00,0x00,0x00,
0x00,0x00,0xc0,0x04,0x00,0x00,0x00,0x00,0x00,0x00,0x02,0x00,0x00,0x00,0x02,0x00,
0x00,0x00,0xff,0x11,0x00,0x00,0x00,0x00,0x00,0x00,0xe0,0x04,0x00,0x00,0x00,0x00,
0x00,0x00,0x02,0x00,0x00,0x00,0x02,0x00,0x00,0x00,0x72,0x12,0x00,0x00,0x00,0x00,
0x00,0x00,0x00,0x05,0x00,0x00,0x00,0x00,0x00,0x00,0x02,0x00,0x00,0x00,0x02,0x00,
0x00,0x00,0xe7,0x12,0x00,0x00,0x00,0x00,0x00,0x00,0x20,0x05,0x00,0x00,0x00,0x00,
0x00,0x00,0x02,0x00,0x00,0x00,0x02,0x00,0x00,0x00,0x62,0x13,0x00,0x00,0x00,0x00,
0x00,0x00,0x40,0x05,0x00,0x00,0x00,0x00,0x00,0x00,0x02,0x00,0x00,0x00,0x02,0x00,
0x00,0x00,0xe4,0x13,0x00,0x00,0x00,0x00,0x00,0x00,0x60,0x05,0x00,0x00,0x00,0x00,
0x00,0x00,0x02,0x00,0x00,0x00,0x02,0x00,0x00,0x00,0x63,0x14,0x00,0x00,0x00,0x00,
0x00,0x00,0x80,0x05,0x00,0x00,0x00,0x00,0x00,0x00,0x02,0x00,0x00,0x00,0x02,0x00,
0x00,0x00,0xe2,0x14,0x00,0x00,0x00,0x00,0x00,0x00,0xa0,0x05,0x00,0x00,0x00,0x00,
0x00,0x00,0x02,0x00,0x00,0x00,0x02,0x00,0x00,0x00,0x61,0x15,0x00,0x00,0x00,0x00,
0x00,0x00,0xc0,0x05,0x00,0x00,0x00,0x00,0x00,0x00,0x02,0x00,0x00,0x00,0x02,0x00,
0x00,0x00,0xe0,0x15,0x00,0x00,0x00,0x00,0x00,0x00,0xe0,0x05,0x00,0x00,0x00,0x00,
0x00,0x00,0x02,0x00,0x00,0x00,0x02,0x00,0x00,0x00,0x62,0x16,0x00,0x00,0x00,0x00,
0x00,0x00,0x00,0x06,0x00,0x00,0x00,0x00,0x00,0x00,0x02,0x00,0x00,0x00,0x02,0x00,
0x00,0x00,0xe4,0x16,0x00,0x00,0x00,0x00,0x00,0x00,0x20,0x06,0x00,0x00,0x00,0x00,
0x00,0x00,0x02,0x00,0x00,0x00,0x02,0x00,0x00,0x00,0x63,0x17,0x00,0x00,0x00,0x00,
0x00,0x00,0x40,0x06,0x00,0x00,0x00,0x00,0x00,0x00,0x02,0x00,0x00,0x00,0x02,0x00,
0x00,0x00,0xe2,0x17,0x00,0x00,0x00,0x00,0x00,0x00,0x60,0x06,0x00,0x00,0x00,0x00,
0x00,0x00,0x02,0x00,0x00,0x00,0x02,0x00,0x00,0x00,0x61,0x18,0x00,0x00,0x00,0x00,
0x00,0x00,0x80,0x06,0x00,0x00,0x00,0x00,0x00,0x00,0x02,0x00,0x00,0x00,0x02,0x00,
0x00,0x00,0xe0,0x18,0x00,0x00,0x00,0x00,0x00,0x00,0xa0,0x06,0x00,0x00,0x00,0x00,
0x00,0x00,0x02,0x00,0x00,0x00,0x02,0x00,0x00,0x00,0x62,0x19,0x00,0x00,0x00,0x00,
0x00,0x00,0x00,0x2e,0x73,0x79,0x6d,0x74,0x61,0x62,0x00,0x2e,0x73,0x74,0x72,0x74,
0x61,0x62,0x00,0x2e,0x73,0x68,0x73,0x74,0x72,0x74,0x61,0x62,0x00,0x2e,0x72,0x65,
0x6c,0x61,0x2e,0x74,0x65,0x78,0x74,0x00,0x2e,0x64,0x61,0x74,0x61,0x00,0x2e,0x62,
0x73,0x73,0x00,0x2e,0x63,0x6f,0x6d,0x6d,0x65,0x6e,0x74,0x00,0x2e,0x6e,0x6f,0x74,
0x65,0x2e,0x47,0x4e,0x55,0x2d,0x73,0x74,0x61,0x63,0x6b,0x00,0x2e,0x6e,0x6f,0x74,
0x65,0x2e,0x67,0x6e,0x75,0x2e,0x70,0x72,0x6f,0x70,0x65,0x72,0x74,0x79,0x00,0x2e,
0x72,0x65,0x6c,0x61,0x2e,0x65,0x68,0x5f,0x66,0x72,0x61,0x6d,0x65,0x00,0x00,0x00,
0x00,0x00,0x00,0x00,0x00,0x00,0x00,0x00,0x00,0x00,0x00,0x00,0x00,0x00,0x00,0x00,
0x00,0x00,0x00,0x00,0x00,0x00,0x00,0x00,0x00,0x00,0x00,0x00,0x00,0x00,0x00,0x00,
0x00,0x00,0x00,0x00,0x00,0x00,0x00,0x00,0x00,0x00,0x00,0x00,0x00,0x00,0x00,0x00,
0x00,0x00,0x00,0x00,0x00,0x00,0x00,0x00,0x00,0x00,0x00,0x00,0x00,0x00,0x00,0x00,
0x00,0x00,0x20,0x00,0x00,0x00,0x01,0x00,0x00,0x00,0x06,0x00,0x00,0x00,0x00,0x00,
0x00,0x00,0x00,0x00,0x00,0x00,0x00,0x00,0x00,0x00,0x40,0x00,0x00,0x00,0x00,0x00,
0x00,0x00,0xc1,0x19,0x00,0x00,0x00,0x00,0x00,0x00,0x00,0x00,0x00,0x00,0x00,0x00,
0x00,0x00,0x01,0x00,0x00,0x00,0x00,0x00,0x00,0x00,0x00,0x00,0x00,0x00,0x00,0x00,
0x00,0x00,0x1b,0x00,0x00,0x00,0x04,0x00,0x00,0x00,0x40,0x00,0x00,0x00,0x00,0x00,
0x00,0x00,0x00,0x00,0x00,0x00,0x00,0x00,0x00,0x00,0x30,0x2b,0x00,0x00,0x00,0x00,
0x00,0x00,0xe0,0x04,0x00,0x00,0x00,0x00,0x00,0x00,0x0a,0x00,0x00,0x00,0x01,0x00,
0x00,0x00,0x08,0x00,0x00,0x00,0x00,0x00,0x00,0x00,0x18,0x00,0x00,0x00,0x00,0x00,
0x00,0x00,0x26,0x00,0x00,0x00,0x01,0x00,0x00,0x00,0x03,0x00,0x00,0x00,0x00,0x00,
0x00,0x00,0x00,0x00,0x00,0x00,0x00,0x00,0x00,0x00,0x01,0x1a,0x00,0x00,0x00,0x00,
0x00,0x00,0x00,0x00,0x00,0x00,0x00,0x00,0x00,0x00,0x00,0x00,0x00,0x00,0x00,0x00,
0x00,0x00,0x01,0x00,0x00,0x00,0x00,0x00,0x00,0x00,0x00,0x00,0x00,0x00,0x00,0x00,
0x00,0x00,0x2c,0x00,0x00,0x00,0x08,0x00,0x00,0x00,0x03,0x00,0x00,0x00,0x00,0x00,
0x00,0x00,0x00,0x00,0x00,0x00,0x00,0x00,0x00,0x00,0x01,0x1a,0x00,0x00,0x00,0x00,
0x00,0x00,0x00,0x00,0x00,0x00,0x00,0x00,0x00,0x00,0x00,0x00,0x00,0x00,0x00,0x00,
0x00,0x00,0x01,0x00,0x00,0x00,0x00,0x00,0x00,0x00,0x00,0x00,0x00,0x00,0x00,0x00,
0x00,0x00,0x31,0x00,0x00,0x00,0x01,0x00,0x00,0x00,0x30,0x00,0x00,0x00,0x00,0x00,
0x00,0x00,0x00,0x00,0x00,0x00,0x00,0x00,0x00,0x00,0x01,0x1a,0x00,0x00,0x00,0x00,
0x00,0x00,0x20,0x00,0x00,0x00,0x00,0x00,0x00,0x00,0x00,0x00,0x00,0x00,0x00,0x00,
0x00,0x00,0x01,0x00,0x00,0x00,0x00,0x00,0x00,0x00,0x01,0x00,0x00,0x00,0x00,0x00,
0x00,0x00,0x3a,0x00,0x00,0x00,0x01,0x00,0x00,0x00,0x00,0x00,0x00,0x00,0x00,0x00,
0x00,0x00,0x00,0x00,0x00,0x00,0x00,0x00,0x00,0x00,0x21,0x1a,0x00,0x00,0x00,0x00,
0x00,0x00,0x00,0x00,0x00,0x00,0x00,0x00,0x00,0x00,0x00,0x00,0x00,0x00,0x00,0x00,
0x00,0x00,0x01,0x00,0x00,0x00,0x00,0x00,0x00,0x00,0x00,0x00,0x00,0x00,0x00,0x00,
0x00,0x00,0x4a,0x00,0x00,0x00,0x07,0x00,0x00,0x00,0x02,0x00,0x00,0x00,0x00,0x00,
0x00,0x00,0x00,0x00,0x00,0x00,0x00,0x00,0x00,0x00,0x28,0x1a,0x00,0x00,0x00,0x00,
0x00,0x00,0x50,0x00,0x00,0x00,0x00,0x00,0x00,0x00,0x00,0x00,0x00,0x00,0x00,0x00,
0x00,0x00,0x08,0x00,0x00,0x00,0x00,0x00,0x00,0x00,0x00,0x00,0x00,0x00,0x00,0x00,
0x00,0x00,0x62,0x00,0x00,0x00,0x01,0x00,0x00,0x00,0x02,0x00,0x00,0x00,0x00,0x00,
0x00,0x00,0x00,0x00,0x00,0x00,0x00,0x00,0x00,0x00,0x78,0x1a,0x00,0x00,0x00,0x00,
0x00,0x00,0xb8,0x06,0x00,0x00,0x00,0x00,0x00,0x00,0x00,0x00,0x00,0x00,0x00,0x00,
0x00,0x00,0x08,0x00,0x00,0x00,0x00,0x00,0x00,0x00,0x00,0x00,0x00,0x00,0x00,0x00,
0x00,0x00,0x5d,0x00,0x00,0x00,0x04,0x00,0x00,0x00,0x40,0x00,0x00,0x00,0x00,0x00,
0x00,0x00,0x00,0x00,0x00,0x00,0x00,0x00,0x00,0x00,0x10,0x30,0x00,0x00,0x00,0x00,
0x00,0x00,0xf8,0x04,0x00,0x00,0x00,0x00,0x00,0x00,0x0a,0x00,0x00,0x00,0x08,0x00,
0x00,0x00,0x08,0x00,0x00,0x00,0x00,0x00,0x00,0x00,0x18,0x00,0x00,0x00,0x00,0x00,
0x00,0x00,0x01,0x00,0x00,0x00,0x02,0x00,0x00,0x00,0x00,0x00,0x00,0x00,0x00,0x00,
0x00,0x00,0x00,0x00,0x00,0x00,0x00,0x00,0x00,0x00,0x30,0x21,0x00,0x00,0x00,0x00,
0x00,0x00,0x70,0x05,0x00,0x00,0x00,0x00,0x00,0x00,0x0b,0x00,0x00,0x00,0x03,0x00,
0x00,0x00,0x08,0x00,0x00,0x00,0x00,0x00,0x00,0x00,0x18,0x00,0x00,0x00,0x00,0x00,
0x00,0x00,0x09,0x00,0x00,0x00,0x03,0x00,0x00,0x00,0x00,0x00,0x00,0x00,0x00,0x00,
0x00,0x00,0x00,0x00,0x00,0x00,0x00,0x00,0x00,0x00,0xa0,0x26,0x00,0x00,0x00,0x00,
0x00,0x00,0x8e,0x04,0x00,0x00,0x00,0x00,0x00,0x00,0x00,0x00,0x00,0x00,0x00,0x00,
0x00,0x00,0x01,0x00,0x00,0x00,0x00,0x00,0x00,0x00,0x00,0x00,0x00,0x00,0x00,0x00,
0x00,0x00,0x11,0x00,0x00,0x00,0x03,0x00,0x00,0x00,0x00,0x00,0x00,0x00,0x00,0x00,
0x00,0x00,0x00,0x00,0x00,0x00,0x00,0x00,0x00,0x00,0x08,0x35,0x00,0x00,0x00,0x00,
0x00,0x00,0x6c,0x00,0x00,0x00,0x00,0x00,0x00,0x00,0x00,0x00,0x00,0x00,0x00,0x00,
0x00,0x00,0x01,0x00,0x00,0x00,0x00,0x00,0x00,0x00,0x00,0x00,0x00,0x00,0x00,0x00,
0x00,0x00,0x61,0x74,0x6f,0x6d,0x69,0x63,0x2e,0x6f,0x2f,0x20,0x20,0x20,0x20,0x20,
0x20,0x20,0x31,0x37,0x38,0x35,0x37,0x37,0x39,0x35,0x35,0x32,0x20,0x20,0x31,0x30,
0x30,0x30,0x20,0x20,0x31,0x30,0x30,0x30,0x20,0x20,0x31,0x30,0x30,0x36,0x34,0x34,
0x20,0x20,0x33,0x39,0x37,0x36,0x20,0x20,0x20,0x20,0x20,0x20,0x60,0x0a,0x7f,0x45,
0x4c,0x46,0x02,0x01,0x01,0x00,0x00,0x00,0x00,0x00,0x00,0x00,0x00,0x00,0x01,0x00,
0x3e,0x00,0x01,0x00,0x00,0x00,0x00,0x00,0x00,0x00,0x00,0x00,0x00,0x00,0x00,0x00,
0x00,0x00,0x00,0x00,0x00,0x00,0x48,0x0c,0x00,0x00,0x00,0x00,0x00,0x00,0x00,0x00,
0x00,0x00,0x40,0x00,0x00,0x00,0x00,0x00,0x40,0x00,0x0d,0x00,0x0c,0x00,0x0f,0xb6,
0x07,0xc3,0x0f,0xb7,0x07,0xc3,0x8b,0x07,0xc3,0x48,0x8b,0x07,0xc3,0x40,0x86,0x37,
0xc3,0x66,0x87,0x37,0xc3,0x87,0x37,0xc3,0x48,0x87,0x37,0xc3,0x0f,0xb6,0x06,0xf0,
0x0f,0xb0,0x17,0x0f,0x94,0xc2,0x74,0x02,0x88,0x06,0x89,0xd0,0xc3,0x0f,0xb7,0x06,
0x66,0xf0,0x0f,0xb1,0x17,0x0f,0x94,0xc2,0x74,0x03,0x66,0x89,0x06,0x89,0xd0,0xc3,
0x8b,0x06,0xf0,0x0f,0xb1,0x17,0x0f,0x94,0xc2,0x74,0x02,0x89,0x06,0x89,0xd0,0xc3,
0x48,0x8b,0x06,0xf0,0x48,0x0f,0xb1,0x17,0x0f,0x94,0xc2,0x74,0x03,0x48,0x89,0x06,
0x89,0xd0,0xc3,0xb8,0x01,0x00,0x00,0x00,0x86,0x07,0xc3,0xb8,0x01,0x00,0x00,0x00,
0x86,0x07,0xc3,0xb8,0x01,0x00,0x00,0x00,0x86,0x07,0xc3,0xb8,0x01,0x00,0x00,0x00,
0x86,0x07,0xc3,0xf0,0x48,0x83,0x0c,0x24,0x00,0xc3,0xc3,0xb8,0x01,0x00,0x00,0x00,
0x86,0x07,0xc3,0xb8,0x01,0x00,0x00,0x00,0x86,0x07,0xc3,0x31,0xc0,0x86,0x07,0xc3,
0x31,0xc0,0x86,0x07,0xc3,0xf3,0x0f,0x1e,0xfa,0x55,0x48,0x89,0xe5,0x48,0x89,0x7d,
0xf8,0x48,0x8b,0x45,0xf8,0x48,0xc1,0xe8,0x04,0x83,0xe0,0x3f,0x48,0x89,0xc2,0x48,
0x8d,0x05,0x00,0x00,0x00,0x00,0x48,0x01,0xd0,0x5d,0xc3,0xf3,0x0f,0x1e,0xfa,0x55,
0x48,0x89,0xe5,0x48,0x83,0xec,0x18,0x48,0x89,0x7d,0xe8,0x48,0x8b,0x45,0xe8,0x48,
0x89,0xc7,0xe8,0xbe,0xff,0xff,0xff,0x48,0x89,0x45,0xf8,0x90,0x48,0x8b,0x55,0xf8,
0xb8,0x01,0x00,0x00,0x00,0x86,0x02,0x84,0xc0,0x75,0xf1,0x90,0x90,0xc9,0xc3,0xf3,
0x0f,0x1e,0xfa,0x55,0x48,0x89,0xe5,0x48,0x83,0xec,0x08,0x48,0x89,0x7d,0xf8,0x48,
0x8b,0x45,0xf8,0x48,0x89,0xc7,0xe8,0x8a,0xff,0xff,0xff,0xba,0x00,0x00,0x00,0x00,
0x88,0x10,0x90,0xc9,0xc3,0xf3,0x0f,0x1e,0xfa,0x55,0x48,0x89,0xe5,0x48,0x89,0x7d,
0xe8,0x48,0x89,0x75,0xe0,0x48,0x89,0x55,0xd8,0x48,0x8b,0x45,0xe8,0x48,0x89,0x45,
0xf0,0x48,0x8b,0x45,0xe0,0x48,0x89,0x45,0xf8,0xeb,0x1d,0x48,0x8b,0x55,0xf8,0x48,
0x8d,0x42,0x01,0x48,0x89,0x45,0xf8,0x48,0x8b,0x45,0xf0,0x48,0x8d,0x48,0x01,0x48,
0x89,0x4d,0xf0,0x0f,0xb6,0x12,0x88,0x10,0x48,0x8b,0x45,0xd8,0x48,0x8d,0x50,0xff,
0x48,0x89,0x55,0xd8,0x48,0x85,0xc0,0x75,0xd2,0x90,0x90,0x5d,0xc3,0xf3,0x0f,0x1e,
0xfa,0x55,0x48,0x89,0xe5,0x48,0x83,0xec,0x20,0x48,0x89,0x7d,0xf8,0x48,0x89,0x75,
0xf0,0x48,0x89,0x55,0xe8,0x89,0x4d,0xe4,0x48,0x8b,0x45,0xf0,0x48,0x89,0xc7,0xe8,
0x27,0xff,0xff,0xff,0x48,0x8b,0x55,0xf8,0x48,0x8b,0x4d,0xf0,0x48,0x8b,0x45,0xe8,
0x48,0x89,0xce,0x48,0x89,0xc7,0xe8,0x6a,0xff,0xff,0xff,0x48,0x8b,0x45,0xf0,0x48,
0x89,0xc7,0xe8,0x38,0xff,0xff,0xff,0x90,0xc9,0xc3,0xf3,0x0f,0x1e,0xfa,0x55,0x48,
0x89,0xe5,0x48,0x83,0xec,0x20,0x48,0x89,0x7d,0xf8,0x48,0x89,0x75,0xf0,0x48,0x89,
0x55,0xe8,0x89,0x4d,0xe4,0x48,0x8b,0x45,0xf0,0x48,0x89,0xc7,0xe8,0xda,0xfe,0xff,
0xff,0x48,0x8b,0x55,0xf8,0x48,0x8b,0x4d,0xe8,0x48,0x8b,0x45,0xf0,0x48,0x89,0xce,
0x48,0x89,0xc7,0xe8,0x1d,0xff,0xff,0xff,0x48,0x8b,0x45,0xf0,0x48,0x89,0xc7,0xe8,
0xeb,0xfe,0xff,0xff,0x90,0xc9,0xc3,0xf3,0x0f,0x1e,0xfa,0x55,0x48,0x89,0xe5,0x48,
0x83,0xec,0x28,0x48,0x89,0x7d,0xf8,0x48,0x89,0x75,0xf0,0x48,0x89,0x55,0xe8,0x48,
0x89,0x4d,0xe0,0x44,0x89,0x45,0xdc,0x48,0x8b,0x45,0xf0,0x48,0x89,0xc7,0xe8,0x88,
0xfe,0xff,0xff,0x48,0x8b,0x55,0xf8,0x48,0x8b,0x4d,0xf0,0x48,0x8b,0x45,0xe0,0x48,
0x89,0xce,0x48,0x89,0xc7,0xe8,0xcb,0xfe,0xff,0xff,0x48,0x8b,0x55,0xf8,0x48,0x8b,
0x4d,0xe8,0x48,0x8b,0x45,0xf0,0x48,0x89,0xce,0x48,0x89,0xc7,0xe8,0xb4,0xfe,0xff,
0xff,0x48,0x8b,0x45,0xf0,0x48,0x89,0xc7,0xe8,0x82,0xfe,0xff,0xff,0x90,0xc9,0xc3,
0xf3,0x0f,0x1e,0xfa,0x55,0x48,0x89,0xe5,0x48,0x83,0xec,0x48,0x48,0x89,0x7d,0xd8,
0x48,0x89,0x75,0xd0,0x48,0x89,0x55,0xc8,0x48,0x89,0x4d,0xc0,0x44,0x89,0x45,0xbc,
0x44,0x89,0x4d,0xb8,0xc7,0x45,0xe4,0x01,0x00,0x00,0x00,0x48,0x8b,0x45,0xd0,0x48,
0x89,0x45,0xf0,0x48,0x8b,0x45,0xc8,0x48,0x89,0x45,0xf8,0x48,0x8b,0x45,0xd0,0x48,
0x89,0xc7,0xe8,0x04,0xfe,0xff,0xff,0x48,0xc7,0x45,0xe8,0x00,0x00,0x00,0x00,0xeb,
0x2e,0x48,0x8b,0x55,0xf0,0x48,0x8b,0x45,0xe8,0x48,0x01,0xd0,0x0f,0xb6,0x10,0x48,
0x8b,0x4d,0xf8,0x48,0x8b,0x45,0xe8,0x48,0x01,0xc8,0x0f,0xb6,0x00,0x38,0xc2,0x74,
0x09,0xc7,0x45,0xe4,0x00,0x00,0x00,0x00,0xeb,0x0f,0x48,0x83,0x45,0xe8,0x01,0x48,
0x8b,0x45,0xe8,0x48,0x3b,0x45,0xd8,0x72,0xc8,0x83,0x7d,0xe4,0x00,0x74,0x19,0x48,
0x8b,0x55,0xd8,0x48,0x8b,0x4d,0xc0,0x48,0x8b,0x45,0xd0,0x48,0x89,0xce,0x48,0x89,
0xc7,0xe8,0xff,0xfd,0xff,0xff,0xeb,0x17,0x48,0x8b,0x55,0xd8,0x48,0x8b,0x4d,0xd0,
0x48,0x8b,0x45,0xc8,0x48,0x89,0xce,0x48,0x89,0xc7,0xe8,0xe6,0xfd,0xff,0xff,0x48,
0x8b,0x45,0xd0,0x48,0x89,0xc7,0xe8,0xb4,0xfd,0xff,0xff,0x8b,0x45,0xe4,0xc9,0xc3,
0x00,0x00,0x00,0x00,0x00,0x00,0x00,0x47,0x43,0x43,0x3a,0x20,0x28,0x47,0x65,0x6e,
0x74,0x6f,0x6f,0x20,0x31,0x35,0x2e,0x33,0x2e,0x30,0x20,0x70,0x38,0x29,0x20,0x31,
0x35,0x2e,0x33,0x2e,0x30,0x00,0x04,0x00,0x00,0x00,0x10,0x00,0x00,0x00,0x05,0x00,
0x00,0x00,0x47,0x4e,0x55,0x00,0x02,0x00,0x00,0xc0,0x04,0x00,0x00,0x00,0x03,0x00,
0x00,0x00,0x00,0x00,0x00,0x00,0x04,0x00,0x00,0x00,0x20,0x00,0x00,0x00,0x05,0x00,
0x00,0x00,0x47,0x4e,0x55,0x00,0x02,0x00,0x01,0xc0,0x04,0x00,0x00,0x00,0x01,0x00,
0x00,0x00,0x00,0x00,0x00,0x00,0x01,0x00,0x01,0xc0,0x04,0x00,0x00,0x00,0x01,0x00,
0x00,0x00,0x00,0x00,0x00,0x00,0x14,0x00,0x00,0x00,0x00,0x00,0x00,0x00,0x01,0x7a,
0x52,0x00,0x01,0x78,0x10,0x01,0x1b,0x0c,0x07,0x08,0x90,0x01,0x00,0x00,0x1c,0x00,
0x00,0x00,0x1c,0x00,0x00,0x00,0x00,0x00,0x00,0x00,0x26,0x00,0x00,0x00,0x00,0x45,
0x0e,0x10,0x86,0x02,0x43,0x0d,0x06,0x5d,0x0c,0x07,0x08,0x00,0x00,0x00,0x1c,0x00,
0x00,0x00,0x3c,0x00,0x00,0x00,0x00,0x00,0x00,0x00,0x34,0x00,0x00,0x00,0x00,0x45,
0x0e,0x10,0x86,0x02,0x43,0x0d,0x06,0x6b,0x0c,0x07,0x08,0x00,0x00,0x00,0x1c,0x00,
0x00,0x00,0x5c,0x00,0x00,0x00,0x00,0x00,0x00,0x00,0x26,0x00,0x00,0x00,0x00,0x45,
0x0e,0x10,0x86,0x02,0x43,0x0d,0x06,0x5d,0x0c,0x07,0x08,0x00,0x00,0x00,0x1c,0x00,
0x00,0x00,0x7c,0x00,0x00,0x00,0x00,0x00,0x00,0x00,0x58,0x00,0x00,0x00,0x00,0x45,
0x0e,0x10,0x86,0x02,0x43,0x0d,0x06,0x02,0x4f,0x0c,0x07,0x08,0x00,0x00,0x1c,0x00,
0x00,0x00,0x9c,0x00,0x00,0x00,0x00,0x00,0x00,0x00,0x4d,0x00,0x00,0x00,0x00,0x45,
0x0e,0x10,0x86,0x02,0x43,0x0d,0x06,0x02,0x44,0x0c,0x07,0x08,0x00,0x00,0x1c,0x00,
0x00,0x00,0xbc,0x00,0x00,0x00,0x00,0x00,0x00,0x00,0x4d,0x00,0x00,0x00,0x00,0x45,
0x0e,0x10,0x86,0x02,0x43,0x0d,0x06,0x02,0x44,0x0c,0x07,0x08,0x00,0x00,0x1c,0x00,
0x00,0x00,0xdc,0x00,0x00,0x00,0x00,0x00,0x00,0x00,0x69,0x00,0x00,0x00,0x00,0x45,
0x0e,0x10,0x86,0x02,0x43,0x0d,0x06,0x02,0x60,0x0c,0x07,0x08,0x00,0x00,0x1c,0x00,
0x00,0x00,0xfc,0x00,0x00,0x00,0x00,0x00,0x00,0x00,0xd0,0x00,0x00,0x00,0x00,0x45,
0x0e,0x10,0x86,0x02,0x43,0x0d,0x06,0x02,0xc7,0x0c,0x07,0x08,0x00,0x00,0x00,0x00,
0x00,0x00,0x00,0x00,0x00,0x00,0x00,0x00,0x00,0x00,0x00,0x00,0x00,0x00,0x00,0x00,
0x00,0x00,0x00,0x00,0x00,0x00,0x01,0x00,0x00,0x00,0x04,0x00,0xf1,0xff,0x00,0x00,
0x00,0x00,0x00,0x00,0x00,0x00,0x00,0x00,0x00,0x00,0x00,0x00,0x00,0x00,0x00,0x00,
0x00,0x00,0x03,0x00,0x01,0x00,0x00,0x00,0x00,0x00,0x00,0x00,0x00,0x00,0x00,0x00,
0x00,0x00,0x00,0x00,0x00,0x00,0x00,0x00,0x00,0x00,0x03,0x00,0x04,0x00,0x00,0x00,
0x00,0x00,0x00,0x00,0x00,0x00,0x00,0x00,0x00,0x00,0x00,0x00,0x00,0x00,0x0a,0x00,
0x00,0x00,0x01,0x00,0x04,0x00,0x00,0x00,0x00,0x00,0x00,0x00,0x00,0x00,0x40,0x00,
0x00,0x00,0x00,0x00,0x00,0x00,0x1d,0x00,0x00,0x00,0x02,0x00,0x01,0x00,0xa7,0x00,
0x00,0x00,0x00,0x00,0x00,0x00,0x26,0x00,0x00,0x00,0x00,0x00,0x00,0x00,0x33,0x00,
0x00,0x00,0x02,0x00,0x01,0x00,0xcd,0x00,0x00,0x00,0x00,0x00,0x00,0x00,0x34,0x00,
0x00,0x00,0x00,0x00,0x00,0x00,0x45,0x00,0x00,0x00,0x02,0x00,0x01,0x00,0x01,0x01,
0x00,0x00,0x00,0x00,0x00,0x00,0x26,0x00,0x00,0x00,0x00,0x00,0x00,0x00,0x59,0x00,
0x00,0x00,0x02,0x00,0x01,0x00,0x27,0x01,0x00,0x00,0x00,0x00,0x00,0x00,0x58,0x00,
0x00,0x00,0x00,0x00,0x00,0x00,0x69,0x00,0x00,0x00,0x12,0x00,0x01,0x00,0x00,0x00,
0x00,0x00,0x00,0x00,0x00,0x00,0x04,0x00,0x00,0x00,0x00,0x00,0x00,0x00,0x79,0x00,
0x00,0x00,0x12,0x00,0x01,0x00,0x04,0x00,0x00,0x00,0x00,0x00,0x00,0x00,0x04,0x00,
0x00,0x00,0x00,0x00,0x00,0x00,0x89,0x00,0x00,0x00,0x12,0x00,0x01,0x00,0x08,0x00,
0x00,0x00,0x00,0x00,0x00,0x00,0x03,0x00,0x00,0x00,0x00,0x00,0x00,0x00,0x99,0x00,
0x00,0x00,0x12,0x00,0x01,0x00,0x0b,0x00,0x00,0x00,0x00,0x00,0x00,0x00,0x04,0x00,
0x00,0x00,0x00,0x00,0x00,0x00,0xa9,0x00,0x00,0x00,0x12,0x00,0x01,0x00,0x0f,0x00,
0x00,0x00,0x00,0x00,0x00,0x00,0x04,0x00,0x00,0x00,0x00,0x00,0x00,0x00,0xba,0x00,
0x00,0x00,0x12,0x00,0x01,0x00,0x13,0x00,0x00,0x00,0x00,0x00,0x00,0x00,0x04,0x00,
0x00,0x00,0x00,0x00,0x00,0x00,0xcb,0x00,0x00,0x00,0x12,0x00,0x01,0x00,0x17,0x00,
0x00,0x00,0x00,0x00,0x00,0x00,0x03,0x00,0x00,0x00,0x00,0x00,0x00,0x00,0xdc,0x00,
0x00,0x00,0x12,0x00,0x01,0x00,0x1a,0x00,0x00,0x00,0x00,0x00,0x00,0x00,0x04,0x00,
0x00,0x00,0x00,0x00,0x00,0x00,0xed,0x00,0x00,0x00,0x12,0x00,0x01,0x00,0x1e,0x00,
0x00,0x00,0x00,0x00,0x00,0x00,0x11,0x00,0x00,0x00,0x00,0x00,0x00,0x00,0x09,0x01,
0x00,0x00,0x12,0x00,0x01,0x00,0x2f,0x00,0x00,0x00,0x00,0x00,0x00,0x00,0x13,0x00,
0x00,0x00,0x00,0x00,0x00,0x00,0x25,0x01,0x00,0x00,0x12,0x00,0x01,0x00,0x42,0x00,
0x00,0x00,0x00,0x00,0x00,0x00,0x10,0x00,0x00,0x00,0x00,0x00,0x00,0x00,0x41,0x01,
0x00,0x00,0x12,0x00,0x01,0x00,0x52,0x00,0x00,0x00,0x00,0x00,0x00,0x00,0x13,0x00,
0x00,0x00,0x00,0x00,0x00,0x00,0x5d,0x01,0x00,0x00,0x12,0x00,0x01,0x00,0x65,0x00,
0x00,0x00,0x00,0x00,0x00,0x00,0x08,0x00,0x00,0x00,0x00,0x00,0x00,0x00,0x75,0x01,
0x00,0x00,0x12,0x00,0x01,0x00,0x6d,0x00,0x00,0x00,0x00,0x00,0x00,0x00,0x08,0x00,
0x00,0x00,0x00,0x00,0x00,0x00,0x8d,0x01,0x00,0x00,0x12,0x00,0x01,0x00,0x75,0x00,
0x00,0x00,0x00,0x00,0x00,0x00,0x08,0x00,0x00,0x00,0x00,0x00,0x00,0x00,0xa5,0x01,
0x00,0x00,0x12,0x00,0x01,0x00,0x7d,0x00,0x00,0x00,0x00,0x00,0x00,0x00,0x08,0x00,
0x00,0x00,0x00,0x00,0x00,0x00,0xbd,0x01,0x00,0x00,0x12,0x00,0x01,0x00,0x85,0x00,
0x00,0x00,0x00,0x00,0x00,0x00,0x07,0x00,0x00,0x00,0x00,0x00,0x00,0x00,0xd1,0x01,
0x00,0x00,0x12,0x00,0x01,0x00,0x8c,0x00,0x00,0x00,0x00,0x00,0x00,0x00,0x01,0x00,
0x00,0x00,0x00,0x00,0x00,0x00,0xe5,0x01,0x00,0x00,0x12,0x00,0x01,0x00,0x8d,0x00,
0x00,0x00,0x00,0x00,0x00,0x00,0x08,0x00,0x00,0x00,0x00,0x00,0x00,0x00,0xfe,0x01,
0x00,0x00,0x12,0x00,0x01,0x00,0x95,0x00,0x00,0x00,0x00,0x00,0x00,0x00,0x08,0x00,
0x00,0x00,0x00,0x00,0x00,0x00,0x20,0x02,0x00,0x00,0x12,0x00,0x01,0x00,0x9d,0x00,
0x00,0x00,0x00,0x00,0x00,0x00,0x05,0x00,0x00,0x00,0x00,0x00,0x00,0x00,0x32,0x02,
0x00,0x00,0x12,0x00,0x01,0x00,0xa2,0x00,0x00,0x00,0x00,0x00,0x00,0x00,0x05,0x00,
0x00,0x00,0x00,0x00,0x00,0x00,0x4d,0x02,0x00,0x00,0x12,0x00,0x01,0x00,0x7f,0x01,
0x00,0x00,0x00,0x00,0x00,0x00,0x4d,0x00,0x00,0x00,0x00,0x00,0x00,0x00,0x5b,0x02,
0x00,0x00,0x12,0x00,0x01,0x00,0xcc,0x01,0x00,0x00,0x00,0x00,0x00,0x00,0x4d,0x00,
0x00,0x00,0x00,0x00,0x00,0x00,0x6a,0x02,0x00,0x00,0x12,0x00,0x01,0x00,0x19,0x02,
0x00,0x00,0x00,0x00,0x00,0x00,0x69,0x00,0x00,0x00,0x00,0x00,0x00,0x00,0x7c,0x02,
0x00,0x00,0x12,0x00,0x01,0x00,0x82,0x02,0x00,0x00,0x00,0x00,0x00,0x00,0xd0,0x00,
0x00,0x00,0x00,0x00,0x00,0x00,0x00,0x61,0x74,0x6f,0x6d,0x69,0x63,0x2e,0x63,0x00,
0x5f,0x5f,0x6d,0x63,0x63,0x5f,0x61,0x74,0x6f,0x6d,0x69,0x63,0x5f,0x6c,0x6f,0x63,
0x6b,0x73,0x00,0x5f,0x5f,0x6d,0x63,0x63,0x5f,0x61,0x74,0x6f,0x6d,0x69,0x63,0x5f,
0x6c,0x6f,0x63,0x6b,0x5f,0x66,0x6f,0x72,0x00,0x5f,0x5f,0x6d,0x63,0x63,0x5f,0x61,
0x74,0x6f,0x6d,0x69,0x63,0x5f,0x6c,0x6f,0x63,0x6b,0x00,0x5f,0x5f,0x6d,0x63,0x63,
0x5f,0x61,0x74,0x6f,0x6d,0x69,0x63,0x5f,0x75,0x6e,0x6c,0x6f,0x63,0x6b,0x00,0x5f,
0x5f,0x6d,0x63,0x63,0x5f,0x62,0x79,0x74,0x65,0x5f,0x63,0x6f,0x70,0x79,0x00,0x5f,
0x5f,0x61,0x74,0x6f,0x6d,0x69,0x63,0x5f,0x6c,0x6f,0x61,0x64,0x5f,0x31,0x00,0x5f,
0x5f,0x61,0x74,0x6f,0x6d,0x69,0x63,0x5f,0x6c,0x6f,0x61,0x64,0x5f,0x32,0x00,0x5f,
0x5f,0x61,0x74,0x6f,0x6d,0x69,0x63,0x5f,0x6c,0x6f,0x61,0x64,0x5f,0x34,0x00,0x5f,
0x5f,0x61,0x74,0x6f,0x6d,0x69,0x63,0x5f,0x6c,0x6f,0x61,0x64,0x5f,0x38,0x00,0x5f,
0x5f,0x61,0x74,0x6f,0x6d,0x69,0x63,0x5f,0x73,0x74,0x6f,0x72,0x65,0x5f,0x31,0x00,
0x5f,0x5f,0x61,0x74,0x6f,0x6d,0x69,0x63,0x5f,0x73,0x74,0x6f,0x72,0x65,0x5f,0x32,
0x00,0x5f,0x5f,0x61,0x74,0x6f,0x6d,0x69,0x63,0x5f,0x73,0x74,0x6f,0x72,0x65,0x5f,
0x34,0x00,0x5f,0x5f,0x61,0x74,0x6f,0x6d,0x69,0x63,0x5f,0x73,0x74,0x6f,0x72,0x65,
0x5f,0x38,0x00,0x5f,0x5f,0x61,0x74,0x6f,0x6d,0x69,0x63,0x5f,0x63,0x6f,0x6d,0x70,
0x61,0x72,0x65,0x5f,0x65,0x78,0x63,0x68,0x61,0x6e,0x67,0x65,0x5f,0x31,0x00,0x5f,
0x5f,0x61,0x74,0x6f,0x6d,0x69,0x63,0x5f,0x63,0x6f,0x6d,0x70,0x61,0x72,0x65,0x5f,
0x65,0x78,0x63,0x68,0x61,0x6e,0x67,0x65,0x5f,0x32,0x00,0x5f,0x5f,0x61,0x74,0x6f,
0x6d,0x69,0x63,0x5f,0x63,0x6f,0x6d,0x70,0x61,0x72,0x65,0x5f,0x65,0x78,0x63,0x68,
0x61,0x6e,0x67,0x65,0x5f,0x34,0x00,0x5f,0x5f,0x61,0x74,0x6f,0x6d,0x69,0x63,0x5f,
0x63,0x6f,0x6d,0x70,0x61,0x72,0x65,0x5f,0x65,0x78,0x63,0x68,0x61,0x6e,0x67,0x65,
0x5f,0x38,0x00,0x5f,0x5f,0x61,0x74,0x6f,0x6d,0x69,0x63,0x5f,0x74,0x65,0x73,0x74,
0x5f,0x61,0x6e,0x64,0x5f,0x73,0x65,0x74,0x5f,0x31,0x00,0x5f,0x5f,0x61,0x74,0x6f,
0x6d,0x69,0x63,0x5f,0x74,0x65,0x73,0x74,0x5f,0x61,0x6e,0x64,0x5f,0x73,0x65,0x74,
0x5f,0x32,0x00,0x5f,0x5f,0x61,0x74,0x6f,0x6d,0x69,0x63,0x5f,0x74,0x65,0x73,0x74,
0x5f,0x61,0x6e,0x64,0x5f,0x73,0x65,0x74,0x5f,0x34,0x00,0x5f,0x5f,0x61,0x74,0x6f,
0x6d,0x69,0x63,0x5f,0x74,0x65,0x73,0x74,0x5f,0x61,0x6e,0x64,0x5f,0x73,0x65,0x74,
0x5f,0x38,0x00,0x61,0x74,0x6f,0x6d,0x69,0x63,0x5f,0x74,0x68,0x72,0x65,0x61,0x64,
0x5f,0x66,0x65,0x6e,0x63,0x65,0x00,0x61,0x74,0x6f,0x6d,0x69,0x63,0x5f,0x73,0x69,
0x67,0x6e,0x61,0x6c,0x5f,0x66,0x65,0x6e,0x63,0x65,0x00,0x61,0x74,0x6f,0x6d,0x69,
0x63,0x5f,0x66,0x6c,0x61,0x67,0x5f,0x74,0x65,0x73,0x74,0x5f,0x61,0x6e,0x64,0x5f,
0x73,0x65,0x74,0x00,0x61,0x74,0x6f,0x6d,0x69,0x63,0x5f,0x66,0x6c,0x61,0x67,0x5f,
0x74,0x65,0x73,0x74,0x5f,0x61,0x6e,0x64,0x5f,0x73,0x65,0x74,0x5f,0x65,0x78,0x70,
0x6c,0x69,0x63,0x69,0x74,0x00,0x61,0x74,0x6f,0x6d,0x69,0x63,0x5f,0x66,0x6c,0x61,
0x67,0x5f,0x63,0x6c,0x65,0x61,0x72,0x00,0x61,0x74,0x6f,0x6d,0x69,0x63,0x5f,0x66,
0x6c,0x61,0x67,0x5f,0x63,0x6c,0x65,0x61,0x72,0x5f,0x65,0x78,0x70,0x6c,0x69,0x63,
0x69,0x74,0x00,0x5f,0x5f,0x61,0x74,0x6f,0x6d,0x69,0x63,0x5f,0x6c,0x6f,0x61,0x64,
0x00,0x5f,0x5f,0x61,0x74,0x6f,0x6d,0x69,0x63,0x5f,0x73,0x74,0x6f,0x72,0x65,0x00,
0x5f,0x5f,0x61,0x74,0x6f,0x6d,0x69,0x63,0x5f,0x65,0x78,0x63,0x68,0x61,0x6e,0x67,
0x65,0x00,0x5f,0x5f,0x61,0x74,0x6f,0x6d,0x69,0x63,0x5f,0x63,0x6f,0x6d,0x70,0x61,
0x72,0x65,0x5f,0x65,0x78,0x63,0x68,0x61,0x6e,0x67,0x65,0x00,0x00,0x00,0xc4,0x00,
0x00,0x00,0x00,0x00,0x00,0x00,0x02,0x00,0x00,0x00,0x03,0x00,0x00,0x00,0xfc,0xff,
0xff,0xff,0xff,0xff,0xff,0xff,0x20,0x00,0x00,0x00,0x00,0x00,0x00,0x00,0x02,0x00,
0x00,0x00,0x02,0x00,0x00,0x00,0xa7,0x00,0x00,0x00,0x00,0x00,0x00,0x00,0x40,0x00,
0x00,0x00,0x00,0x00,0x00,0x00,0x02,0x00,0x00,0x00,0x02,0x00,0x00,0x00,0xcd,0x00,
0x00,0x00,0x00,0x00,0x00,0x00,0x60,0x00,0x00,0x00,0x00,0x00,0x00,0x00,0x02,0x00,
0x00,0x00,0x02,0x00,0x00,0x00,0x01,0x01,0x00,0x00,0x00,0x00,0x00,0x00,0x80,0x00,
0x00,0x00,0x00,0x00,0x00,0x00,0x02,0x00,0x00,0x00,0x02,0x00,0x00,0x00,0x27,0x01,
0x00,0x00,0x00,0x00,0x00,0x00,0xa0,0x00,0x00,0x00,0x00,0x00,0x00,0x00,0x02,0x00,
0x00,0x00,0x02,0x00,0x00,0x00,0x7f,0x01,0x00,0x00,0x00,0x00,0x00,0x00,0xc0,0x00,
0x00,0x00,0x00,0x00,0x00,0x00,0x02,0x00,0x00,0x00,0x02,0x00,0x00,0x00,0xcc,0x01,
0x00,0x00,0x00,0x00,0x00,0x00,0xe0,0x00,0x00,0x00,0x00,0x00,0x00,0x00,0x02,0x00,
0x00,0x00,0x02,0x00,0x00,0x00,0x19,0x02,0x00,0x00,0x00,0x00,0x00,0x00,0x00,0x01,
0x00,0x00,0x00,0x00,0x00,0x00,0x02,0x00,0x00,0x00,0x02,0x00,0x00,0x00,0x82,0x02,
0x00,0x00,0x00,0x00,0x00,0x00,0x00,0x2e,0x73,0x79,0x6d,0x74,0x61,0x62,0x00,0x2e,
0x73,0x74,0x72,0x74,0x61,0x62,0x00,0x2e,0x73,0x68,0x73,0x74,0x72,0x74,0x61,0x62,
0x00,0x2e,0x72,0x65,0x6c,0x61,0x2e,0x74,0x65,0x78,0x74,0x00,0x2e,0x64,0x61,0x74,
0x61,0x00,0x2e,0x62,0x73,0x73,0x00,0x2e,0x63,0x6f,0x6d,0x6d,0x65,0x6e,0x74,0x00,
0x2e,0x6e,0x6f,0x74,0x65,0x2e,0x47,0x4e,0x55,0x2d,0x73,0x74,0x61,0x63,0x6b,0x00,
0x2e,0x6e,0x6f,0x74,0x65,0x2e,0x67,0x6e,0x75,0x2e,0x70,0x72,0x6f,0x70,0x65,0x72,
0x74,0x79,0x00,0x2e,0x72,0x65,0x6c,0x61,0x2e,0x65,0x68,0x5f,0x66,0x72,0x61,0x6d,
0x65,0x00,0x00,0x00,0x00,0x00,0x00,0x00,0x00,0x00,0x00,0x00,0x00,0x00,0x00,0x00,
0x00,0x00,0x00,0x00,0x00,0x00,0x00,0x00,0x00,0x00,0x00,0x00,0x00,0x00,0x00,0x00,
0x00,0x00,0x00,0x00,0x00,0x00,0x00,0x00,0x00,0x00,0x00,0x00,0x00,0x00,0x00,0x00,
0x00,0x00,0x00,0x00,0x00,0x00,0x00,0x00,0x00,0x00,0x00,0x00,0x00,0x00,0x00,0x00,
0x00,0x00,0x00,0x00,0x00,0x00,0x20,0x00,0x00,0x00,0x01,0x00,0x00,0x00,0x06,0x00,
0x00,0x00,0x00,0x00,0x00,0x00,0x00,0x00,0x00,0x00,0x00,0x00,0x00,0x00,0x40,0x00,
0x00,0x00,0x00,0x00,0x00,0x00,0x52,0x03,0x00,0x00,0x00,0x00,0x00,0x00,0x00,0x00,
0x00,0x00,0x00,0x00,0x00,0x00,0x01,0x00,0x00,0x00,0x00,0x00,0x00,0x00,0x00,0x00,
0x00,0x00,0x00,0x00,0x00,0x00,0x1b,0x00,0x00,0x00,0x04,0x00,0x00,0x00,0x40,0x00,
0x00,0x00,0x00,0x00,0x00,0x00,0x00,0x00,0x00,0x00,0x00,0x00,0x00,0x00,0x00,0x0b,
0x00,0x00,0x00,0x00,0x00,0x00,0x18,0x00,0x00,0x00,0x00,0x00,0x00,0x00,0x0a,0x00,
0x00,0x00,0x01,0x00,0x00,0x00,0x08,0x00,0x00,0x00,0x00,0x00,0x00,0x00,0x18,0x00,
0x00,0x00,0x00,0x00,0x00,0x00,0x26,0x00,0x00,0x00,0x01,0x00,0x00,0x00,0x03,0x00,
0x00,0x00,0x00,0x00,0x00,0x00,0x00,0x00,0x00,0x00,0x00,0x00,0x00,0x00,0x92,0x03,
0x00,0x00,0x00,0x00,0x00,0x00,0x00,0x00,0x00,0x00,0x00,0x00,0x00,0x00,0x00,0x00,
0x00,0x00,0x00,0x00,0x00,0x00,0x01,0x00,0x00,0x00,0x00,0x00,0x00,0x00,0x00,0x00,
0x00,0x00,0x00,0x00,0x00,0x00,0x2c,0x00,0x00,0x00,0x08,0x00,0x00,0x00,0x03,0x00,
0x00,0x00,0x00,0x00,0x00,0x00,0x00,0x00,0x00,0x00,0x00,0x00,0x00,0x00,0x98,0x03,
0x00,0x00,0x00,0x00,0x00,0x00,0x40,0x00,0x00,0x00,0x00,0x00,0x00,0x00,0x00,0x00,
0x00,0x00,0x00,0x00,0x00,0x00,0x20,0x00,0x00,0x00,0x00,0x00,0x00,0x00,0x00,0x00,
0x00,0x00,0x00,0x00,0x00,0x00,0x31,0x00,0x00,0x00,0x01,0x00,0x00,0x00,0x30,0x00,
0x00,0x00,0x00,0x00,0x00,0x00,0x00,0x00,0x00,0x00,0x00,0x00,0x00,0x00,0x98,0x03,
0x00,0x00,0x00,0x00,0x00,0x00,0x20,0x00,0x00,0x00,0x00,0x00,0x00,0x00,0x00,0x00,
0x00,0x00,0x00,0x00,0x00,0x00,0x01,0x00,0x00,0x00,0x00,0x00,0x00,0x00,0x01,0x00,
0x00,0x00,0x00,0x00,0x00,0x00,0x3a,0x00,0x00,0x00,0x01,0x00,0x00,0x00,0x00,0x00,
0x00,0x00,0x00,0x00,0x00,0x00,0x00,0x00,0x00,0x00,0x00,0x00,0x00,0x00,0xb8,0x03,
0x00,0x00,0x00,0x00,0x00,0x00,0x00,0x00,0x00,0x00,0x00,0x00,0x00,0x00,0x00,0x00,
0x00,0x00,0x00,0x00,0x00,0x00,0x01,0x00,0x00,0x00,0x00,0x00,0x00,0x00,0x00,0x00,
0x00,0x00,0x00,0x00,0x00,0x00,0x4a,0x00,0x00,0x00,0x07,0x00,0x00,0x00,0x02,0x00,
0x00,0x00,0x00,0x00,0x00,0x00,0x00,0x00,0x00,0x00,0x00,0x00,0x00,0x00,0xb8,0x03,
0x00,0x00,0x00,0x00,0x00,0x00,0x50,0x00,0x00,0x00,0x00,0x00,0x00,0x00,0x00,0x00,
0x00,0x00,0x00,0x00,0x00,0x00,0x08,0x00,0x00,0x00,0x00,0x00,0x00,0x00,0x00,0x00,
0x00,0x00,0x00,0x00,0x00,0x00,0x62,0x00,0x00,0x00,0x01,0x00,0x00,0x00,0x02,0x00,
0x00,0x00,0x00,0x00,0x00,0x00,0x00,0x00,0x00,0x00,0x00,0x00,0x00,0x00,0x08,0x04,
0x00,0x00,0x00,0x00,0x00,0x00,0x18,0x01,0x00,0x00,0x00,0x00,0x00,0x00,0x00,0x00,
0x00,0x00,0x00,0x00,0x00,0x00,0x08,0x00,0x00,0x00,0x00,0x00,0x00,0x00,0x00,0x00,
0x00,0x00,0x00,0x00,0x00,0x00,0x5d,0x00,0x00,0x00,0x04,0x00,0x00,0x00,0x40,0x00,
0x00,0x00,0x00,0x00,0x00,0x00,0x00,0x00,0x00,0x00,0x00,0x00,0x00,0x00,0x18,0x0b,
0x00,0x00,0x00,0x00,0x00,0x00,0xc0,0x00,0x00,0x00,0x00,0x00,0x00,0x00,0x0a,0x00,
0x00,0x00,0x08,0x00,0x00,0x00,0x08,0x00,0x00,0x00,0x00,0x00,0x00,0x00,0x18,0x00,
0x00,0x00,0x00,0x00,0x00,0x00,0x01,0x00,0x00,0x00,0x02,0x00,0x00,0x00,0x00,0x00,
0x00,0x00,0x00,0x00,0x00,0x00,0x00,0x00,0x00,0x00,0x00,0x00,0x00,0x00,0x20,0x05,
0x00,0x00,0x00,0x00,0x00,0x00,0x48,0x03,0x00,0x00,0x00,0x00,0x00,0x00,0x0b,0x00,
0x00,0x00,0x09,0x00,0x00,0x00,0x08,0x00,0x00,0x00,0x00,0x00,0x00,0x00,0x18,0x00,
0x00,0x00,0x00,0x00,0x00,0x00,0x09,0x00,0x00,0x00,0x03,0x00,0x00,0x00,0x00,0x00,
0x00,0x00,0x00,0x00,0x00,0x00,0x00,0x00,0x00,0x00,0x00,0x00,0x00,0x00,0x68,0x08,
0x00,0x00,0x00,0x00,0x00,0x00,0x96,0x02,0x00,0x00,0x00,0x00,0x00,0x00,0x00,0x00,
0x00,0x00,0x00,0x00,0x00,0x00,0x01,0x00,0x00,0x00,0x00,0x00,0x00,0x00,0x00,0x00,
0x00,0x00,0x00,0x00,0x00,0x00,0x11,0x00,0x00,0x00,0x03,0x00,0x00,0x00,0x00,0x00,
0x00,0x00,0x00,0x00,0x00,0x00,0x00,0x00,0x00,0x00,0x00,0x00,0x00,0x00,0xd8,0x0b,
0x00,0x00,0x00,0x00,0x00,0x00,0x6c,0x00,0x00,0x00,0x00,0x00,0x00,0x00,0x00,0x00,
0x00,0x00,0x00,0x00,0x00,0x00,0x01,0x00,0x00,0x00,0x00,0x00,0x00,0x00,0x00,0x00,
0x00,0x00,0x00,0x00,0x00,0x00,0x62,0x75,0x69,0x6c,0x74,0x69,0x6e,0x2e,0x6f,0x2f,
0x20,0x20,0x20,0x20,0x20,0x20,0x31,0x37,0x38,0x35,0x37,0x37,0x39,0x35,0x35,0x32,
0x20,0x20,0x31,0x30,0x30,0x30,0x20,0x20,0x31,0x30,0x30,0x30,0x20,0x20,0x31,0x30,
0x30,0x36,0x34,0x34,0x20,0x20,0x31,0x32,0x39,0x34,0x34,0x20,0x20,0x20,0x20,0x20,
0x60,0x0a,0x7f,0x45,0x4c,0x46,0x02,0x01,0x01,0x00,0x00,0x00,0x00,0x00,0x00,0x00,
0x00,0x00,0x01,0x00,0x3e,0x00,0x01,0x00,0x00,0x00,0x00,0x00,0x00,0x00,0x00,0x00,
0x00,0x00,0x00,0x00,0x00,0x00,0x00,0x00,0x00,0x00,0x10,0x2f,0x00,0x00,0x00,0x00,
0x00,0x00,0x00,0x00,0x00,0x00,0x40,0x00,0x00,0x00,0x00,0x00,0x40,0x00,0x0e,0x00,
0x0d,0x00,0xf3,0x0f,0x1e,0xfa,0x55,0x48,0x89,0xe5,0x89,0x7d,0xfc,0x8b,0x45,0xfc,
0xf7,0xd8,0x23,0x45,0xfc,0x69,0xc0,0x31,0xb5,0x7c,0x07,0xc1,0xe8,0x1b,0x89,0xc2,
0x48,0x8d,0x05,0x00,0x00,0x00,0x00,0x0f,0xb6,0x04,0x02,0x0f,0xb6,0xd0,0x83,0x7d,
0xfc,0x00,0x0f,0x95,0xc0,0x0f,0xb6,0xc0,0x01,0xd0,0x5d,0xc3,0xf3,0x0f,0x1e,0xfa,
0x55,0x48,0x89,0xe5,0x48,0x89,0x7d,0xf8,0x48,0x8b,0x45,0xf8,0x48,0xf7,0xd8,0x48,
0x23,0x45,0xf8,0x48,0x89,0xc2,0x48,0xb8,0x6d,0x38,0x95,0xcc,0x63,0xdd,0x2f,0x02,
0x48,0x0f,0xaf,0xc2,0x48,0xc1,0xe8,0x3a,0x48,0x89,0xc2,0x48,0x8d,0x05,0x00,0x00,
0x00,0x00,0x0f,0xb6,0x04,0x02,0x0f,0xb6,0xd0,0x48,0x83,0x7d,0xf8,0x00,0x0f,0x95,
0xc0,0x0f,0xb6,0xc0,0x01,0xd0,0x5d,0xc3,0xf3,0x0f,0x1e,0xfa,0x55,0x48,0x89,0xe5,
0x89,0x7d,0xfc,0x8b,0x45,0xfc,0xd1,0xe8,0x09,0x45,0xfc,0x8b,0x45,0xfc,0xc1,0xe8,
0x02,0x09,0x45,0xfc,0x8b,0x45,0xfc,0xc1,0xe8,0x04,0x09,0x45,0xfc,0x8b,0x45,0xfc,
0xc1,0xe8,0x08,0x09,0x45,0xfc,0x8b,0x45,0xfc,0xc1,0xe8,0x10,0x09,0x45,0xfc,0x8b,
0x45,0xfc,0x69,0xc0,0xdd,0xac,0xc4,0x07,0xc1,0xe8,0x1b,0x89,0xc2,0x48,0x8d,0x05,
0x00,0x00,0x00,0x00,0x0f,0xb6,0x04,0x02,0x0f,0xb6,0xc0,0x5d,0xc3,0xf3,0x0f,0x1e,
0xfa,0x55,0x48,0x89,0xe5,0x48,0x89,0x7d,0xf8,0x48,0x8b,0x45,0xf8,0x48,0xd1,0xe8,
0x48,0x09,0x45,0xf8,0x48,0x8b,0x45,0xf8,0x48,0xc1,0xe8,0x02,0x48,0x09,0x45,0xf8,
0x48,0x8b,0x45,0xf8,0x48,0xc1,0xe8,0x04,0x48,0x09,0x45,0xf8,0x48,0x8b,0x45,0xf8,
0x48,0xc1,0xe8,0x08,0x48,0x09,0x45,0xf8,0x48,0x8b,0x45,0xf8,0x48,0xc1,0xe8,0x10,
0x48,0x09,0x45,0xf8,0x48,0x8b,0x45,0xf8,0x48,0xc1,0xe8,0x20,0x48,0x09,0x45,0xf8,
0x48,0x8b,0x45,0xf8,0x48,0xba,0x89,0x0a,0xcb,0xb4,0x71,0x9d,0xf7,0x03,0x48,0x0f,
0xaf,0xc2,0x48,0xc1,0xe8,0x3a,0x48,0x89,0xc2,0x48,0x8d,0x05,0x00,0x00,0x00,0x00,
0x0f,0xb6,0x04,0x02,0x0f,0xb6,0xc0,0x5d,0xc3,0xf3,0x0f,0x1e,0xfa,0x55,0x48,0x89,
0xe5,0x89,0x7d,0xfc,0x8b,0x45,0xfc,0xf7,0xd8,0x23,0x45,0xfc,0x69,0xc0,0x31,0xb5,
0x7c,0x07,0xc1,0xe8,0x1b,0x89,0xc2,0x48,0x8d,0x05,0x00,0x00,0x00,0x00,0x0f,0xb6,
0x04,0x02,0x0f,0xb6,0xc0,0x5d,0xc3,0xf3,0x0f,0x1e,0xfa,0x55,0x48,0x89,0xe5,0x48,
0x89,0x7d,0xf8,0x48,0x8b,0x45,0xf8,0x48,0xf7,0xd8,0x48,0x23,0x45,0xf8,0x48,0xba,
0x6d,0x38,0x95,0xcc,0x63,0xdd,0x2f,0x02,0x48,0x0f,0xaf,0xc2,0x48,0xc1,0xe8,0x3a,
0x48,0x89,0xc2,0x48,0x8d,0x05,0x00,0x00,0x00,0x00,0x0f,0xb6,0x04,0x02,0x0f,0xb6,
0xc0,0x5d,0xc3,0xf3,0x0f,0x1e,0xfa,0x55,0x48,0x89,0xe5,0x89,0x7d,0xfc,0x83,0x7d,
0xfc,0x00,0x79,0x03,0xf7,0x55,0xfc,0xd1,0x65,0xfc,0x8b,0x45,0xfc,0xd1,0xf8,0x09,
0x45,0xfc,0x8b,0x45,0xfc,0xc1,0xf8,0x02,0x09,0x45,0xfc,0x8b,0x45,0xfc,0xc1,0xf8,
0x04,0x09,0x45,0xfc,0x8b,0x45,0xfc,0xc1,0xf8,0x08,0x09,0x45,0xfc,0x8b,0x45,0xfc,
0xc1,0xf8,0x10,0x09,0x45,0xfc,0x8b,0x45,0xfc,0x69,0xc0,0xdd,0xac,0xc4,0x07,0xc1,
0xe8,0x1b,0x89,0xc2,0x48,0x8d,0x05,0x00,0x00,0x00,0x00,0x0f,0xb6,0x04,0x02,0x0f,
0xb6,0xc0,0x5d,0xc3,0xf3,0x0f,0x1e,0xfa,0x55,0x48,0x89,0xe5,0x48,0x89,0x7d,0xf8,
0x48,0x83,0x7d,0xf8,0x00,0x79,0x04,0x48,0xf7,0x55,0xf8,0x48,0xd1,0x65,0xf8,0x48,
0x8b,0x45,0xf8,0x48,0xd1,0xf8,0x48,0x09,0x45,0xf8,0x48,0x8b,0x45,0xf8,0x48,0xc1,
0xf8,0x02,0x48,0x09,0x45,0xf8,0x48,0x8b,0x45,0xf8,0x48,0xc1,0xf8,0x04,0x48,0x09,
0x45,0xf8,0x48,0x8b,0x45,0xf8,0x48,0xc1,0xf8,0x08,0x48,0x09,0x45,0xf8,0x48,0x8b,
0x45,0xf8,0x48,0xc1,0xf8,0x10,0x48,0x09,0x45,0xf8,0x48,0x8b,0x45,0xf8,0x48,0xc1,
0xf8,0x20,0x48,0x09,0x45,0xf8,0x48,0x8b,0x45,0xf8,0x48,0xba,0x89,0x0a,0xcb,0xb4,
0x71,0x9d,0xf7,0x03,0x48,0x0f,0xaf,0xc2,0x48,0xc1,0xe8,0x3a,0x48,0x89,0xc2,0x48,
0x8d,0x05,0x00,0x00,0x00,0x00,0x0f,0xb6,0x04,0x02,0x0f,0xb6,0xc0,0x5d,0xc3,0xf3,
0x0f,0x1e,0xfa,0x55,0x48,0x89,0xe5,0x89,0x7d,0xfc,0x8b,0x45,0xfc,0xd1,0xe8,0x25,
0x55,0x55,0x55,0x55,0x29,0x45,0xfc,0x8b,0x45,0xfc,0x25,0x33,0x33,0x33,0x33,0x89,
0xc2,0x8b,0x45,0xfc,0xc1,0xe8,0x02,0x25,0x33,0x33,0x33,0x33,0x01,0xd0,0x89,0x45,
0xfc,0x8b,0x45,0xfc,0xc1,0xe8,0x04,0x89,0xc2,0x8b,0x45,0xfc,0x01,0xd0,0x25,0x0f,
0x0f,0x0f,0x0f,0x89,0x45,0xfc,0x8b,0x45,0xfc,0x69,0xc0,0x01,0x01,0x01,0x01,0xc1,
0xe8,0x18,0x83,0xe0,0x3f,0x5d,0xc3,0xf3,0x0f,0x1e,0xfa,0x55,0x48,0x89,0xe5,0x48,
0x89,0x7d,0xf8,0x48,0x8b,0x45,0xf8,0x48,0xd1,0xe8,0x48,0x89,0xc2,0x48,0xb8,0x55,
0x55,0x55,0x55,0x55,0x55,0x55,0x55,0x48,0x21,0xd0,0x48,0x29,0x45,0xf8,0x48,0xb8,
0x33,0x33,0x33,0x33,0x33,0x33,0x33,0x33,0x48,0x23,0x45,0xf8,0x48,0x8b,0x55,0xf8,
0x48,0x89,0xd1,0x48,0xc1,0xe9,0x02,0x48,0xba,0x33,0x33,0x33,0x33,0x33,0x33,0x33,
0x33,0x48,0x21,0xca,0x48,0x01,0xd0,0x48,0x89,0x45,0xf8,0x48,0x8b,0x45,0xf8,0x48,
0xc1,0xe8,0x04,0x48,0x89,0xc2,0x48,0x8b,0x45,0xf8,0x48,0x01,0xc2,0x48,0xb8,0x0f,
0x0f,0x0f,0x0f,0x0f,0x0f,0x0f,0x0f,0x48,0x21,0xd0,0x48,0x89,0x45,0xf8,0x48,0x8b,
0x45,0xf8,0x48,0xba,0x01,0x01,0x01,0x01,0x01,0x01,0x01,0x01,0x48,0x0f,0xaf,0xc2,
0x48,0xc1,0xe8,0x38,0x83,0xe0,0x7f,0x5d,0xc3,0xf3,0x0f,0x1e,0xfa,0x55,0x48,0x89,
0xe5,0x89,0x7d,0xfc,0x8b,0x45,0xfc,0xd1,0xe8,0x25,0x55,0x55,0x55,0x55,0x29,0x45,
0xfc,0x8b,0x45,0xfc,0x25,0x33,0x33,0x33,0x33,0x89,0xc2,0x8b,0x45,0xfc,0xc1,0xe8,
0x02,0x25,0x33,0x33,0x33,0x33,0x01,0xd0,0x89,0x45,0xfc,0x8b,0x45,0xfc,0xc1,0xe8,
0x04,0x89,0xc2,0x8b,0x45,0xfc,0x01,0xd0,0x25,0x0f,0x0f,0x0f,0x0f,0x89,0x45,0xfc,
0x8b,0x45,0xfc,0x69,0xc0,0x01,0x01,0x01,0x01,0xc1,0xe8,0x18,0x83,0xe0,0x01,0x5d,
0xc3,0xf3,0x0f,0x1e,0xfa,0x55,0x48,0x89,0xe5,0x48,0x89,0x7d,0xf8,0x48,0x8b,0x45,
0xf8,0x48,0xd1,0xe8,0x48,0x89,0xc2,0x48,0xb8,0x55,0x55,0x55,0x55,0x55,0x55,0x55,
0x55,0x48,0x21,0xd0,0x48,0x29,0x45,0xf8,0x48,0xb8,0x33,0x33,0x33,0x33,0x33,0x33,
0x33,0x33,0x48,0x23,0x45,0xf8,0x48,0x8b,0x55,0xf8,0x48,0x89,0xd1,0x48,0xc1,0xe9,
0x02,0x48,0xba,0x33,0x33,0x33,0x33,0x33,0x33,0x33,0x33,0x48,0x21,0xca,0x48,0x01,
0xd0,0x48,0x89,0x45,0xf8,0x48,0x8b,0x45,0xf8,0x48,0xc1,0xe8,0x04,0x48,0x89,0xc2,
0x48,0x8b,0x45,0xf8,0x48,0x01,0xc2,0x48,0xb8,0x0f,0x0f,0x0f,0x0f,0x0f,0x0f,0x0f,
0x0f,0x48,0x21,0xd0,0x48,0x89,0x45,0xf8,0x48,0x8b,0x45,0xf8,0x48,0xba,0x01,0x01,
0x01,0x01,0x01,0x01,0x01,0x01,0x48,0x0f,0xaf,0xc2,0x48,0xc1,0xe8,0x38,0x83,0xe0,
0x01,0x5d,0xc3,0xf3,0x0f,0x1e,0xfa,0x55,0x48,0x89,0xe5,0x89,0xf8,0x66,0x89,0x45,
0xfc,0x0f,0xb7,0x45,0xfc,0x66,0xc1,0xe8,0x08,0x89,0xc2,0x0f,0xb7,0x45,0xfc,0xc1,
0xe0,0x08,0x09,0xd0,0x5d,0xc3,0xf3,0x0f,0x1e,0xfa,0x55,0x48,0x89,0xe5,0x89,0x7d,
0xfc,0x8b,0x45,0xfc,0xc1,0xe8,0x18,0x89,0xc2,0x8b,0x45,0xfc,0xc1,0xe8,0x08,0x25,
0x00,0xff,0x00,0x00,0x09,0xc2,0x8b,0x45,0xfc,0xc1,0xe0,0x08,0x25,0x00,0x00,0xff,
0x00,0x09,0xc2,0x8b,0x45,0xfc,0xc1,0xe0,0x18,0x09,0xd0,0x5d,0xc3,0xf3,0x0f,0x1e,
0xfa,0x55,0x48,0x89,0xe5,0xf3,0x0f,0x11,0x45,0xec,0xf3,0x0f,0x10,0x45,0xec,0xf3,
0x0f,0x11,0x45,0xfc,0x8b,0x45,0xfc,0xc1,0xe8,0x1f,0x5d,0xc3,0xf3,0x0f,0x1e,0xfa,
0x55,0x48,0x89,0xe5,0xf2,0x0f,0x11,0x45,0xe8,0xf2,0x0f,0x10,0x45,0xe8,0xf2,0x0f,
0x11,0x45,0xf8,0x48,0x8b,0x45,0xf8,0x48,0xc1,0xe8,0x3f,0x5d,0xc3,0xf3,0x0f,0x1e,
0xfa,0x55,0x48,0x89,0xe5,0x48,0x83,0xec,0x20,0x64,0x48,0x8b,0x04,0x25,0x28,0x00,
0x00,0x00,0x48,0x89,0x45,0xf8,0x31,0xc0,0xdb,0x6d,0x10,0xdb,0x7d,0xe0,0x0f,0xb6,
0x45,0xe9,0xc0,0xe8,0x07,0x0f,0xb6,0xc0,0x48,0x8b,0x55,0xf8,0x64,0x48,0x2b,0x14,
0x25,0x28,0x00,0x00,0x00,0x74,0x05,0xe8,0x00,0x00,0x00,0x00,0xc9,0xc3,0xf3,0x0f,
0x1e,0xfa,0x55,0x48,0x89,0xe5,0x48,0x89,0x7d,0xf8,0x48,0x8b,0x45,0xf8,0x48,0xc1,
0xe8,0x38,0x48,0x89,0xc2,0x48,0x8b,0x45,0xf8,0x48,0xc1,0xe8,0x28,0x25,0x00,0xff,
0x00,0x00,0x48,0x09,0xc2,0x48,0x8b,0x45,0xf8,0x48,0xc1,0xe8,0x18,0x25,0x00,0x00,
0xff,0x00,0x48,0x09,0xc2,0x48,0x8b,0x45,0xf8,0x48,0xc1,0xe8,0x08,0x25,0x00,0x00,
0x00,0xff,0x48,0x09,0xc2,0x48,0x8b,0x45,0xf8,0x48,0xc1,0xe0,0x08,0x48,0x89,0xc1,
0x48,0xb8,0x00,0x00,0x00,0x00,0xff,0x00,0x00,0x00,0x48,0x21,0xc8,0x48,0x09,0xc2,
0x48,0x8b,0x45,0xf8,0x48,0xc1,0xe0,0x18,0x48,0x89,0xc1,0x48,0xb8,0x00,0x00,0x00,
0x00,0x00,0xff,0x00,0x00,0x48,0x21,0xc8,0x48,0x09,0xc2,0x48,0x8b,0x45,0xf8,0x48,
0xc1,0xe0,0x28,0x48,0x89,0xc1,0x48,0xb8,0x00,0x00,0x00,0x00,0x00,0x00,0xff,0x00,
0x48,0x21,0xc8,0x48,0x09,0xc2,0x48,0x8b,0x45,0xf8,0x48,0xc1,0xe0,0x38,0x48,0x09,
0xd0,0x5d,0xc3,0xf3,0x0f,0x1e,0xfa,0x55,0x48,0x89,0xe5,0x48,0x89,0x7d,0xe8,0x48,
0x89,0x75,0xe0,0x48,0x89,0x55,0xd8,0x48,0x8b,0x55,0xe8,0x48,0x8b,0x45,0xe0,0x48,
0x01,0xd0,0x48,0x89,0x45,0xf0,0x48,0x8b,0x45,0xf0,0x48,0x89,0x45,0xf8,0x48,0x8b,
0x45,0xf8,0x89,0xc2,0x48,0x8b,0x45,0xd8,0x88,0x10,0x48,0x8b,0x45,0xe8,0x48,0x33,
0x45,0xe0,0x48,0xf7,0xd0,0x48,0x89,0xc2,0x48,0x8b,0x45,0xe8,0x48,0x33,0x45,0xf8,
0x48,0x21,0xd0,0x48,0x85,0xc0,0x78,0x0e,0x48,0x8b,0x45,0xf8,0x48,0x0f,0xbe,0xc0,
0x48,0x39,0x45,0xf8,0x74,0x07,0xb8,0x01,0x00,0x00,0x00,0xeb,0x05,0xb8,0x00,0x00,
0x00,0x00,0x5d,0xc3,0xf3,0x0f,0x1e,0xfa,0x55,0x48,0x89,0xe5,0x48,0x89,0x7d,0xe8,
0x48,0x89,0x75,0xe0,0x48,0x89,0x55,0xd8,0x48,0x8b,0x55,0xe8,0x48,0x8b,0x45,0xe0,
0x48,0x29,0xc2,0x48,0x89,0x55,0xf0,0x48,0x8b,0x45,0xf0,0x48,0x89,0x45,0xf8,0x48,
0x8b,0x45,0xf8,0x89,0xc2,0x48,0x8b,0x45,0xd8,0x88,0x10,0x48,0x8b,0x45,0xe8,0x48,
0x33,0x45,0xe0,0x48,0x89,0xc2,0x48,0x8b,0x45,0xe8,0x48,0x33,0x45,0xf8,0x48,0x21,
0xd0,0x48,0x85,0xc0,0x78,0x0e,0x48,0x8b,0x45,0xf8,0x48,0x0f,0xbe,0xc0,0x48,0x39,
0x45,0xf8,0x74,0x07,0xb8,0x01,0x00,0x00,0x00,0xeb,0x05,0xb8,0x00,0x00,0x00,0x00,
0x5d,0xc3,0xf3,0x0f,0x1e,0xfa,0x55,0x48,0x89,0xe5,0x48,0x89,0x7d,0xd8,0x48,0x89,
0x75,0xd0,0x48,0x89,0x55,0xc8,0x48,0x8b,0x55,0xd8,0x48,0x8b,0x45,0xd0,0x48,0x0f,
0xaf,0xc2,0x48,0x89,0x45,0xf0,0x48,0x8b,0x45,0xf0,0x48,0x89,0x45,0xf8,0x48,0x8b,
0x45,0xf8,0x89,0xc2,0x48,0x8b,0x45,0xc8,0x88,0x10,0x48,0x83,0x7d,0xd8,0x00,0x74,
0x07,0x48,0x83,0x7d,0xd0,0x00,0x75,0x09,0xc7,0x45,0xec,0x00,0x00,0x00,0x00,0xeb,
0x57,0x48,0x83,0x7d,0xd8,0xff,0x75,0x19,0x48,0xb8,0x00,0x00,0x00,0x00,0x00,0x00,
0x00,0x80,0x48,0x39,0x45,0xd0,0x0f,0x94,0xc0,0x0f,0xb6,0xc0,0x89,0x45,0xec,0xeb,
0x37,0x48,0x83,0x7d,0xd0,0xff,0x75,0x19,0x48,0xb8,0x00,0x00,0x00,0x00,0x00,0x00,
0x00,0x80,0x48,0x39,0x45,0xd8,0x0f,0x94,0xc0,0x0f,0xb6,0xc0,0x89,0x45,0xec,0xeb,
0x17,0x48,0x8b,0x45,0xf8,0x48,0x99,0x48,0xf7,0x7d,0xd8,0x48,0x39,0x45,0xd0,0x0f,
0x95,0xc0,0x0f,0xb6,0xc0,0x89,0x45,0xec,0x83,0x7d,0xec,0x00,0x75,0x0e,0x48,0x8b,
0x45,0xf8,0x48,0x0f,0xbe,0xc0,0x48,0x39,0x45,0xf8,0x74,0x07,0xb8,0x01,0x00,0x00,
0x00,0xeb,0x05,0xb8,0x00,0x00,0x00,0x00,0x5d,0xc3,0xf3,0x0f,0x1e,0xfa,0x55,0x48,
0x89,0xe5,0x48,0x89,0x7d,0xe8,0x48,0x89,0x75,0xe0,0x48,0x89,0x55,0xd8,0x48,0x8b,
0x55,0xe8,0x48,0x8b,0x45,0xe0,0x48,0x01,0xd0,0x48,0x89,0x45,0xf0,0x48,0x8b,0x45,
0xf0,0x48,0x89,0x45,0xf8,0x48,0x8b,0x45,0xf8,0x89,0xc2,0x48,0x8b,0x45,0xd8,0x88,
0x10,0x48,0x8b,0x45,0xe8,0x48,0x33,0x45,0xe0,0x48,0xf7,0xd0,0x48,0x89,0xc2,0x48,
0x8b,0x45,0xe8,0x48,0x33,0x45,0xf8,0x48,0x21,0xd0,0x48,0x85,0xc0,0x78,0x0e,0x48,
0x8b,0x45,0xf8,0x48,0x0f,0xbe,0xc0,0x48,0x39,0x45,0xf8,0x74,0x07,0xb8,0x01,0x00,
0x00,0x00,0xeb,0x05,0xb8,0x00,0x00,0x00,0x00,0x5d,0xc3,0xf3,0x0f,0x1e,0xfa,0x55,
0x48,0x89,0xe5,0x48,0x89,0x7d,0xe8,0x48,0x89,0x75,0xe0,0x48,0x89,0x55,0xd8,0x48,
0x8b,0x55,0xe8,0x48,0x8b,0x45,0xe0,0x48,0x29,0xc2,0x48,0x89,0x55,0xf0,0x48,0x8b,
0x45,0xf0,0x48,0x89,0x45,0xf8,0x48,0x8b,0x45,0xf8,0x89,0xc2,0x48,0x8b,0x45,0xd8,
0x88,0x10,0x48,0x8b,0x45,0xe8,0x48,0x33,0x45,0xe0,0x48,0x89,0xc2,0x48,0x8b,0x45,
0xe8,0x48,0x33,0x45,0xf8,0x48,0x21,0xd0,0x48,0x85,0xc0,0x78,0x0e,0x48,0x8b,0x45,
0xf8,0x48,0x0f,0xbe,0xc0,0x48,0x39,0x45,0xf8,0x74,0x07,0xb8,0x01,0x00,0x00,0x00,
0xeb,0x05,0xb8,0x00,0x00,0x00,0x00,0x5d,0xc3,0xf3,0x0f,0x1e,0xfa,0x55,0x48,0x89,
0xe5,0x48,0x89,0x7d,0xd8,0x48,0x89,0x75,0xd0,0x48,0x89,0x55,0xc8,0x48,0x8b,0x55,
0xd8,0x48,0x8b,0x45,0xd0,0x48,0x0f,0xaf,0xc2,0x48,0x89,0x45,0xf0,0x48,0x8b,0x45,
0xf0,0x48,0x89,0x45,0xf8,0x48,0x8b,0x45,0xf8,0x89,0xc2,0x48,0x8b,0x45,0xc8,0x88,
0x10,0x48,0x83,0x7d,0xd8,0x00,0x74,0x07,0x48,0x83,0x7d,0xd0,0x00,0x75,0x09,0xc7,
0x45,0xec,0x00,0x00,0x00,0x00,0xeb,0x57,0x48,0x83,0x7d,0xd8,0xff,0x75,0x19,0x48,
0xb8,0x00,0x00,0x00,0x00,0x00,0x00,0x00,0x80,0x48,0x39,0x45,0xd0,0x0f,0x94,0xc0,
0x0f,0xb6,0xc0,0x89,0x45,0xec,0xeb,0x37,0x48,0x83,0x7d,0xd0,0xff,0x75,0x19,0x48,
0xb8,0x00,0x00,0x00,0x00,0x00,0x00,0x00,0x80,0x48,0x39,0x45,0xd8,0x0f,0x94,0xc0,
0x0f,0xb6,0xc0,0x89,0x45,0xec,0xeb,0x17,0x48,0x8b,0x45,0xf8,0x48,0x99,0x48,0xf7,
0x7d,0xd8,0x48,0x39,0x45,0xd0,0x0f,0x95,0xc0,0x0f,0xb6,0xc0,0x89,0x45,0xec,0x83,
0x7d,0xec,0x00,0x75,0x0e,0x48,0x8b,0x45,0xf8,0x48,0x0f,0xbe,0xc0,0x48,0x39,0x45,
0xf8,0x74,0x07,0xb8,0x01,0x00,0x00,0x00,0xeb,0x05,0xb8,0x00,0x00,0x00,0x00,0x5d,
0xc3,0xf3,0x0f,0x1e,0xfa,0x55,0x48,0x89,0xe5,0x48,0x89,0x7d,0xe8,0x48,0x89,0x75,
0xe0,0x48,0x89,0x55,0xd8,0x48,0x8b,0x55,0xe8,0x48,0x8b,0x45,0xe0,0x48,0x01,0xd0,
0x48,0x89,0x45,0xf0,0x48,0x8b,0x45,0xf0,0x48,0x89,0x45,0xf8,0x48,0x8b,0x45,0xf8,
0x89,0xc2,0x48,0x8b,0x45,0xd8,0x66,0x89,0x10,0x48,0x8b,0x45,0xe8,0x48,0x33,0x45,
0xe0,0x48,0xf7,0xd0,0x48,0x89,0xc2,0x48,0x8b,0x45,0xe8,0x48,0x33,0x45,0xf8,0x48,
0x21,0xd0,0x48,0x85,0xc0,0x78,0x0e,0x48,0x8b,0x45,0xf8,0x48,0x0f,0xbf,0xc0,0x48,
0x39,0x45,0xf8,0x74,0x07,0xb8,0x01,0x00,0x00,0x00,0xeb,0x05,0xb8,0x00,0x00,0x00,
0x00,0x5d,0xc3,0xf3,0x0f,0x1e,0xfa,0x55,0x48,0x89,0xe5,0x48,0x89,0x7d,0xe8,0x48,
0x89,0x75,0xe0,0x48,0x89,0x55,0xd8,0x48,0x8b,0x55,0xe8,0x48,0x8b,0x45,0xe0,0x48,
0x29,0xc2,0x48,0x89,0x55,0xf0,0x48,0x8b,0x45,0xf0,0x48,0x89,0x45,0xf8,0x48,0x8b,
0x45,0xf8,0x89,0xc2,0x48,0x8b,0x45,0xd8,0x66,0x89,0x10,0x48,0x8b,0x45,0xe8,0x48,
0x33,0x45,0xe0,0x48,0x89,0xc2,0x48,0x8b,0x45,0xe8,0x48,0x33,0x45,0xf8,0x48,0x21,
0xd0,0x48,0x85,0xc0,0x78,0x0e,0x48,0x8b,0x45,0xf8,0x48,0x0f,0xbf,0xc0,0x48,0x39,
0x45,0xf8,0x74,0x07,0xb8,0x01,0x00,0x00,0x00,0xeb,0x05,0xb8,0x00,0x00,0x00,0x00,
0x5d,0xc3,0xf3,0x0f,0x1e,0xfa,0x55,0x48,0x89,0xe5,0x48,0x89,0x7d,0xd8,0x48,0x89,
0x75,0xd0,0x48,0x89,0x55,0xc8,0x48,0x8b,0x55,0xd8,0x48,0x8b,0x45,0xd0,0x48,0x0f,
0xaf,0xc2,0x48,0x89,0x45,0xf0,0x48,0x8b,0x45,0xf0,0x48,0x89,0x45,0xf8,0x48,0x8b,
0x45,0xf8,0x89,0xc2,0x48,0x8b,0x45,0xc8,0x66,0x89,0x10,0x48,0x83,0x7d,0xd8,0x00,
0x74,0x07,0x48,0x83,0x7d,0xd0,0x00,0x75,0x09,0xc7,0x45,0xec,0x00,0x00,0x00,0x00,
0xeb,0x57,0x48,0x83,0x7d,0xd8,0xff,0x75,0x19,0x48,0xb8,0x00,0x00,0x00,0x00,0x00,
0x00,0x00,0x80,0x48,0x39,0x45,0xd0,0x0f,0x94,0xc0,0x0f,0xb6,0xc0,0x89,0x45,0xec,
0xeb,0x37,0x48,0x83,0x7d,0xd0,0xff,0x75,0x19,0x48,0xb8,0x00,0x00,0x00,0x00,0x00,
0x00,0x00,0x80,0x48,0x39,0x45,0xd8,0x0f,0x94,0xc0,0x0f,0xb6,0xc0,0x89,0x45,0xec,
0xeb,0x17,0x48,0x8b,0x45,0xf8,0x48,0x99,0x48,0xf7,0x7d,0xd8,0x48,0x39,0x45,0xd0,
0x0f,0x95,0xc0,0x0f,0xb6,0xc0,0x89,0x45,0xec,0x83,0x7d,0xec,0x00,0x75,0x0e,0x48,
0x8b,0x45,0xf8,0x48,0x0f,0xbf,0xc0,0x48,0x39,0x45,0xf8,0x74,0x07,0xb8,0x01,0x00,
0x00,0x00,0xeb,0x05,0xb8,0x00,0x00,0x00,0x00,0x5d,0xc3,0xf3,0x0f,0x1e,0xfa,0x55,
0x48,0x89,0xe5,0x48,0x89,0x7d,0xe8,0x48,0x89,0x75,0xe0,0x48,0x89,0x55,0xd8,0x48,
0x8b,0x55,0xe8,0x48,0x8b,0x45,0xe0,0x48,0x01,0xd0,0x48,0x89,0x45,0xf0,0x48,0x8b,
0x45,0xf0,0x48,0x89,0x45,0xf8,0x48,0x8b,0x45,0xf8,0x89,0xc2,0x48,0x8b,0x45,0xd8,
0x89,0x10,0x48,0x8b,0x45,0xe8,0x48,0x33,0x45,0xe0,0x48,0xf7,0xd0,0x48,0x89,0xc2,
0x48,0x8b,0x45,0xe8,0x48,0x33,0x45,0xf8,0x48,0x21,0xd0,0x48,0x85,0xc0,0x78,0x0c,
0x48,0x8b,0x45,0xf8,0x48,0x98,0x48,0x39,0x45,0xf8,0x74,0x07,0xb8,0x01,0x00,0x00,
0x00,0xeb,0x05,0xb8,0x00,0x00,0x00,0x00,0x5d,0xc3,0xf3,0x0f,0x1e,0xfa,0x55,0x48,
0x89,0xe5,0x48,0x89,0x7d,0xe8,0x48,0x89,0x75,0xe0,0x48,0x89,0x55,0xd8,0x48,0x8b,
0x55,0xe8,0x48,0x8b,0x45,0xe0,0x48,0x29,0xc2,0x48,0x89,0x55,0xf0,0x48,0x8b,0x45,
0xf0,0x48,0x89,0x45,0xf8,0x48,0x8b,0x45,0xf8,0x89,0xc2,0x48,0x8b,0x45,0xd8,0x89,
0x10,0x48,0x8b,0x45,0xe8,0x48,0x33,0x45,0xe0,0x48,0x89,0xc2,0x48,0x8b,0x45,0xe8,
0x48,0x33,0x45,0xf8,0x48,0x21,0xd0,0x48,0x85,0xc0,0x78,0x0c,0x48,0x8b,0x45,0xf8,
0x48,0x98,0x48,0x39,0x45,0xf8,0x74,0x07,0xb8,0x01,0x00,0x00,0x00,0xeb,0x05,0xb8,
0x00,0x00,0x00,0x00,0x5d,0xc3,0xf3,0x0f,0x1e,0xfa,0x55,0x48,0x89,0xe5,0x48,0x89,
0x7d,0xd8,0x48,0x89,0x75,0xd0,0x48,0x89,0x55,0xc8,0x48,0x8b,0x55,0xd8,0x48,0x8b,
0x45,0xd0,0x48,0x0f,0xaf,0xc2,0x48,0x89,0x45,0xf0,0x48,0x8b,0x45,0xf0,0x48,0x89,
0x45,0xf8,0x48,0x8b,0x45,0xf8,0x89,0xc2,0x48,0x8b,0x45,0xc8,0x89,0x10,0x48,0x83,
0x7d,0xd8,0x00,0x74,0x07,0x48,0x83,0x7d,0xd0,0x00,0x75,0x09,0xc7,0x45,0xec,0x00,
0x00,0x00,0x00,0xeb,0x57,0x48,0x83,0x7d,0xd8,0xff,0x75,0x19,0x48,0xb8,0x00,0x00,
0x00,0x00,0x00,0x00,0x00,0x80,0x48,0x39,0x45,0xd0,0x0f,0x94,0xc0,0x0f,0xb6,0xc0,
0x89,0x45,0xec,0xeb,0x37,0x48,0x83,0x7d,0xd0,0xff,0x75,0x19,0x48,0xb8,0x00,0x00,
0x00,0x00,0x00,0x00,0x00,0x80,0x48,0x39,0x45,0xd8,0x0f,0x94,0xc0,0x0f,0xb6,0xc0,
0x89,0x45,0xec,0xeb,0x17,0x48,0x8b,0x45,0xf8,0x48,0x99,0x48,0xf7,0x7d,0xd8,0x48,
0x39,0x45,0xd0,0x0f,0x95,0xc0,0x0f,0xb6,0xc0,0x89,0x45,0xec,0x83,0x7d,0xec,0x00,
0x75,0x0c,0x48,0x8b,0x45,0xf8,0x48,0x98,0x48,0x39,0x45,0xf8,0x74,0x07,0xb8,0x01,
0x00,0x00,0x00,0xeb,0x05,0xb8,0x00,0x00,0x00,0x00,0x5d,0xc3,0xf3,0x0f,0x1e,0xfa,
0x55,0x48,0x89,0xe5,0x48,0x89,0x7d,0xe8,0x48,0x89,0x75,0xe0,0x48,0x89,0x55,0xd8,
0x48,0x8b,0x55,0xe8,0x48,0x8b,0x45,0xe0,0x48,0x01,0xd0,0x48,0x89,0x45,0xf8,0x48,
0x8b,0x45,0xf8,0x89,0xc2,0x48,0x8b,0x45,0xd8,0x88,0x10,0x48,0x8b,0x45,0xf8,0x48,
0x3b,0x45,0xe8,0x72,0x0d,0x48,0x8b,0x45,0xf8,0x0f,0xb6,0xc0,0x48,0x39,0x45,0xf8,
0x74,0x07,0xb8,0x01,0x00,0x00,0x00,0xeb,0x05,0xb8,0x00,0x00,0x00,0x00,0x5d,0xc3,
0xf3,0x0f,0x1e,0xfa,0x55,0x48,0x89,0xe5,0x48,0x89,0x7d,0xe8,0x48,0x89,0x75,0xe0,
0x48,0x89,0x55,0xd8,0x48,0x8b,0x45,0xe8,0x48,0x2b,0x45,0xe0,0x48,0x89,0x45,0xf8,
0x48,0x8b,0x45,0xf8,0x89,0xc2,0x48,0x8b,0x45,0xd8,0x88,0x10,0x48,0x8b,0x45,0xe8,
0x48,0x3b,0x45,0xe0,0x72,0x0d,0x48,0x8b,0x45,0xf8,0x0f,0xb6,0xc0,0x48,0x39,0x45,
0xf8,0x74,0x07,0xb8,0x01,0x00,0x00,0x00,0xeb,0x05,0xb8,0x00,0x00,0x00,0x00,0x5d,
0xc3,0xf3,0x0f,0x1e,0xfa,0x55,0x48,0x89,0xe5,0x48,0x89,0x7d,0xe8,0x48,0x89,0x75,
0xe0,0x48,0x89,0x55,0xd8,0x48,0x8b,0x45,0xe8,0x48,0x0f,0xaf,0x45,0xe0,0x48,0x89,
0x45,0xf8,0x48,0x8b,0x45,0xf8,0x89,0xc2,0x48,0x8b,0x45,0xd8,0x88,0x10,0x48,0x83,
0x7d,0xe8,0x00,0x74,0x13,0x48,0x8b,0x45,0xf8,0xba,0x00,0x00,0x00,0x00,0x48,0xf7,
0x75,0xe8,0x48,0x39,0x45,0xe0,0x75,0x0d,0x48,0x8b,0x45,0xf8,0x0f,0xb6,0xc0,0x48,
0x39,0x45,0xf8,0x74,0x07,0xb8,0x01,0x00,0x00,0x00,0xeb,0x05,0xb8,0x00,0x00,0x00,
0x00,0x5d,0xc3,0xf3,0x0f,0x1e,0xfa,0x55,0x48,0x89,0xe5,0x48,0x89,0x7d,0xe8,0x48,
0x89,0x75,0xe0,0x48,0x89,0x55,0xd8,0x48,0x8b,0x55,0xe8,0x48,0x8b,0x45,0xe0,0x48,
0x01,0xd0,0x48,0x89,0x45,0xf8,0x48,0x8b,0x45,0xf8,0x89,0xc2,0x48,0x8b,0x45,0xd8,
0x66,0x89,0x10,0x48,0x8b,0x45,0xf8,0x48,0x3b,0x45,0xe8,0x72,0x0d,0x48,0x8b,0x45,
0xf8,0x0f,0xb7,0xc0,0x48,0x39,0x45,0xf8,0x74,0x07,0xb8,0x01,0x00,0x00,0x00,0xeb,
0x05,0xb8,0x00,0x00,0x00,0x00,0x5d,0xc3,0xf3,0x0f,0x1e,0xfa,0x55,0x48,0x89,0xe5,
0x48,0x89,0x7d,0xe8,0x48,0x89,0x75,0xe0,0x48,0x89,0x55,0xd8,0x48,0x8b,0x45,0xe8,
0x48,0x2b,0x45,0xe0,0x48,0x89,0x45,0xf8,0x48,0x8b,0x45,0xf8,0x89,0xc2,0x48,0x8b,
0x45,0xd8,0x66,0x89,0x10,0x48,0x8b,0x45,0xe8,0x48,0x3b,0x45,0xe0,0x72,0x0d,0x48,
0x8b,0x45,0xf8,0x0f,0xb7,0xc0,0x48,0x39,0x45,0xf8,0x74,0x07,0xb8,0x01,0x00,0x00,
0x00,0xeb,0x05,0xb8,0x00,0x00,0x00,0x00,0x5d,0xc3,0xf3,0x0f,0x1e,0xfa,0x55,0x48,
0x89,0xe5,0x48,0x89,0x7d,0xe8,0x48,0x89,0x75,0xe0,0x48,0x89,0x55,0xd8,0x48,0x8b,
0x45,0xe8,0x48,0x0f,0xaf,0x45,0xe0,0x48,0x89,0x45,0xf8,0x48,0x8b,0x45,0xf8,0x89,
0xc2,0x48,0x8b,0x45,0xd8,0x66,0x89,0x10,0x48,0x83,0x7d,0xe8,0x00,0x74,0x13,0x48,
0x8b,0x45,0xf8,0xba,0x00,0x00,0x00,0x00,0x48,0xf7,0x75,0xe8,0x48,0x39,0x45,0xe0,
0x75,0x0d,0x48,0x8b,0x45,0xf8,0x0f,0xb7,0xc0,0x48,0x39,0x45,0xf8,0x74,0x07,0xb8,
0x01,0x00,0x00,0x00,0xeb,0x05,0xb8,0x00,0x00,0x00,0x00,0x5d,0xc3,0xf3,0x0f,0x1e,
0xfa,0x55,0x48,0x89,0xe5,0x48,0x89,0x7d,0xe8,0x48,0x89,0x75,0xe0,0x48,0x89,0x55,
0xd8,0x48,0x8b,0x55,0xe8,0x48,0x8b,0x45,0xe0,0x48,0x01,0xd0,0x48,0x89,0x45,0xf8,
0x48,0x8b,0x45,0xf8,0x89,0xc2,0x48,0x8b,0x45,0xd8,0x89,0x10,0x48,0x8b,0x45,0xf8,
0x48,0x3b,0x45,0xe8,0x72,0x0c,0x48,0x8b,0x45,0xf8,0x89,0xc0,0x48,0x39,0x45,0xf8,
0x74,0x07,0xb8,0x01,0x00,0x00,0x00,0xeb,0x05,0xb8,0x00,0x00,0x00,0x00,0x5d,0xc3,
0xf3,0x0f,0x1e,0xfa,0x55,0x48,0x89,0xe5,0x48,0x89,0x7d,0xe8,0x48,0x89,0x75,0xe0,
0x48,0x89,0x55,0xd8,0x48,0x8b,0x45,0xe8,0x48,0x2b,0x45,0xe0,0x48,0x89,0x45,0xf8,
0x48,0x8b,0x45,0xf8,0x89,0xc2,0x48,0x8b,0x45,0xd8,0x89,0x10,0x48,0x8b,0x45,0xe8,
0x48,0x3b,0x45,0xe0,0x72,0x0c,0x48,0x8b,0x45,0xf8,0x89,0xc0,0x48,0x39,0x45,0xf8,
0x74,0x07,0xb8,0x01,0x00,0x00,0x00,0xeb,0x05,0xb8,0x00,0x00,0x00,0x00,0x5d,0xc3,
0xf3,0x0f,0x1e,0xfa,0x55,0x48,0x89,0xe5,0x48,0x89,0x7d,0xe8,0x48,0x89,0x75,0xe0,
0x48,0x89,0x55,0xd8,0x48,0x8b,0x45,0xe8,0x48,0x0f,0xaf,0x45,0xe0,0x48,0x89,0x45,
0xf8,0x48,0x8b,0x45,0xf8,0x89,0xc2,0x48,0x8b,0x45,0xd8,0x89,0x10,0x48,0x83,0x7d,
0xe8,0x00,0x74,0x13,0x48,0x8b,0x45,0xf8,0xba,0x00,0x00,0x00,0x00,0x48,0xf7,0x75,
0xe8,0x48,0x39,0x45,0xe0,0x75,0x0c,0x48,0x8b,0x45,0xf8,0x89,0xc0,0x48,0x39,0x45,
0xf8,0x74,0x07,0xb8,0x01,0x00,0x00,0x00,0xeb,0x05,0xb8,0x00,0x00,0x00,0x00,0x5d,
0xc3,0xf3,0x0f,0x1e,0xfa,0x55,0x48,0x89,0xe5,0x48,0x89,0x7d,0xe8,0x48,0x89,0x75,
0xe0,0x48,0x89,0x55,0xd8,0x48,0x8b,0x55,0xe8,0x48,0x8b,0x45,0xe0,0x48,0x01,0xd0,
0x48,0x89,0x45,0xf8,0x48,0x8b,0x55,0xf8,0x48,0x8b,0x45,0xd8,0x48,0x89,0x10,0x48,
0x8b,0x45,0xe8,0x48,0x33,0x45,0xe0,0x48,0xf7,0xd0,0x48,0x89,0xc2,0x48,0x8b,0x45,
0xf8,0x48,0x33,0x45,0xe8,0x48,0x21,0xd0,0x48,0xc1,0xe8,0x3f,0x0f,0xb6,0xc0,0x5d,
0xc3,0xf3,0x0f,0x1e,0xfa,0x55,0x48,0x89,0xe5,0x48,0x89,0x7d,0xe8,0x48,0x89,0x75,
0xe0,0x48,0x89,0x55,0xd8,0x48,0x8b,0x55,0xe8,0x48,0x8b,0x45,0xe0,0x48,0x29,0xc2,
0x48,0x89,0x55,0xf8,0x48,0x8b,0x55,0xf8,0x48,0x8b,0x45,0xd8,0x48,0x89,0x10,0x48,
0x8b,0x45,0xe8,0x48,0x33,0x45,0xe0,0x48,0x89,0xc2,0x48,0x8b,0x45,0xf8,0x48,0x33,
0x45,0xe8,0x48,0x21,0xd0,0x48,0xc1,0xe8,0x3f,0x0f,0xb6,0xc0,0x5d,0xc3,0xf3,0x0f,
0x1e,0xfa,0x55,0x48,0x89,0xe5,0x48,0x89,0x7d,0xe8,0x48,0x89,0x75,0xe0,0x48,0x89,
0x55,0xd8,0x48,0x8b,0x55,0xe8,0x48,0x8b,0x45,0xe0,0x48,0x0f,0xaf,0xc2,0x48,0x89,
0x45,0xf8,0x48,0x8b,0x55,0xf8,0x48,0x8b,0x45,0xd8,0x48,0x89,0x10,0x48,0x83,0x7d,
0xe8,0x00,0x74,0x07,0x48,0x83,0x7d,0xe0,0x00,0x75,0x07,0xb8,0x00,0x00,0x00,0x00,
0xeb,0x4e,0x48,0x83,0x7d,0xe8,0xff,0x75,0x16,0x48,0xb8,0x00,0x00,0x00,0x00,0x00,
0x00,0x00,0x80,0x48,0x39,0x45,0xe0,0x0f,0x94,0xc0,0x0f,0xb6,0xc0,0xeb,0x31,0x48,
0x83,0x7d,0xe0,0xff,0x75,0x16,0x48,0xb8,0x00,0x00,0x00,0x00,0x00,0x00,0x00,0x80,
0x48,0x39,0x45,0xe8,0x0f,0x94,0xc0,0x0f,0xb6,0xc0,0xeb,0x14,0x48,0x8b,0x45,0xf8,
0x48,0x99,0x48,0xf7,0x7d,0xe8,0x48,0x39,0x45,0xe0,0x0f,0x95,0xc0,0x0f,0xb6,0xc0,
0x5d,0xc3,0xf3,0x0f,0x1e,0xfa,0x55,0x48,0x89,0xe5,0x48,0x89,0x7d,0xf8,0x48,0x89,
0x75,0xf0,0x48,0x89,0x55,0xe8,0x48,0x8b,0x55,0xf8,0x48,0x8b,0x45,0xf0,0x48,0x01,
0xc2,0x48,0x8b,0x45,0xe8,0x48,0x89,0x10,0x48,0x8b,0x45,0xe8,0x48,0x8b,0x00,0x48,
0x3b,0x45,0xf8,0x0f,0x92,0xc0,0x0f,0xb6,0xc0,0x5d,0xc3,0xf3,0x0f,0x1e,0xfa,0x55,
0x48,0x89,0xe5,0x48,0x89,0x7d,0xf8,0x48,0x89,0x75,0xf0,0x48,0x89,0x55,0xe8,0x48,
0x8b,0x45,0xf8,0x48,0x2b,0x45,0xf0,0x48,0x89,0xc2,0x48,0x8b,0x45,0xe8,0x48,0x89,
0x10,0x48,0x8b,0x45,0xf8,0x48,0x3b,0x45,0xf0,0x0f,0x92,0xc0,0x0f,0xb6,0xc0,0x5d,
0xc3,0xf3,0x0f,0x1e,0xfa,0x55,0x48,0x89,0xe5,0x48,0x89,0x7d,0xf8,0x48,0x89,0x75,
0xf0,0x48,0x89,0x55,0xe8,0x48,0x8b,0x45,0xf8,0x48,0x0f,0xaf,0x45,0xf0,0x48,0x89,
0xc2,0x48,0x8b,0x45,0xe8,0x48,0x89,0x10,0x48,0x83,0x7d,0xf8,0x00,0x74,0x1d,0x48,
0x8b,0x45,0xe8,0x48,0x8b,0x00,0xba,0x00,0x00,0x00,0x00,0x48,0xf7,0x75,0xf8,0x48,
0x39,0x45,0xf0,0x74,0x07,0xb8,0x01,0x00,0x00,0x00,0xeb,0x05,0xb8,0x00,0x00,0x00,
0x00,0x5d,0xc3,0xf3,0x0f,0x1e,0xfa,0x55,0x48,0x89,0xe5,0x48,0x89,0x7d,0xe8,0x48,
0x89,0x75,0xe0,0x48,0x89,0x55,0xd8,0x48,0x8b,0x55,0xe8,0x48,0x8b,0x45,0xe0,0x48,
0x01,0xd0,0x48,0x89,0x45,0xf8,0x48,0x8b,0x55,0xf8,0x48,0x8b,0x45,0xd8,0x48,0x89,
0x10,0x48,0x8b,0x45,0xe8,0x48,0x33,0x45,0xe0,0x48,0xf7,0xd0,0x48,0x89,0xc2,0x48,
0x8b,0x45,0xf8,0x48,0x33,0x45,0xe8,0x48,0x21,0xd0,0x48,0xc1,0xe8,0x3f,0x0f,0xb6,
0xc0,0x5d,0xc3,0xf3,0x0f,0x1e,0xfa,0x55,0x48,0x89,0xe5,0x48,0x89,0x7d,0xe8,0x48,
0x89,0x75,0xe0,0x48,0x89,0x55,0xd8,0x48,0x8b,0x55,0xe8,0x48,0x8b,0x45,0xe0,0x48,
0x29,0xc2,0x48,0x89,0x55,0xf8,0x48,0x8b,0x55,0xf8,0x48,0x8b,0x45,0xd8,0x48,0x89,
0x10,0x48,0x8b,0x45,0xe8,0x48,0x33,0x45,0xe0,0x48,0x89,0xc2,0x48,0x8b,0x45,0xf8,
0x48,0x33,0x45,0xe8,0x48,0x21,0xd0,0x48,0xc1,0xe8,0x3f,0x0f,0xb6,0xc0,0x5d,0xc3,
0xf3,0x0f,0x1e,0xfa,0x55,0x48,0x89,0xe5,0x48,0x89,0x7d,0xe8,0x48,0x89,0x75,0xe0,
0x48,0x89,0x55,0xd8,0x48,0x8b,0x55,0xe8,0x48,0x8b,0x45,0xe0,0x48,0x0f,0xaf,0xc2,
0x48,0x89,0x45,0xf8,0x48,0x8b,0x55,0xf8,0x48,0x8b,0x45,0xd8,0x48,0x89,0x10,0x48,
0x83,0x7d,0xe8,0x00,0x74,0x07,0x48,0x83,0x7d,0xe0,0x00,0x75,0x07,0xb8,0x00,0x00,
0x00,0x00,0xeb,0x4e,0x48,0x83,0x7d,0xe8,0xff,0x75,0x16,0x48,0xb8,0x00,0x00,0x00,
0x00,0x00,0x00,0x00,0x80,0x48,0x39,0x45,0xe0,0x0f,0x94,0xc0,0x0f,0xb6,0xc0,0xeb,
0x31,0x48,0x83,0x7d,0xe0,0xff,0x75,0x16,0x48,0xb8,0x00,0x00,0x00,0x00,0x00,0x00,
0x00,0x80,0x48,0x39,0x45,0xe8,0x0f,0x94,0xc0,0x0f,0xb6,0xc0,0xeb,0x14,0x48,0x8b,
0x45,0xf8,0x48,0x99,0x48,0xf7,0x7d,0xe8,0x48,0x39,0x45,0xe0,0x0f,0x95,0xc0,0x0f,
0xb6,0xc0,0x5d,0xc3,0xf3,0x0f,0x1e,0xfa,0x55,0x48,0x89,0xe5,0x48,0x89,0x7d,0xf8,
0x48,0x89,0x75,0xf0,0x48,0x89,0x55,0xe8,0x48,0x8b,0x55,0xf8,0x48,0x8b,0x45,0xf0,
0x48,0x01,0xc2,0x48,0x8b,0x45,0xe8,0x48,0x89,0x10,0x48,0x8b,0x45,0xe8,0x48,0x8b,
0x00,0x48,0x3b,0x45,0xf8,0x0f,0x92,0xc0,0x0f,0xb6,0xc0,0x5d,0xc3,0xf3,0x0f,0x1e,
0xfa,0x55,0x48,0x89,0xe5,0x48,0x89,0x7d,0xf8,0x48,0x89,0x75,0xf0,0x48,0x89,0x55,
0xe8,0x48,0x8b,0x45,0xf8,0x48,0x2b,0x45,0xf0,0x48,0x89,0xc2,0x48,0x8b,0x45,0xe8,
0x48,0x89,0x10,0x48,0x8b,0x45,0xf8,0x48,0x3b,0x45,0xf0,0x0f,0x92,0xc0,0x0f,0xb6,
0xc0,0x5d,0xc3,0xf3,0x0f,0x1e,0xfa,0x55,0x48,0x89,0xe5,0x48,0x89,0x7d,0xf8,0x48,
0x89,0x75,0xf0,0x48,0x89,0x55,0xe8,0x48,0x8b,0x45,0xf8,0x48,0x0f,0xaf,0x45,0xf0,
0x48,0x89,0xc2,0x48,0x8b,0x45,0xe8,0x48,0x89,0x10,0x48,0x83,0x7d,0xf8,0x00,0x74,
0x1d,0x48,0x8b,0x45,0xe8,0x48,0x8b,0x00,0xba,0x00,0x00,0x00,0x00,0x48,0xf7,0x75,
0xf8,0x48,0x39,0x45,0xf0,0x74,0x07,0xb8,0x01,0x00,0x00,0x00,0xeb,0x05,0xb8,0x00,
0x00,0x00,0x00,0x5d,0xc3,0x00,0x00,0x00,0x00,0x00,0x00,0x01,0x1c,0x02,0x1d,0x0e,
0x18,0x03,0x1e,0x16,0x14,0x0f,0x19,0x11,0x04,0x08,0x1f,0x1b,0x0d,0x17,0x15,0x13,
0x10,0x07,0x1a,0x0c,0x12,0x06,0x0b,0x05,0x0a,0x09,0x1f,0x16,0x1e,0x15,0x12,0x0a,
0x1d,0x02,0x14,0x11,0x0f,0x0d,0x09,0x06,0x1c,0x01,0x17,0x13,0x0b,0x03,0x10,0x0e,
0x07,0x18,0x0c,0x04,0x08,0x19,0x05,0x1a,0x1b,0x00,0x00,0x01,0x02,0x35,0x03,0x07,
0x36,0x1b,0x04,0x26,0x29,0x08,0x22,0x37,0x30,0x1c,0x3e,0x05,0x27,0x2e,0x2c,0x2a,
0x16,0x09,0x18,0x23,0x3b,0x38,0x31,0x12,0x1d,0x0b,0x3f,0x34,0x06,0x1a,0x25,0x28,
0x21,0x2f,0x3d,0x2d,0x2b,0x15,0x17,0x3a,0x11,0x0a,0x33,0x19,0x24,0x20,0x3c,0x14,
0x39,0x10,0x32,0x1f,0x13,0x0f,0x1e,0x0e,0x0d,0x0c,0x3f,0x10,0x3e,0x07,0x0f,0x24,
0x3d,0x03,0x06,0x0e,0x16,0x1a,0x23,0x2f,0x3c,0x02,0x09,0x05,0x1c,0x0b,0x0d,0x15,
0x2a,0x13,0x19,0x1f,0x22,0x28,0x2e,0x34,0x3b,0x01,0x11,0x08,0x25,0x04,0x17,0x1b,
0x30,0x0a,0x1d,0x0c,0x2b,0x14,0x20,0x29,0x35,0x12,0x26,0x18,0x31,0x1e,0x2c,0x21,
0x36,0x27,0x32,0x2d,0x37,0x33,0x38,0x39,0x3a,0x00,0x00,0x47,0x43,0x43,0x3a,0x20,
0x28,0x47,0x65,0x6e,0x74,0x6f,0x6f,0x20,0x31,0x35,0x2e,0x33,0x2e,0x30,0x20,0x70,
0x38,0x29,0x20,0x31,0x35,0x2e,0x33,0x2e,0x30,0x00,0x04,0x00,0x00,0x00,0x10,0x00,
0x00,0x00,0x05,0x00,0x00,0x00,0x47,0x4e,0x55,0x00,0x02,0x00,0x00,0xc0,0x04,0x00,
0x00,0x00,0x03,0x00,0x00,0x00,0x00,0x00,0x00,0x00,0x04,0x00,0x00,0x00,0x20,0x00,
0x00,0x00,0x05,0x00,0x00,0x00,0x47,0x4e,0x55,0x00,0x02,0x00,0x01,0xc0,0x04,0x00,
0x00,0x00,0x01,0x00,0x00,0x00,0x00,0x00,0x00,0x00,0x01,0x00,0x01,0xc0,0x04,0x00,
0x00,0x00,0x09,0x00,0x00,0x00,0x00,0x00,0x00,0x00,0x14,0x00,0x00,0x00,0x00,0x00,
0x00,0x00,0x01,0x7a,0x52,0x00,0x01,0x78,0x10,0x01,0x1b,0x0c,0x07,0x08,0x90,0x01,
0x00,0x00,0x1c,0x00,0x00,0x00,0x1c,0x00,0x00,0x00,0x00,0x00,0x00,0x00,0x3a,0x00,
0x00,0x00,0x00,0x45,0x0e,0x10,0x86,0x02,0x43,0x0d,0x06,0x71,0x0c,0x07,0x08,0x00,
0x00,0x00,0x1c,0x00,0x00,0x00,0x3c,0x00,0x00,0x00,0x00,0x00,0x00,0x00,0x4c,0x00,
0x00,0x00,0x00,0x45,0x0e,0x10,0x86,0x02,0x43,0x0d,0x06,0x02,0x43,0x0c,0x07,0x08,
0x00,0x00,0x1c,0x00,0x00,0x00,0x5c,0x00,0x00,0x00,0x00,0x00,0x00,0x00,0x55,0x00,
0x00,0x00,0x00,0x45,0x0e,0x10,0x86,0x02,0x43,0x0d,0x06,0x02,0x4c,0x0c,0x07,0x08,
0x00,0x00,0x1c,0x00,0x00,0x00,0x7c,0x00,0x00,0x00,0x00,0x00,0x00,0x00,0x7c,0x00,
0x00,0x00,0x00,0x45,0x0e,0x10,0x86,0x02,0x43,0x0d,0x06,0x02,0x73,0x0c,0x07,0x08,
0x00,0x00,0x1c,0x00,0x00,0x00,0x9c,0x00,0x00,0x00,0x00,0x00,0x00,0x00,0x2e,0x00,
0x00,0x00,0x00,0x45,0x0e,0x10,0x86,0x02,0x43,0x0d,0x06,0x65,0x0c,0x07,0x08,0x00,
0x00,0x00,0x1c,0x00,0x00,0x00,0xbc,0x00,0x00,0x00,0x00,0x00,0x00,0x00,0x3c,0x00,
0x00,0x00,0x00,0x45,0x0e,0x10,0x86,0x02,0x43,0x0d,0x06,0x73,0x0c,0x07,0x08,0x00,
0x00,0x00,0x1c,0x00,0x00,0x00,0xdc,0x00,0x00,0x00,0x00,0x00,0x00,0x00,0x61,0x00,
0x00,0x00,0x00,0x45,0x0e,0x10,0x86,0x02,0x43,0x0d,0x06,0x02,0x58,0x0c,0x07,0x08,
0x00,0x00,0x1c,0x00,0x00,0x00,0xfc,0x00,0x00,0x00,0x00,0x00,0x00,0x00,0x8b,0x00,
0x00,0x00,0x00,0x45,0x0e,0x10,0x86,0x02,0x43,0x0d,0x06,0x02,0x82,0x0c,0x07,0x08,
0x00,0x00,0x1c,0x00,0x00,0x00,0x1c,0x01,0x00,0x00,0x00,0x00,0x00,0x00,0x58,0x00,
0x00,0x00,0x00,0x45,0x0e,0x10,0x86,0x02,0x43,0x0d,0x06,0x02,0x4f,0x0c,0x07,0x08,
0x00,0x00,0x1c,0x00,0x00,0x00,0x3c,0x01,0x00,0x00,0x00,0x00,0x00,0x00,0x92,0x00,
0x00,0x00,0x00,0x45,0x0e,0x10,0x86,0x02,0x43,0x0d,0x06,0x02,0x89,0x0c,0x07,0x08,
0x00,0x00,0x1c,0x00,0x00,0x00,0x5c,0x01,0x00,0x00,0x00,0x00,0x00,0x00,0x58,0x00,
0x00,0x00,0x00,0x45,0x0e,0x10,0x86,0x02,0x43,0x0d,0x06,0x02,0x4f,0x0c,0x07,0x08,
0x00,0x00,0x1c,0x00,0x00,0x00,0x7c,0x01,0x00,0x00,0x00,0x00,0x00,0x00,0x92,0x00,
0x00,0x00,0x00,0x45,0x0e,0x10,0x86,0x02,0x43,0x0d,0x06,0x02,0x89,0x0c,0x07,0x08,
0x00,0x00,0x1c,0x00,0x00,0x00,0x9c,0x01,0x00,0x00,0x00,0x00,0x00,0x00,0x23,0x00,
0x00,0x00,0x00,0x45,0x0e,0x10,0x86,0x02,0x43,0x0d,0x06,0x5a,0x0c,0x07,0x08,0x00,
0x00,0x00,0x1c,0x00,0x00,0x00,0xbc,0x01,0x00,0x00,0x00,0x00,0x00,0x00,0x37,0x00,
0x00,0x00,0x00,0x45,0x0e,0x10,0x86,0x02,0x43,0x0d,0x06,0x6e,0x0c,0x07,0x08,0x00,
0x00,0x00,0x1c,0x00,0x00,0x00,0xdc,0x01,0x00,0x00,0x00,0x00,0x00,0x00,0x1f,0x00,
0x00,0x00,0x00,0x45,0x0e,0x10,0x86,0x02,0x43,0x0d,0x06,0x56,0x0c,0x07,0x08,0x00,
0x00,0x00,0x1c,0x00,0x00,0x00,0xfc,0x01,0x00,0x00,0x00,0x00,0x00,0x00,0x21,0x00,
0x00,0x00,0x00,0x45,0x0e,0x10,0x86,0x02,0x43,0x0d,0x06,0x58,0x0c,0x07,0x08,0x00,
0x00,0x00,0x1c,0x00,0x00,0x00,0x1c,0x02,0x00,0x00,0x00,0x00,0x00,0x00,0x41,0x00,
0x00,0x00,0x00,0x45,0x0e,0x10,0x86,0x02,0x43,0x0d,0x06,0x78,0x0c,0x07,0x08,0x00,
0x00,0x00,0x1c,0x00,0x00,0x00,0x3c,0x02,0x00,0x00,0x00,0x00,0x00,0x00,0xa5,0x00,
0x00,0x00,0x00,0x45,0x0e,0x10,0x86,0x02,0x43,0x0d,0x06,0x02,0x9c,0x0c,0x07,0x08,
0x00,0x00,0x1c,0x00,0x00,0x00,0x5c,0x02,0x00,0x00,0x00,0x00,0x00,0x00,0x71,0x00,
0x00,0x00,0x00,0x45,0x0e,0x10,0x86,0x02,0x43,0x0d,0x06,0x02,0x68,0x0c,0x07,0x08,
0x00,0x00,0x1c,0x00,0x00,0x00,0x7c,0x02,0x00,0x00,0x00,0x00,0x00,0x00,0x6e,0x00,
0x00,0x00,0x00,0x45,0x0e,0x10,0x86,0x02,0x43,0x0d,0x06,0x02,0x65,0x0c,0x07,0x08,
0x00,0x00,0x1c,0x00,0x00,0x00,0x9c,0x02,0x00,0x00,0x00,0x00,0x00,0x00,0xc8,0x00,
0x00,0x00,0x00,0x45,0x0e,0x10,0x86,0x02,0x43,0x0d,0x06,0x02,0xbf,0x0c,0x07,0x08,
0x00,0x00,0x1c,0x00,0x00,0x00,0xbc,0x02,0x00,0x00,0x00,0x00,0x00,0x00,0x71,0x00,
0x00,0x00,0x00,0x45,0x0e,0x10,0x86,0x02,0x43,0x0d,0x06,0x02,0x68,0x0c,0x07,0x08,
0x00,0x00,0x1c,0x00,0x00,0x00,0xdc,0x02,0x00,0x00,0x00,0x00,0x00,0x00,0x6e,0x00,
0x00,0x00,0x00,0x45,0x0e,0x10,0x86,0x02,0x43,0x0d,0x06,0x02,0x65,0x0c,0x07,0x08,
0x00,0x00,0x1c,0x00,0x00,0x00,0xfc,0x02,0x00,0x00,0x00,0x00,0x00,0x00,0xc8,0x00,
0x00,0x00,0x00,0x45,0x0e,0x10,0x86,0x02,0x43,0x0d,0x06,0x02,0xbf,0x0c,0x07,0x08,
0x00,0x00,0x1c,0x00,0x00,0x00,0x1c,0x03,0x00,0x00,0x00,0x00,0x00,0x00,0x72,0x00,
0x00,0x00,0x00,0x45,0x0e,0x10,0x86,0x02,0x43,0x0d,0x06,0x02,0x69,0x0c,0x07,0x08,
0x00,0x00,0x1c,0x00,0x00,0x00,0x3c,0x03,0x00,0x00,0x00,0x00,0x00,0x00,0x6f,0x00,
0x00,0x00,0x00,0x45,0x0e,0x10,0x86,0x02,0x43,0x0d,0x06,0x02,0x66,0x0c,0x07,0x08,
0x00,0x00,0x1c,0x00,0x00,0x00,0x5c,0x03,0x00,0x00,0x00,0x00,0x00,0x00,0xc9,0x00,
0x00,0x00,0x00,0x45,0x0e,0x10,0x86,0x02,0x43,0x0d,0x06,0x02,0xc0,0x0c,0x07,0x08,
0x00,0x00,0x1c,0x00,0x00,0x00,0x7c,0x03,0x00,0x00,0x00,0x00,0x00,0x00,0x6f,0x00,
0x00,0x00,0x00,0x45,0x0e,0x10,0x86,0x02,0x43,0x0d,0x06,0x02,0x66,0x0c,0x07,0x08,
0x00,0x00,0x1c,0x00,0x00,0x00,0x9c,0x03,0x00,0x00,0x00,0x00,0x00,0x00,0x6c,0x00,
0x00,0x00,0x00,0x45,0x0e,0x10,0x86,0x02,0x43,0x0d,0x06,0x02,0x63,0x0c,0x07,0x08,
0x00,0x00,0x1c,0x00,0x00,0x00,0xbc,0x03,0x00,0x00,0x00,0x00,0x00,0x00,0xc6,0x00,
0x00,0x00,0x00,0x45,0x0e,0x10,0x86,0x02,0x43,0x0d,0x06,0x02,0xbd,0x0c,0x07,0x08,
0x00,0x00,0x1c,0x00,0x00,0x00,0xdc,0x03,0x00,0x00,0x00,0x00,0x00,0x00,0x54,0x00,
0x00,0x00,0x00,0x45,0x0e,0x10,0x86,0x02,0x43,0x0d,0x06,0x02,0x4b,0x0c,0x07,0x08,
0x00,0x00,0x1c,0x00,0x00,0x00,0xfc,0x03,0x00,0x00,0x00,0x00,0x00,0x00,0x51,0x00,
0x00,0x00,0x00,0x45,0x0e,0x10,0x86,0x02,0x43,0x0d,0x06,0x02,0x48,0x0c,0x07,0x08,
0x00,0x00,0x1c,0x00,0x00,0x00,0x1c,0x04,0x00,0x00,0x00,0x00,0x00,0x00,0x62,0x00,
0x00,0x00,0x00,0x45,0x0e,0x10,0x86,0x02,0x43,0x0d,0x06,0x02,0x59,0x0c,0x07,0x08,
0x00,0x00,0x1c,0x00,0x00,0x00,0x3c,0x04,0x00,0x00,0x00,0x00,0x00,0x00,0x55,0x00,
0x00,0x00,0x00,0x45,0x0e,0x10,0x86,0x02,0x43,0x0d,0x06,0x02,0x4c,0x0c,0x07,0x08,
0x00,0x00,0x1c,0x00,0x00,0x00,0x5c,0x04,0x00,0x00,0x00,0x00,0x00,0x00,0x52,0x00,
0x00,0x00,0x00,0x45,0x0e,0x10,0x86,0x02,0x43,0x0d,0x06,0x02,0x49,0x0c,0x07,0x08,
0x00,0x00,0x1c,0x00,0x00,0x00,0x7c,0x04,0x00,0x00,0x00,0x00,0x00,0x00,0x63,0x00,
0x00,0x00,0x00,0x45,0x0e,0x10,0x86,0x02,0x43,0x0d,0x06,0x02,0x5a,0x0c,0x07,0x08,
0x00,0x00,0x1c,0x00,0x00,0x00,0x9c,0x04,0x00,0x00,0x00,0x00,0x00,0x00,0x53,0x00,
0x00,0x00,0x00,0x45,0x0e,0x10,0x86,0x02,0x43,0x0d,0x06,0x02,0x4a,0x0c,0x07,0x08,
0x00,0x00,0x1c,0x00,0x00,0x00,0xbc,0x04,0x00,0x00,0x00,0x00,0x00,0x00,0x50,0x00,
0x00,0x00,0x00,0x45,0x0e,0x10,0x86,0x02,0x43,0x0d,0x06,0x02,0x47,0x0c,0x07,0x08,
0x00,0x00,0x1c,0x00,0x00,0x00,0xdc,0x04,0x00,0x00,0x00,0x00,0x00,0x00,0x61,0x00,
0x00,0x00,0x00,0x45,0x0e,0x10,0x86,0x02,0x43,0x0d,0x06,0x02,0x58,0x0c,0x07,0x08,
0x00,0x00,0x1c,0x00,0x00,0x00,0xfc,0x04,0x00,0x00,0x00,0x00,0x00,0x00,0x50,0x00,
0x00,0x00,0x00,0x45,0x0e,0x10,0x86,0x02,0x43,0x0d,0x06,0x02,0x47,0x0c,0x07,0x08,
0x00,0x00,0x1c,0x00,0x00,0x00,0x1c,0x05,0x00,0x00,0x00,0x00,0x00,0x00,0x4d,0x00,
0x00,0x00,0x00,0x45,0x0e,0x10,0x86,0x02,0x43,0x0d,0x06,0x02,0x44,0x0c,0x07,0x08,
0x00,0x00,0x1c,0x00,0x00,0x00,0x3c,0x05,0x00,0x00,0x00,0x00,0x00,0x00,0x94,0x00,
0x00,0x00,0x00,0x45,0x0e,0x10,0x86,0x02,0x43,0x0d,0x06,0x02,0x8b,0x0c,0x07,0x08,
0x00,0x00,0x1c,0x00,0x00,0x00,0x5c,0x05,0x00,0x00,0x00,0x00,0x00,0x00,0x39,0x00,
0x00,0x00,0x00,0x45,0x0e,0x10,0x86,0x02,0x43,0x0d,0x06,0x70,0x0c,0x07,0x08,0x00,
0x00,0x00,0x1c,0x00,0x00,0x00,0x7c,0x05,0x00,0x00,0x00,0x00,0x00,0x00,0x36,0x00,
0x00,0x00,0x00,0x45,0x0e,0x10,0x86,0x02,0x43,0x0d,0x06,0x6d,0x0c,0x07,0x08,0x00,
0x00,0x00,0x1c,0x00,0x00,0x00,0x9c,0x05,0x00,0x00,0x00,0x00,0x00,0x00,0x52,0x00,
0x00,0x00,0x00,0x45,0x0e,0x10,0x86,0x02,0x43,0x0d,0x06,0x02,0x49,0x0c,0x07,0x08,
0x00,0x00,0x1c,0x00,0x00,0x00,0xbc,0x05,0x00,0x00,0x00,0x00,0x00,0x00,0x50,0x00,
0x00,0x00,0x00,0x45,0x0e,0x10,0x86,0x02,0x43,0x0d,0x06,0x02,0x47,0x0c,0x07,0x08,
0x00,0x00,0x1c,0x00,0x00,0x00,0xdc,0x05,0x00,0x00,0x00,0x00,0x00,0x00,0x4d,0x00,
0x00,0x00,0x00,0x45,0x0e,0x10,0x86,0x02,0x43,0x0d,0x06,0x02,0x44,0x0c,0x07,0x08,
0x00,0x00,0x1c,0x00,0x00,0x00,0xfc,0x05,0x00,0x00,0x00,0x00,0x00,0x00,0x94,0x00,
0x00,0x00,0x00,0x45,0x0e,0x10,0x86,0x02,0x43,0x0d,0x06,0x02,0x8b,0x0c,0x07,0x08,
0x00,0x00,0x1c,0x00,0x00,0x00,0x1c,0x06,0x00,0x00,0x00,0x00,0x00,0x00,0x39,0x00,
0x00,0x00,0x00,0x45,0x0e,0x10,0x86,0x02,0x43,0x0d,0x06,0x70,0x0c,0x07,0x08,0x00,
0x00,0x00,0x1c,0x00,0x00,0x00,0x3c,0x06,0x00,0x00,0x00,0x00,0x00,0x00,0x36,0x00,
0x00,0x00,0x00,0x45,0x0e,0x10,0x86,0x02,0x43,0x0d,0x06,0x6d,0x0c,0x07,0x08,0x00,
0x00,0x00,0x1c,0x00,0x00,0x00,0x5c,0x06,0x00,0x00,0x00,0x00,0x00,0x00,0x52,0x00,
0x00,0x00,0x00,0x45,0x0e,0x10,0x86,0x02,0x43,0x0d,0x06,0x02,0x49,0x0c,0x07,0x08,
0x00,0x00,0x00,0x00,0x00,0x00,0x00,0x00,0x00,0x00,0x00,0x00,0x00,0x00,0x00,0x00,
0x00,0x00,0x00,0x00,0x00,0x00,0x00,0x00,0x00,0x00,0x01,0x00,0x00,0x00,0x04,0x00,
0xf1,0xff,0x00,0x00,0x00,0x00,0x00,0x00,0x00,0x00,0x00,0x00,0x00,0x00,0x00,0x00,
0x00,0x00,0x00,0x00,0x00,0x00,0x03,0x00,0x01,0x00,0x00,0x00,0x00,0x00,0x00,0x00,
0x00,0x00,0x00,0x00,0x00,0x00,0x00,0x00,0x00,0x00,0x00,0x00,0x00,0x00,0x03,0x00,
0x05,0x00,0x00,0x00,0x00,0x00,0x00,0x00,0x00,0x00,0x00,0x00,0x00,0x00,0x00,0x00,
0x00,0x00,0x0b,0x00,0x00,0x00,0x01,0x00,0x05,0x00,0x00,0x00,0x00,0x00,0x00,0x00,
0x00,0x00,0x20,0x00,0x00,0x00,0x00,0x00,0x00,0x00,0x16,0x00,0x00,0x00,0x01,0x00,
0x05,0x00,0x20,0x00,0x00,0x00,0x00,0x00,0x00,0x00,0x20,0x00,0x00,0x00,0x00,0x00,
0x00,0x00,0x21,0x00,0x00,0x00,0x01,0x00,0x05,0x00,0x40,0x00,0x00,0x00,0x00,0x00,
0x00,0x00,0x40,0x00,0x00,0x00,0x00,0x00,0x00,0x00,0x2c,0x00,0x00,0x00,0x01,0x00,
0x05,0x00,0x80,0x00,0x00,0x00,0x00,0x00,0x00,0x00,0x40,0x00,0x00,0x00,0x00,0x00,
0x00,0x00,0x37,0x00,0x00,0x00,0x12,0x00,0x01,0x00,0x00,0x00,0x00,0x00,0x00,0x00,
0x00,0x00,0x3a,0x00,0x00,0x00,0x00,0x00,0x00,0x00,0x49,0x00,0x00,0x00,0x12,0x00,
0x01,0x00,0x3a,0x00,0x00,0x00,0x00,0x00,0x00,0x00,0x4c,0x00,0x00,0x00,0x00,0x00,
0x00,0x00,0x5d,0x00,0x00,0x00,0x12,0x00,0x01,0x00,0x3a,0x00,0x00,0x00,0x00,0x00,
0x00,0x00,0x4c,0x00,0x00,0x00,0x00,0x00,0x00,0x00,0x70,0x00,0x00,0x00,0x12,0x00,
0x01,0x00,0x86,0x00,0x00,0x00,0x00,0x00,0x00,0x00,0x55,0x00,0x00,0x00,0x00,0x00,
0x00,0x00,0x82,0x00,0x00,0x00,0x12,0x00,0x01,0x00,0x86,0x00,0x00,0x00,0x00,0x00,
0x00,0x00,0x55,0x00,0x00,0x00,0x00,0x00,0x00,0x00,0x90,0x00,0x00,0x00,0x12,0x00,
0x01,0x00,0xdb,0x00,0x00,0x00,0x00,0x00,0x00,0x00,0x7c,0x00,0x00,0x00,0x00,0x00,
0x00,0x00,0xa4,0x00,0x00,0x00,0x12,0x00,0x01,0x00,0xdb,0x00,0x00,0x00,0x00,0x00,
0x00,0x00,0x7c,0x00,0x00,0x00,0x00,0x00,0x00,0x00,0xb4,0x00,0x00,0x00,0x12,0x00,
0x01,0x00,0xdb,0x00,0x00,0x00,0x00,0x00,0x00,0x00,0x7c,0x00,0x00,0x00,0x00,0x00,
0x00,0x00,0xc7,0x00,0x00,0x00,0x12,0x00,0x01,0x00,0xdb,0x00,0x00,0x00,0x00,0x00,
0x00,0x00,0x7c,0x00,0x00,0x00,0x00,0x00,0x00,0x00,0xd6,0x00,0x00,0x00,0x12,0x00,
0x01,0x00,0x57,0x01,0x00,0x00,0x00,0x00,0x00,0x00,0x2e,0x00,0x00,0x00,0x00,0x00,
0x00,0x00,0xe8,0x00,0x00,0x00,0x12,0x00,0x01,0x00,0x57,0x01,0x00,0x00,0x00,0x00,
0x00,0x00,0x2e,0x00,0x00,0x00,0x00,0x00,0x00,0x00,0xf6,0x00,0x00,0x00,0x12,0x00,
0x01,0x00,0x85,0x01,0x00,0x00,0x00,0x00,0x00,0x00,0x3c,0x00,0x00,0x00,0x00,0x00,
0x00,0x00,0x0a,0x01,0x00,0x00,0x12,0x00,0x01,0x00,0x85,0x01,0x00,0x00,0x00,0x00,
0x00,0x00,0x3c,0x00,0x00,0x00,0x00,0x00,0x00,0x00,0x1a,0x01,0x00,0x00,0x12,0x00,
0x01,0x00,0x85,0x01,0x00,0x00,0x00,0x00,0x00,0x00,0x3c,0x00,0x00,0x00,0x00,0x00,
0x00,0x00,0x2d,0x01,0x00,0x00,0x12,0x00,0x01,0x00,0x85,0x01,0x00,0x00,0x00,0x00,
0x00,0x00,0x3c,0x00,0x00,0x00,0x00,0x00,0x00,0x00,0x3c,0x01,0x00,0x00,0x12,0x00,
0x01,0x00,0xc1,0x01,0x00,0x00,0x00,0x00,0x00,0x00,0x61,0x00,0x00,0x00,0x00,0x00,
0x00,0x00,0x50,0x01,0x00,0x00,0x12,0x00,0x01,0x00,0xc1,0x01,0x00,0x00,0x00,0x00,
0x00,0x00,0x61,0x00,0x00,0x00,0x00,0x00,0x00,0x00,0x60,0x01,0x00,0x00,0x12,0x00,
0x01,0x00,0x22,0x02,0x00,0x00,0x00,0x00,0x00,0x00,0x8b,0x00,0x00,0x00,0x00,0x00,
0x00,0x00,0x76,0x01,0x00,0x00,0x12,0x00,0x01,0x00,0x22,0x02,0x00,0x00,0x00,0x00,
0x00,0x00,0x8b,0x00,0x00,0x00,0x00,0x00,0x00,0x00,0x88,0x01,0x00,0x00,0x12,0x00,
0x01,0x00,0x22,0x02,0x00,0x00,0x00,0x00,0x00,0x00,0x8b,0x00,0x00,0x00,0x00,0x00,
0x00,0x00,0x9d,0x01,0x00,0x00,0x12,0x00,0x01,0x00,0x22,0x02,0x00,0x00,0x00,0x00,
0x00,0x00,0x8b,0x00,0x00,0x00,0x00,0x00,0x00,0x00,0xae,0x01,0x00,0x00,0x12,0x00,
0x01,0x00,0xad,0x02,0x00,0x00,0x00,0x00,0x00,0x00,0x58,0x00,0x00,0x00,0x00,0x00,
0x00,0x00,0xc5,0x01,0x00,0x00,0x12,0x00,0x01,0x00,0xad,0x02,0x00,0x00,0x00,0x00,
0x00,0x00,0x58,0x00,0x00,0x00,0x00,0x00,0x00,0x00,0xd8,0x01,0x00,0x00,0x12,0x00,
0x01,0x00,0x05,0x03,0x00,0x00,0x00,0x00,0x00,0x00,0x92,0x00,0x00,0x00,0x00,0x00,
0x00,0x00,0xf1,0x01,0x00,0x00,0x12,0x00,0x01,0x00,0x05,0x03,0x00,0x00,0x00,0x00,
0x00,0x00,0x92,0x00,0x00,0x00,0x00,0x00,0x00,0x00,0x06,0x02,0x00,0x00,0x12,0x00,
0x01,0x00,0x05,0x03,0x00,0x00,0x00,0x00,0x00,0x00,0x92,0x00,0x00,0x00,0x00,0x00,
0x00,0x00,0x1e,0x02,0x00,0x00,0x12,0x00,0x01,0x00,0x05,0x03,0x00,0x00,0x00,0x00,
0x00,0x00,0x92,0x00,0x00,0x00,0x00,0x00,0x00,0x00,0x32,0x02,0x00,0x00,0x12,0x00,
0x01,0x00,0x97,0x03,0x00,0x00,0x00,0x00,0x00,0x00,0x58,0x00,0x00,0x00,0x00,0x00,
0x00,0x00,0x47,0x02,0x00,0x00,0x12,0x00,0x01,0x00,0x97,0x03,0x00,0x00,0x00,0x00,
0x00,0x00,0x58,0x00,0x00,0x00,0x00,0x00,0x00,0x00,0x58,0x02,0x00,0x00,0x12,0x00,
0x01,0x00,0xef,0x03,0x00,0x00,0x00,0x00,0x00,0x00,0x92,0x00,0x00,0x00,0x00,0x00,
0x00,0x00,0x6f,0x02,0x00,0x00,0x12,0x00,0x01,0x00,0xef,0x03,0x00,0x00,0x00,0x00,
0x00,0x00,0x92,0x00,0x00,0x00,0x00,0x00,0x00,0x00,0x82,0x02,0x00,0x00,0x12,0x00,
0x01,0x00,0xef,0x03,0x00,0x00,0x00,0x00,0x00,0x00,0x92,0x00,0x00,0x00,0x00,0x00,
0x00,0x00,0x98,0x02,0x00,0x00,0x12,0x00,0x01,0x00,0xef,0x03,0x00,0x00,0x00,0x00,
0x00,0x00,0x92,0x00,0x00,0x00,0x00,0x00,0x00,0x00,0xaa,0x02,0x00,0x00,0x12,0x00,
0x01,0x00,0x81,0x04,0x00,0x00,0x00,0x00,0x00,0x00,0x23,0x00,0x00,0x00,0x00,0x00,
0x00,0x00,0xc0,0x02,0x00,0x00,0x12,0x00,0x01,0x00,0x81,0x04,0x00,0x00,0x00,0x00,
0x00,0x00,0x23,0x00,0x00,0x00,0x00,0x00,0x00,0x00,0xd2,0x02,0x00,0x00,0x12,0x00,
0x01,0x00,0xa4,0x04,0x00,0x00,0x00,0x00,0x00,0x00,0x37,0x00,0x00,0x00,0x00,0x00,
0x00,0x00,0xe8,0x02,0x00,0x00,0x12,0x00,0x01,0x00,0xa4,0x04,0x00,0x00,0x00,0x00,
0x00,0x00,0x37,0x00,0x00,0x00,0x00,0x00,0x00,0x00,0xfa,0x02,0x00,0x00,0x12,0x00,
0x01,0x00,0xdb,0x04,0x00,0x00,0x00,0x00,0x00,0x00,0x1f,0x00,0x00,0x00,0x00,0x00,
0x00,0x00,0x09,0x03,0x00,0x00,0x12,0x00,0x01,0x00,0xfa,0x04,0x00,0x00,0x00,0x00,
0x00,0x00,0x21,0x00,0x00,0x00,0x00,0x00,0x00,0x00,0x17,0x03,0x00,0x00,0x12,0x00,
0x01,0x00,0x1b,0x05,0x00,0x00,0x00,0x00,0x00,0x00,0x41,0x00,0x00,0x00,0x00,0x00,
0x00,0x00,0x26,0x03,0x00,0x00,0x10,0x00,0x00,0x00,0x00,0x00,0x00,0x00,0x00,0x00,
0x00,0x00,0x00,0x00,0x00,0x00,0x00,0x00,0x00,0x00,0x37,0x03,0x00,0x00,0x12,0x00,
0x01,0x00,0x5c,0x05,0x00,0x00,0x00,0x00,0x00,0x00,0xa5,0x00,0x00,0x00,0x00,0x00,
0x00,0x00,0x4d,0x03,0x00,0x00,0x12,0x00,0x01,0x00,0x00,0x00,0x00,0x00,0x00,0x00,
0x00,0x00,0x3a,0x00,0x00,0x00,0x00,0x00,0x00,0x00,0x5b,0x03,0x00,0x00,0x12,0x00,
0x01,0x00,0x3a,0x00,0x00,0x00,0x00,0x00,0x00,0x00,0x4c,0x00,0x00,0x00,0x00,0x00,
0x00,0x00,0x6a,0x03,0x00,0x00,0x12,0x00,0x01,0x00,0x3a,0x00,0x00,0x00,0x00,0x00,
0x00,0x00,0x4c,0x00,0x00,0x00,0x00,0x00,0x00,0x00,0x7a,0x03,0x00,0x00,0x12,0x00,
0x01,0x00,0x5c,0x05,0x00,0x00,0x00,0x00,0x00,0x00,0xa5,0x00,0x00,0x00,0x00,0x00,
0x00,0x00,0x8c,0x03,0x00,0x00,0x12,0x00,0x01,0x00,0x01,0x06,0x00,0x00,0x00,0x00,
0x00,0x00,0x71,0x00,0x00,0x00,0x00,0x00,0x00,0x00,0x9a,0x03,0x00,0x00,0x12,0x00,
0x01,0x00,0x72,0x06,0x00,0x00,0x00,0x00,0x00,0x00,0x6e,0x00,0x00,0x00,0x00,0x00,
0x00,0x00,0xa8,0x03,0x00,0x00,0x12,0x00,0x01,0x00,0xe0,0x06,0x00,0x00,0x00,0x00,
0x00,0x00,0xc8,0x00,0x00,0x00,0x00,0x00,0x00,0x00,0xb6,0x03,0x00,0x00,0x12,0x00,
0x01,0x00,0xa8,0x07,0x00,0x00,0x00,0x00,0x00,0x00,0x71,0x00,0x00,0x00,0x00,0x00,
0x00,0x00,0xc3,0x03,0x00,0x00,0x12,0x00,0x01,0x00,0x19,0x08,0x00,0x00,0x00,0x00,
0x00,0x00,0x6e,0x00,0x00,0x00,0x00,0x00,0x00,0x00,0xd0,0x03,0x00,0x00,0x12,0x00,
0x01,0x00,0x87,0x08,0x00,0x00,0x00,0x00,0x00,0x00,0xc8,0x00,0x00,0x00,0x00,0x00,
0x00,0x00,0xdd,0x03,0x00,0x00,0x12,0x00,0x01,0x00,0x4f,0x09,0x00,0x00,0x00,0x00,
0x00,0x00,0x72,0x00,0x00,0x00,0x00,0x00,0x00,0x00,0xea,0x03,0x00,0x00,0x12,0x00,
0x01,0x00,0xc1,0x09,0x00,0x00,0x00,0x00,0x00,0x00,0x6f,0x00,0x00,0x00,0x00,0x00,
0x00,0x00,0xf7,0x03,0x00,0x00,0x12,0x00,0x01,0x00,0x30,0x0a,0x00,0x00,0x00,0x00,
0x00,0x00,0xc9,0x00,0x00,0x00,0x00,0x00,0x00,0x00,0x04,0x04,0x00,0x00,0x12,0x00,
0x01,0x00,0xf9,0x0a,0x00,0x00,0x00,0x00,0x00,0x00,0x6f,0x00,0x00,0x00,0x00,0x00,
0x00,0x00,0x11,0x04,0x00,0x00,0x12,0x00,0x01,0x00,0x68,0x0b,0x00,0x00,0x00,0x00,
0x00,0x00,0x6c,0x00,0x00,0x00,0x00,0x00,0x00,0x00,0x1e,0x04,0x00,0x00,0x12,0x00,
0x01,0x00,0xd4,0x0b,0x00,0x00,0x00,0x00,0x00,0x00,0xc6,0x00,0x00,0x00,0x00,0x00,
0x00,0x00,0x2b,0x04,0x00,0x00,0x12,0x00,0x01,0x00,0x9a,0x0c,0x00,0x00,0x00,0x00,
0x00,0x00,0x54,0x00,0x00,0x00,0x00,0x00,0x00,0x00,0x39,0x04,0x00,0x00,0x12,0x00,
0x01,0x00,0xee,0x0c,0x00,0x00,0x00,0x00,0x00,0x00,0x51,0x00,0x00,0x00,0x00,0x00,
0x00,0x00,0x47,0x04,0x00,0x00,0x12,0x00,0x01,0x00,0x3f,0x0d,0x00,0x00,0x00,0x00,
0x00,0x00,0x62,0x00,0x00,0x00,0x00,0x00,0x00,0x00,0x55,0x04,0x00,0x00,0x12,0x00,
0x01,0x00,0xa1,0x0d,0x00,0x00,0x00,0x00,0x00,0x00,0x55,0x00,0x00,0x00,0x00,0x00,
0x00,0x00,0x63,0x04,0x00,0x00,0x12,0x00,0x01,0x00,0xf6,0x0d,0x00,0x00,0x00,0x00,
0x00,0x00,0x52,0x00,0x00,0x00,0x00,0x00,0x00,0x00,0x71,0x04,0x00,0x00,0x12,0x00,
0x01,0x00,0x48,0x0e,0x00,0x00,0x00,0x00,0x00,0x00,0x63,0x00,0x00,0x00,0x00,0x00,
0x00,0x00,0x7f,0x04,0x00,0x00,0x12,0x00,0x01,0x00,0xab,0x0e,0x00,0x00,0x00,0x00,
0x00,0x00,0x53,0x00,0x00,0x00,0x00,0x00,0x00,0x00,0x8c,0x04,0x00,0x00,0x12,0x00,
0x01,0x00,0xfe,0x0e,0x00,0x00,0x00,0x00,0x00,0x00,0x50,0x00,0x00,0x00,0x00,0x00,
0x00,0x00,0x99,0x04,0x00,0x00,0x12,0x00,0x01,0x00,0x4e,0x0f,0x00,0x00,0x00,0x00,
0x00,0x00,0x61,0x00,0x00,0x00,0x00,0x00,0x00,0x00,0xa6,0x04,0x00,0x00,0x12,0x00,
0x01,0x00,0xaf,0x0f,0x00,0x00,0x00,0x00,0x00,0x00,0x50,0x00,0x00,0x00,0x00,0x00,
0x00,0x00,0xb4,0x04,0x00,0x00,0x12,0x00,0x01,0x00,0xff,0x0f,0x00,0x00,0x00,0x00,
0x00,0x00,0x4d,0x00,0x00,0x00,0x00,0x00,0x00,0x00,0xc2,0x04,0x00,0x00,0x12,0x00,
0x01,0x00,0x4c,0x10,0x00,0x00,0x00,0x00,0x00,0x00,0x94,0x00,0x00,0x00,0x00,0x00,
0x00,0x00,0xd0,0x04,0x00,0x00,0x12,0x00,0x01,0x00,0xe0,0x10,0x00,0x00,0x00,0x00,
0x00,0x00,0x39,0x00,0x00,0x00,0x00,0x00,0x00,0x00,0xdf,0x04,0x00,0x00,0x12,0x00,
0x01,0x00,0x19,0x11,0x00,0x00,0x00,0x00,0x00,0x00,0x36,0x00,0x00,0x00,0x00,0x00,
0x00,0x00,0xee,0x04,0x00,0x00,0x12,0x00,0x01,0x00,0x4f,0x11,0x00,0x00,0x00,0x00,
0x00,0x00,0x52,0x00,0x00,0x00,0x00,0x00,0x00,0x00,0xfd,0x04,0x00,0x00,0x12,0x00,
0x01,0x00,0xa1,0x11,0x00,0x00,0x00,0x00,0x00,0x00,0x50,0x00,0x00,0x00,0x00,0x00,
0x00,0x00,0x0a,0x05,0x00,0x00,0x12,0x00,0x01,0x00,0xf1,0x11,0x00,0x00,0x00,0x00,
0x00,0x00,0x4d,0x00,0x00,0x00,0x00,0x00,0x00,0x00,0x17,0x05,0x00,0x00,0x12,0x00,
0x01,0x00,0x3e,0x12,0x00,0x00,0x00,0x00,0x00,0x00,0x94,0x00,0x00,0x00,0x00,0x00,
0x00,0x00,0x24,0x05,0x00,0x00,0x12,0x00,0x01,0x00,0xd2,0x12,0x00,0x00,0x00,0x00,
0x00,0x00,0x39,0x00,0x00,0x00,0x00,0x00,0x00,0x00,0x32,0x05,0x00,0x00,0x12,0x00,
0x01,0x00,0x0b,0x13,0x00,0x00,0x00,0x00,0x00,0x00,0x36,0x00,0x00,0x00,0x00,0x00,
0x00,0x00,0x40,0x05,0x00,0x00,0x12,0x00,0x01,0x00,0x41,0x13,0x00,0x00,0x00,0x00,
0x00,0x00,0x52,0x00,0x00,0x00,0x00,0x00,0x00,0x00,0x00,0x62,0x75,0x69,0x6c,0x74,
0x69,0x6e,0x2e,0x63,0x00,0x74,0x61,0x62,0x6c,0x65,0x5f,0x31,0x5f,0x33,0x32,0x00,
0x74,0x61,0x62,0x6c,0x65,0x5f,0x32,0x5f,0x33,0x32,0x00,0x74,0x61,0x62,0x6c,0x65,
0x5f,0x31,0x5f,0x36,0x34,0x00,0x74,0x61,0x62,0x6c,0x65,0x5f,0x32,0x5f,0x36,0x34,
0x00,0x5f,0x5f,0x6d,0x63,0x63,0x5f,0x62,0x75,0x69,0x6c,0x74,0x69,0x6e,0x5f,0x66,
0x66,0x73,0x00,0x5f,0x5f,0x6d,0x63,0x63,0x5f,0x62,0x75,0x69,0x6c,0x74,0x69,0x6e,
0x5f,0x66,0x66,0x73,0x6c,0x6c,0x00,0x5f,0x5f,0x6d,0x63,0x63,0x5f,0x62,0x75,0x69,
0x6c,0x74,0x69,0x6e,0x5f,0x66,0x66,0x73,0x6c,0x00,0x5f,0x5f,0x6d,0x63,0x63,0x5f,
0x62,0x75,0x69,0x6c,0x74,0x69,0x6e,0x5f,0x63,0x6c,0x7a,0x00,0x5f,0x5f,0x62,0x75,
0x69,0x6c,0x74,0x69,0x6e,0x5f,0x63,0x6c,0x7a,0x00,0x5f,0x5f,0x6d,0x63,0x63,0x5f,
0x62,0x75,0x69,0x6c,0x74,0x69,0x6e,0x5f,0x63,0x6c,0x7a,0x6c,0x6c,0x00,0x5f,0x5f,
0x62,0x75,0x69,0x6c,0x74,0x69,0x6e,0x5f,0x63,0x6c,0x7a,0x6c,0x6c,0x00,0x5f,0x5f,
0x6d,0x63,0x63,0x5f,0x62,0x75,0x69,0x6c,0x74,0x69,0x6e,0x5f,0x63,0x6c,0x7a,0x6c,
0x00,0x5f,0x5f,0x62,0x75,0x69,0x6c,0x74,0x69,0x6e,0x5f,0x63,0x6c,0x7a,0x6c,0x00,
0x5f,0x5f,0x6d,0x63,0x63,0x5f,0x62,0x75,0x69,0x6c,0x74,0x69,0x6e,0x5f,0x63,0x74,
0x7a,0x00,0x5f,0x5f,0x62,0x75,0x69,0x6c,0x74,0x69,0x6e,0x5f,0x63,0x74,0x7a,0x00,
0x5f,0x5f,0x6d,0x63,0x63,0x5f,0x62,0x75,0x69,0x6c,0x74,0x69,0x6e,0x5f,0x63,0x74,
0x7a,0x6c,0x6c,0x00,0x5f,0x5f,0x62,0x75,0x69,0x6c,0x74,0x69,0x6e,0x5f,0x63,0x74,
0x7a,0x6c,0x6c,0x00,0x5f,0x5f,0x6d,0x63,0x63,0x5f,0x62,0x75,0x69,0x6c,0x74,0x69,
0x6e,0x5f,0x63,0x74,0x7a,0x6c,0x00,0x5f,0x5f,0x62,0x75,0x69,0x6c,0x74,0x69,0x6e,
0x5f,0x63,0x74,0x7a,0x6c,0x00,0x5f,0x5f,0x6d,0x63,0x63,0x5f,0x62,0x75,0x69,0x6c,
0x74,0x69,0x6e,0x5f,0x63,0x6c,0x72,0x73,0x62,0x00,0x5f,0x5f,0x62,0x75,0x69,0x6c,
0x74,0x69,0x6e,0x5f,0x63,0x6c,0x72,0x73,0x62,0x00,0x5f,0x5f,0x6d,0x63,0x63,0x5f,
0x62,0x75,0x69,0x6c,0x74,0x69,0x6e,0x5f,0x63,0x6c,0x72,0x73,0x62,0x6c,0x6c,0x00,
0x5f,0x5f,0x62,0x75,0x69,0x6c,0x74,0x69,0x6e,0x5f,0x63,0x6c,0x72,0x73,0x62,0x6c,
0x6c,0x00,0x5f,0x5f,0x6d,0x63,0x63,0x5f,0x62,0x75,0x69,0x6c,0x74,0x69,0x6e,0x5f,
0x63,0x6c,0x72,0x73,0x62,0x6c,0x00,0x5f,0x5f,0x62,0x75,0x69,0x6c,0x74,0x69,0x6e,
0x5f,0x63,0x6c,0x72,0x73,0x62,0x6c,0x00,0x5f,0x5f,0x6d,0x63,0x63,0x5f,0x62,0x75,
0x69,0x6c,0x74,0x69,0x6e,0x5f,0x70,0x6f,0x70,0x63,0x6f,0x75,0x6e,0x74,0x00,0x5f,
0x5f,0x62,0x75,0x69,0x6c,0x74,0x69,0x6e,0x5f,0x70,0x6f,0x70,0x63,0x6f,0x75,0x6e,
0x74,0x00,0x5f,0x5f,0x6d,0x63,0x63,0x5f,0x62,0x75,0x69,0x6c,0x74,0x69,0x6e,0x5f,
0x70,0x6f,0x70,0x63,0x6f,0x75,0x6e,0x74,0x6c,0x6c,0x00,0x5f,0x5f,0x62,0x75,0x69,
0x6c,0x74,0x69,0x6e,0x5f,0x70,0x6f,0x70,0x63,0x6f,0x75,0x6e,0x74,0x6c,0x6c,0x00,
0x5f,0x5f,0x6d,0x63,0x63,0x5f,0x62,0x75,0x69,0x6c,0x74,0x69,0x6e,0x5f,0x70,0x6f,
0x70,0x63,0x6f,0x75,0x6e,0x74,0x6c,0x00,0x5f,0x5f,0x62,0x75,0x69,0x6c,0x74,0x69,
0x6e,0x5f,0x70,0x6f,0x70,0x63,0x6f,0x75,0x6e,0x74,0x6c,0x00,0x5f,0x5f,0x6d,0x63,
0x63,0x5f,0x62,0x75,0x69,0x6c,0x74,0x69,0x6e,0x5f,0x70,0x61,0x72,0x69,0x74,0x79,
0x00,0x5f,0x5f,0x62,0x75,0x69,0x6c,0x74,0x69,0x6e,0x5f,0x70,0x61,0x72,0x69,0x74,
0x79,0x00,0x5f,0x5f,0x6d,0x63,0x63,0x5f,0x62,0x75,0x69,0x6c,0x74,0x69,0x6e,0x5f,
0x70,0x61,0x72,0x69,0x74,0x79,0x6c,0x6c,0x00,0x5f,0x5f,0x62,0x75,0x69,0x6c,0x74,
0x69,0x6e,0x5f,0x70,0x61,0x72,0x69,0x74,0x79,0x6c,0x6c,0x00,0x5f,0x5f,0x6d,0x63,
0x63,0x5f,0x62,0x75,0x69,0x6c,0x74,0x69,0x6e,0x5f,0x70,0x61,0x72,0x69,0x74,0x79,
0x6c,0x00,0x5f,0x5f,0x62,0x75,0x69,0x6c,0x74,0x69,0x6e,0x5f,0x70,0x61,0x72,0x69,
0x74,0x79,0x6c,0x00,0x5f,0x5f,0x6d,0x63,0x63,0x5f,0x62,0x75,0x69,0x6c,0x74,0x69,
0x6e,0x5f,0x62,0x73,0x77,0x61,0x70,0x31,0x36,0x00,0x5f,0x5f,0x62,0x75,0x69,0x6c,
0x74,0x69,0x6e,0x5f,0x62,0x73,0x77,0x61,0x70,0x31,0x36,0x00,0x5f,0x5f,0x6d,0x63,
0x63,0x5f,0x62,0x75,0x69,0x6c,0x74,0x69,0x6e,0x5f,0x62,0x73,0x77,0x61,0x70,0x33,
0x32,0x00,0x5f,0x5f,0x62,0x75,0x69,0x6c,0x74,0x69,0x6e,0x5f,0x62,0x73,0x77,0x61,
0x70,0x33,0x32,0x00,0x5f,0x5f,0x6d,0x63,0x63,0x5f,0x73,0x69,0x67,0x6e,0x62,0x69,
0x74,0x66,0x00,0x5f,0x5f,0x6d,0x63,0x63,0x5f,0x73,0x69,0x67,0x6e,0x62,0x69,0x74,
0x00,0x5f,0x5f,0x6d,0x63,0x63,0x5f,0x73,0x69,0x67,0x6e,0x62,0x69,0x74,0x6c,0x00,
0x5f,0x5f,0x73,0x74,0x61,0x63,0x6b,0x5f,0x63,0x68,0x6b,0x5f,0x66,0x61,0x69,0x6c,
0x00,0x5f,0x5f,0x6d,0x63,0x63,0x5f,0x62,0x75,0x69,0x6c,0x74,0x69,0x6e,0x5f,0x62,
0x73,0x77,0x61,0x70,0x36,0x34,0x00,0x5f,0x5f,0x62,0x75,0x69,0x6c,0x74,0x69,0x6e,
0x5f,0x66,0x66,0x73,0x00,0x5f,0x5f,0x62,0x75,0x69,0x6c,0x74,0x69,0x6e,0x5f,0x66,
0x66,0x73,0x6c,0x00,0x5f,0x5f,0x62,0x75,0x69,0x6c,0x74,0x69,0x6e,0x5f,0x66,0x66,
0x73,0x6c,0x6c,0x00,0x5f,0x5f,0x62,0x75,0x69,0x6c,0x74,0x69,0x6e,0x5f,0x62,0x73,
0x77,0x61,0x70,0x36,0x34,0x00,0x5f,0x5f,0x6d,0x63,0x63,0x5f,0x61,0x64,0x64,0x6f,
0x5f,0x73,0x63,0x00,0x5f,0x5f,0x6d,0x63,0x63,0x5f,0x73,0x75,0x62,0x6f,0x5f,0x73,
0x63,0x00,0x5f,0x5f,0x6d,0x63,0x63,0x5f,0x6d,0x75,0x6c,0x6f,0x5f,0x73,0x63,0x00,
0x5f,0x5f,0x6d,0x63,0x63,0x5f,0x61,0x64,0x64,0x6f,0x5f,0x63,0x00,0x5f,0x5f,0x6d,
0x63,0x63,0x5f,0x73,0x75,0x62,0x6f,0x5f,0x63,0x00,0x5f,0x5f,0x6d,0x63,0x63,0x5f,
0x6d,0x75,0x6c,0x6f,0x5f,0x63,0x00,0x5f,0x5f,0x6d,0x63,0x63,0x5f,0x61,0x64,0x64,
0x6f,0x5f,0x73,0x00,0x5f,0x5f,0x6d,0x63,0x63,0x5f,0x73,0x75,0x62,0x6f,0x5f,0x73,
0x00,0x5f,0x5f,0x6d,0x63,0x63,0x5f,0x6d,0x75,0x6c,0x6f,0x5f,0x73,0x00,0x5f,0x5f,
0x6d,0x63,0x63,0x5f,0x61,0x64,0x64,0x6f,0x5f,0x69,0x00,0x5f,0x5f,0x6d,0x63,0x63,
0x5f,0x73,0x75,0x62,0x6f,0x5f,0x69,0x00,0x5f,0x5f,0x6d,0x63,0x63,0x5f,0x6d,0x75,
0x6c,0x6f,0x5f,0x69,0x00,0x5f,0x5f,0x6d,0x63,0x63,0x5f,0x61,0x64,0x64,0x6f,0x5f,
0x75,0x63,0x00,0x5f,0x5f,0x6d,0x63,0x63,0x5f,0x73,0x75,0x62,0x6f,0x5f,0x75,0x63,
0x00,0x5f,0x5f,0x6d,0x63,0x63,0x5f,0x6d,0x75,0x6c,0x6f,0x5f,0x75,0x63,0x00,0x5f,
0x5f,0x6d,0x63,0x63,0x5f,0x61,0x64,0x64,0x6f,0x5f,0x75,0x73,0x00,0x5f,0x5f,0x6d,
0x63,0x63,0x5f,0x73,0x75,0x62,0x6f,0x5f,0x75,0x73,0x00,0x5f,0x5f,0x6d,0x63,0x63,
0x5f,0x6d,0x75,0x6c,0x6f,0x5f,0x75,0x73,0x00,0x5f,0x5f,0x6d,0x63,0x63,0x5f,0x61,
0x64,0x64,0x6f,0x5f,0x75,0x00,0x5f,0x5f,0x6d,0x63,0x63,0x5f,0x73,0x75,0x62,0x6f,
0x5f,0x75,0x00,0x5f,0x5f,0x6d,0x63,0x63,0x5f,0x6d,0x75,0x6c,0x6f,0x5f,0x75,0x00,
0x5f,0x5f,0x6d,0x63,0x63,0x5f,0x61,0x64,0x64,0x6f,0x5f,0x6c,0x6c,0x00,0x5f,0x5f,
0x6d,0x63,0x63,0x5f,0x73,0x75,0x62,0x6f,0x5f,0x6c,0x6c,0x00,0x5f,0x5f,0x6d,0x63,
0x63,0x5f,0x6d,0x75,0x6c,0x6f,0x5f,0x6c,0x6c,0x00,0x5f,0x5f,0x6d,0x63,0x63,0x5f,
0x61,0x64,0x64,0x6f,0x5f,0x75,0x6c,0x6c,0x00,0x5f,0x5f,0x6d,0x63,0x63,0x5f,0x73,
0x75,0x62,0x6f,0x5f,0x75,0x6c,0x6c,0x00,0x5f,0x5f,0x6d,0x63,0x63,0x5f,0x6d,0x75,
0x6c,0x6f,0x5f,0x75,0x6c,0x6c,0x00,0x5f,0x5f,0x6d,0x63,0x63,0x5f,0x61,0x64,0x64,
0x6f,0x5f,0x6c,0x00,0x5f,0x5f,0x6d,0x63,0x63,0x5f,0x73,0x75,0x62,0x6f,0x5f,0x6c,
0x00,0x5f,0x5f,0x6d,0x63,0x63,0x5f,0x6d,0x75,0x6c,0x6f,0x5f,0x6c,0x00,0x5f,0x5f,
0x6d,0x63,0x63,0x5f,0x61,0x64,0x64,0x6f,0x5f,0x75,0x6c,0x00,0x5f,0x5f,0x6d,0x63,
0x63,0x5f,0x73,0x75,0x62,0x6f,0x5f,0x75,0x6c,0x00,0x5f,0x5f,0x6d,0x63,0x63,0x5f,
0x6d,0x75,0x6c,0x6f,0x5f,0x75,0x6c,0x00,0x00,0x00,0x21,0x00,0x00,0x00,0x00,0x00,
0x00,0x00,0x02,0x00,0x00,0x00,0x03,0x00,0x00,0x00,0xfc,0xff,0xff,0xff,0xff,0xff,
0xff,0xff,0x6c,0x00,0x00,0x00,0x00,0x00,0x00,0x00,0x02,0x00,0x00,0x00,0x03,0x00,
0x00,0x00,0x3c,0x00,0x00,0x00,0x00,0x00,0x00,0x00,0xce,0x00,0x00,0x00,0x00,0x00,
0x00,0x00,0x02,0x00,0x00,0x00,0x03,0x00,0x00,0x00,0x1c,0x00,0x00,0x00,0x00,0x00,
0x00,0x00,0x4a,0x01,0x00,0x00,0x00,0x00,0x00,0x00,0x02,0x00,0x00,0x00,0x03,0x00,
0x00,0x00,0x7c,0x00,0x00,0x00,0x00,0x00,0x00,0x00,0x78,0x01,0x00,0x00,0x00,0x00,
0x00,0x00,0x02,0x00,0x00,0x00,0x03,0x00,0x00,0x00,0xfc,0xff,0xff,0xff,0xff,0xff,
0xff,0xff,0xb4,0x01,0x00,0x00,0x00,0x00,0x00,0x00,0x02,0x00,0x00,0x00,0x03,0x00,
0x00,0x00,0x3c,0x00,0x00,0x00,0x00,0x00,0x00,0x00,0x15,0x02,0x00,0x00,0x00,0x00,
0x00,0x00,0x02,0x00,0x00,0x00,0x03,0x00,0x00,0x00,0x1c,0x00,0x00,0x00,0x00,0x00,
0x00,0x00,0xa0,0x02,0x00,0x00,0x00,0x00,0x00,0x00,0x02,0x00,0x00,0x00,0x03,0x00,
0x00,0x00,0x7c,0x00,0x00,0x00,0x00,0x00,0x00,0x00,0x56,0x05,0x00,0x00,0x00,0x00,
0x00,0x00,0x04,0x00,0x00,0x00,0x30,0x00,0x00,0x00,0xfc,0xff,0xff,0xff,0xff,0xff,
0xff,0xff,0x20,0x00,0x00,0x00,0x00,0x00,0x00,0x00,0x02,0x00,0x00,0x00,0x02,0x00,
0x00,0x00,0x00,0x00,0x00,0x00,0x00,0x00,0x00,0x00,0x40,0x00,0x00,0x00,0x00,0x00,
0x00,0x00,0x02,0x00,0x00,0x00,0x02,0x00,0x00,0x00,0x3a,0x00,0x00,0x00,0x00,0x00,
0x00,0x00,0x60,0x00,0x00,0x00,0x00,0x00,0x00,0x00,0x02,0x00,0x00,0x00,0x02,0x00,
0x00,0x00,0x86,0x00,0x00,0x00,0x00,0x00,0x00,0x00,0x80,0x00,0x00,0x00,0x00,0x00,
0x00,0x00,0x02,0x00,0x00,0x00,0x02,0x00,0x00,0x00,0xdb,0x00,0x00,0x00,0x00,0x00,
0x00,0x00,0xa0,0x00,0x00,0x00,0x00,0x00,0x00,0x00,0x02,0x00,0x00,0x00,0x02,0x00,
0x00,0x00,0x57,0x01,0x00,0x00,0x00,0x00,0x00,0x00,0xc0,0x00,0x00,0x00,0x00,0x00,
0x00,0x00,0x02,0x00,0x00,0x00,0x02,0x00,0x00,0x00,0x85,0x01,0x00,0x00,0x00,0x00,
0x00,0x00,0xe0,0x00,0x00,0x00,0x00,0x00,0x00,0x00,0x02,0x00,0x00,0x00,0x02,0x00,
0x00,0x00,0xc1,0x01,0x00,0x00,0x00,0x00,0x00,0x00,0x00,0x01,0x00,0x00,0x00,0x00,
0x00,0x00,0x02,0x00,0x00,0x00,0x02,0x00,0x00,0x00,0x22,0x02,0x00,0x00,0x00,0x00,
0x00,0x00,0x20,0x01,0x00,0x00,0x00,0x00,0x00,0x00,0x02,0x00,0x00,0x00,0x02,0x00,
0x00,0x00,0xad,0x02,0x00,0x00,0x00,0x00,0x00,0x00,0x40,0x01,0x00,0x00,0x00,0x00,
0x00,0x00,0x02,0x00,0x00,0x00,0x02,0x00,0x00,0x00,0x05,0x03,0x00,0x00,0x00,0x00,
0x00,0x00,0x60,0x01,0x00,0x00,0x00,0x00,0x00,0x00,0x02,0x00,0x00,0x00,0x02,0x00,
0x00,0x00,0x97,0x03,0x00,0x00,0x00,0x00,0x00,0x00,0x80,0x01,0x00,0x00,0x00,0x00,
0x00,0x00,0x02,0x00,0x00,0x00,0x02,0x00,0x00,0x00,0xef,0x03,0x00,0x00,0x00,0x00,
0x00,0x00,0xa0,0x01,0x00,0x00,0x00,0x00,0x00,0x00,0x02,0x00,0x00,0x00,0x02,0x00,
0x00,0x00,0x81,0x04,0x00,0x00,0x00,0x00,0x00,0x00,0xc0,0x01,0x00,0x00,0x00,0x00,
0x00,0x00,0x02,0x00,0x00,0x00,0x02,0x00,0x00,0x00,0xa4,0x04,0x00,0x00,0x00,0x00,
0x00,0x00,0xe0,0x01,0x00,0x00,0x00,0x00,0x00,0x00,0x02,0x00,0x00,0x00,0x02,0x00,
0x00,0x00,0xdb,0x04,0x00,0x00,0x00,0x00,0x00,0x00,0x00,0x02,0x00,0x00,0x00,0x00,
0x00,0x00,0x02,0x00,0x00,0x00,0x02,0x00,0x00,0x00,0xfa,0x04,0x00,0x00,0x00,0x00,
0x00,0x00,0x20,0x02,0x00,0x00,0x00,0x00,0x00,0x00,0x02,0x00,0x00,0x00,0x02,0x00,
0x00,0x00,0x1b,0x05,0x00,0x00,0x00,0x00,0x00,0x00,0x40,0x02,0x00,0x00,0x00,0x00,
0x00,0x00,0x02,0x00,0x00,0x00,0x02,0x00,0x00,0x00,0x5c,0x05,0x00,0x00,0x00,0x00,
0x00,0x00,0x60,0x02,0x00,0x00,0x00,0x00,0x00,0x00,0x02,0x00,0x00,0x00,0x02,0x00,
0x00,0x00,0x01,0x06,0x00,0x00,0x00,0x00,0x00,0x00,0x80,0x02,0x00,0x00,0x00,0x00,
0x00,0x00,0x02,0x00,0x00,0x00,0x02,0x00,0x00,0x00,0x72,0x06,0x00,0x00,0x00,0x00,
0x00,0x00,0xa0,0x02,0x00,0x00,0x00,0x00,0x00,0x00,0x02,0x00,0x00,0x00,0x02,0x00,
0x00,0x00,0xe0,0x06,0x00,0x00,0x00,0x00,0x00,0x00,0xc0,0x02,0x00,0x00,0x00,0x00,
0x00,0x00,0x02,0x00,0x00,0x00,0x02,0x00,0x00,0x00,0xa8,0x07,0x00,0x00,0x00,0x00,
0x00,0x00,0xe0,0x02,0x00,0x00,0x00,0x00,0x00,0x00,0x02,0x00,0x00,0x00,0x02,0x00,
0x00,0x00,0x19,0x08,0x00,0x00,0x00,0x00,0x00,0x00,0x00,0x03,0x00,0x00,0x00,0x00,
0x00,0x00,0x02,0x00,0x00,0x00,0x02,0x00,0x00,0x00,0x87,0x08,0x00,0x00,0x00,0x00,
0x00,0x00,0x20,0x03,0x00,0x00,0x00,0x00,0x00,0x00,0x02,0x00,0x00,0x00,0x02,0x00,
0x00,0x00,0x4f,0x09,0x00,0x00,0x00,0x00,0x00,0x00,0x40,0x03,0x00,0x00,0x00,0x00,
0x00,0x00,0x02,0x00,0x00,0x00,0x02,0x00,0x00,0x00,0xc1,0x09,0x00,0x00,0x00,0x00,
0x00,0x00,0x60,0x03,0x00,0x00,0x00,0x00,0x00,0x00,0x02,0x00,0x00,0x00,0x02,0x00,
0x00,0x00,0x30,0x0a,0x00,0x00,0x00,0x00,0x00,0x00,0x80,0x03,0x00,0x00,0x00,0x00,
0x00,0x00,0x02,0x00,0x00,0x00,0x02,0x00,0x00,0x00,0xf9,0x0a,0x00,0x00,0x00,0x00,
0x00,0x00,0xa0,0x03,0x00,0x00,0x00,0x00,0x00,0x00,0x02,0x00,0x00,0x00,0x02,0x00,
0x00,0x00,0x68,0x0b,0x00,0x00,0x00,0x00,0x00,0x00,0xc0,0x03,0x00,0x00,0x00,0x00,
0x00,0x00,0x02,0x00,0x00,0x00,0x02,0x00,0x00,0x00,0xd4,0x0b,0x00,0x00,0x00,0x00,
0x00,0x00,0xe0,0x03,0x00,0x00,0x00,0x00,0x00,0x00,0x02,0x00,0x00,0x00,0x02,0x00,
0x00,0x00,0x9a,0x0c,0x00,0x00,0x00,0x00,0x00,0x00,0x00,0x04,0x00,0x00,0x00,0x00,
0x00,0x00,0x02,0x00,0x00,0x00,0x02,0x00,0x00,0x00,0xee,0x0c,0x00,0x00,0x00,0x00,
0x00,0x00,0x20,0x04,0x00,0x00,0x00,0x00,0x00,0x00,0x02,0x00,0x00,0x00,0x02,0x00,
0x00,0x00,0x3f,0x0d,0x00,0x00,0x00,0x00,0x00,0x00,0x40,0x04,0x00,0x00,0x00,0x00,
0x00,0x00,0x02,0x00,0x00,0x00,0x02,0x00,0x00,0x00,0xa1,0x0d,0x00,0x00,0x00,0x00,
0x00,0x00,0x60,0x04,0x00,0x00,0x00,0x00,0x00,0x00,0x02,0x00,0x00,0x00,0x02,0x00,
0x00,0x00,0xf6,0x0d,0x00,0x00,0x00,0x00,0x00,0x00,0x80,0x04,0x00,0x00,0x00,0x00,
0x00,0x00,0x02,0x00,0x00,0x00,0x02,0x00,0x00,0x00,0x48,0x0e,0x00,0x00,0x00,0x00,
0x00,0x00,0xa0,0x04,0x00,0x00,0x00,0x00,0x00,0x00,0x02,0x00,0x00,0x00,0x02,0x00,
0x00,0x00,0xab,0x0e,0x00,0x00,0x00,0x00,0x00,0x00,0xc0,0x04,0x00,0x00,0x00,0x00,
0x00,0x00,0x02,0x00,0x00,0x00,0x02,0x00,0x00,0x00,0xfe,0x0e,0x00,0x00,0x00,0x00,
0x00,0x00,0xe0,0x04,0x00,0x00,0x00,0x00,0x00,0x00,0x02,0x00,0x00,0x00,0x02,0x00,
0x00,0x00,0x4e,0x0f,0x00,0x00,0x00,0x00,0x00,0x00,0x00,0x05,0x00,0x00,0x00,0x00,
0x00,0x00,0x02,0x00,0x00,0x00,0x02,0x00,0x00,0x00,0xaf,0x0f,0x00,0x00,0x00,0x00,
0x00,0x00,0x20,0x05,0x00,0x00,0x00,0x00,0x00,0x00,0x02,0x00,0x00,0x00,0x02,0x00,
0x00,0x00,0xff,0x0f,0x00,0x00,0x00,0x00,0x00,0x00,0x40,0x05,0x00,0x00,0x00,0x00,
0x00,0x00,0x02,0x00,0x00,0x00,0x02,0x00,0x00,0x00,0x4c,0x10,0x00,0x00,0x00,0x00,
0x00,0x00,0x60,0x05,0x00,0x00,0x00,0x00,0x00,0x00,0x02,0x00,0x00,0x00,0x02,0x00,
0x00,0x00,0xe0,0x10,0x00,0x00,0x00,0x00,0x00,0x00,0x80,0x05,0x00,0x00,0x00,0x00,
0x00,0x00,0x02,0x00,0x00,0x00,0x02,0x00,0x00,0x00,0x19,0x11,0x00,0x00,0x00,0x00,
0x00,0x00,0xa0,0x05,0x00,0x00,0x00,0x00,0x00,0x00,0x02,0x00,0x00,0x00,0x02,0x00,
0x00,0x00,0x4f,0x11,0x00,0x00,0x00,0x00,0x00,0x00,0xc0,0x05,0x00,0x00,0x00,0x00,
0x00,0x00,0x02,0x00,0x00,0x00,0x02,0x00,0x00,0x00,0xa1,0x11,0x00,0x00,0x00,0x00,
0x00,0x00,0xe0,0x05,0x00,0x00,0x00,0x00,0x00,0x00,0x02,0x00,0x00,0x00,0x02,0x00,
0x00,0x00,0xf1,0x11,0x00,0x00,0x00,0x00,0x00,0x00,0x00,0x06,0x00,0x00,0x00,0x00,
0x00,0x00,0x02,0x00,0x00,0x00,0x02,0x00,0x00,0x00,0x3e,0x12,0x00,0x00,0x00,0x00,
0x00,0x00,0x20,0x06,0x00,0x00,0x00,0x00,0x00,0x00,0x02,0x00,0x00,0x00,0x02,0x00,
0x00,0x00,0xd2,0x12,0x00,0x00,0x00,0x00,0x00,0x00,0x40,0x06,0x00,0x00,0x00,0x00,
0x00,0x00,0x02,0x00,0x00,0x00,0x02,0x00,0x00,0x00,0x0b,0x13,0x00,0x00,0x00,0x00,
0x00,0x00,0x60,0x06,0x00,0x00,0x00,0x00,0x00,0x00,0x02,0x00,0x00,0x00,0x02,0x00,
0x00,0x00,0x41,0x13,0x00,0x00,0x00,0x00,0x00,0x00,0x00,0x2e,0x73,0x79,0x6d,0x74,
0x61,0x62,0x00,0x2e,0x73,0x74,0x72,0x74,0x61,0x62,0x00,0x2e,0x73,0x68,0x73,0x74,
0x72,0x74,0x61,0x62,0x00,0x2e,0x72,0x65,0x6c,0x61,0x2e,0x74,0x65,0x78,0x74,0x00,
0x2e,0x64,0x61,0x74,0x61,0x00,0x2e,0x62,0x73,0x73,0x00,0x2e,0x72,0x6f,0x64,0x61,
0x74,0x61,0x00,0x2e,0x63,0x6f,0x6d,0x6d,0x65,0x6e,0x74,0x00,0x2e,0x6e,0x6f,0x74,
0x65,0x2e,0x47,0x4e,0x55,0x2d,0x73,0x74,0x61,0x63,0x6b,0x00,0x2e,0x6e,0x6f,0x74,
0x65,0x2e,0x67,0x6e,0x75,0x2e,0x70,0x72,0x6f,0x70,0x65,0x72,0x74,0x79,0x00,0x2e,
0x72,0x65,0x6c,0x61,0x2e,0x65,0x68,0x5f,0x66,0x72,0x61,0x6d,0x65,0x00,0x00,0x00,
0x00,0x00,0x00,0x00,0x00,0x00,0x00,0x00,0x00,0x00,0x00,0x00,0x00,0x00,0x00,0x00,
0x00,0x00,0x00,0x00,0x00,0x00,0x00,0x00,0x00,0x00,0x00,0x00,0x00,0x00,0x00,0x00,
0x00,0x00,0x00,0x00,0x00,0x00,0x00,0x00,0x00,0x00,0x00,0x00,0x00,0x00,0x00,0x00,
0x00,0x00,0x00,0x00,0x00,0x00,0x00,0x00,0x00,0x00,0x00,0x00,0x00,0x00,0x00,0x00,
0x00,0x00,0x20,0x00,0x00,0x00,0x01,0x00,0x00,0x00,0x06,0x00,0x00,0x00,0x00,0x00,
0x00,0x00,0x00,0x00,0x00,0x00,0x00,0x00,0x00,0x00,0x40,0x00,0x00,0x00,0x00,0x00,
0x00,0x00,0x93,0x13,0x00,0x00,0x00,0x00,0x00,0x00,0x00,0x00,0x00,0x00,0x00,0x00,
0x00,0x00,0x01,0x00,0x00,0x00,0x00,0x00,0x00,0x00,0x00,0x00,0x00,0x00,0x00,0x00,
0x00,0x00,0x1b,0x00,0x00,0x00,0x04,0x00,0x00,0x00,0x40,0x00,0x00,0x00,0x00,0x00,
0x00,0x00,0x00,0x00,0x00,0x00,0x00,0x00,0x00,0x00,0xf8,0x28,0x00,0x00,0x00,0x00,
0x00,0x00,0xd8,0x00,0x00,0x00,0x00,0x00,0x00,0x00,0x0b,0x00,0x00,0x00,0x01,0x00,
0x00,0x00,0x08,0x00,0x00,0x00,0x00,0x00,0x00,0x00,0x18,0x00,0x00,0x00,0x00,0x00,
0x00,0x00,0x26,0x00,0x00,0x00,0x01,0x00,0x00,0x00,0x03,0x00,0x00,0x00,0x00,0x00,
0x00,0x00,0x00,0x00,0x00,0x00,0x00,0x00,0x00,0x00,0xd3,0x13,0x00,0x00,0x00,0x00,
0x00,0x00,0x00,0x00,0x00,0x00,0x00,0x00,0x00,0x00,0x00,0x00,0x00,0x00,0x00,0x00,
0x00,0x00,0x01,0x00,0x00,0x00,0x00,0x00,0x00,0x00,0x00,0x00,0x00,0x00,0x00,0x00,
0x00,0x00,0x2c,0x00,0x00,0x00,0x08,0x00,0x00,0x00,0x03,0x00,0x00,0x00,0x00,0x00,
0x00,0x00,0x00,0x00,0x00,0x00,0x00,0x00,0x00,0x00,0xd3,0x13,0x00,0x00,0x00,0x00,
0x00,0x00,0x00,0x00,0x00,0x00,0x00,0x00,0x00,0x00,0x00,0x00,0x00,0x00,0x00,0x00,
0x00,0x00,0x01,0x00,0x00,0x00,0x00,0x00,0x00,0x00,0x00,0x00,0x00,0x00,0x00,0x00,
0x00,0x00,0x31,0x00,0x00,0x00,0x01,0x00,0x00,0x00,0x02,0x00,0x00,0x00,0x00,0x00,
0x00,0x00,0x00,0x00,0x00,0x00,0x00,0x00,0x00,0x00,0xd8,0x13,0x00,0x00,0x00,0x00,
0x00,0x00,0xc0,0x00,0x00,0x00,0x00,0x00,0x00,0x00,0x00,0x00,0x00,0x00,0x00,0x00,
0x00,0x00,0x20,0x00,0x00,0x00,0x00,0x00,0x00,0x00,0x00,0x00,0x00,0x00,0x00,0x00,
0x00,0x00,0x39,0x00,0x00,0x00,0x01,0x00,0x00,0x00,0x30,0x00,0x00,0x00,0x00,0x00,
0x00,0x00,0x00,0x00,0x00,0x00,0x00,0x00,0x00,0x00,0x98,0x14,0x00,0x00,0x00,0x00,
0x00,0x00,0x20,0x00,0x00,0x00,0x00,0x00,0x00,0x00,0x00,0x00,0x00,0x00,0x00,0x00,
0x00,0x00,0x01,0x00,0x00,0x00,0x00,0x00,0x00,0x00,0x01,0x00,0x00,0x00,0x00,0x00,
0x00,0x00,0x42,0x00,0x00,0x00,0x01,0x00,0x00,0x00,0x00,0x00,0x00,0x00,0x00,0x00,
0x00,0x00,0x00,0x00,0x00,0x00,0x00,0x00,0x00,0x00,0xb8,0x14,0x00,0x00,0x00,0x00,
0x00,0x00,0x00,0x00,0x00,0x00,0x00,0x00,0x00,0x00,0x00,0x00,0x00,0x00,0x00,0x00,
0x00,0x00,0x01,0x00,0x00,0x00,0x00,0x00,0x00,0x00,0x00,0x00,0x00,0x00,0x00,0x00,
0x00,0x00,0x52,0x00,0x00,0x00,0x07,0x00,0x00,0x00,0x02,0x00,0x00,0x00,0x00,0x00,
0x00,0x00,0x00,0x00,0x00,0x00,0x00,0x00,0x00,0x00,0xb8,0x14,0x00,0x00,0x00,0x00,
0x00,0x00,0x50,0x00,0x00,0x00,0x00,0x00,0x00,0x00,0x00,0x00,0x00,0x00,0x00,0x00,
0x00,0x00,0x08,0x00,0x00,0x00,0x00,0x00,0x00,0x00,0x00,0x00,0x00,0x00,0x00,0x00,
0x00,0x00,0x6a,0x00,0x00,0x00,0x01,0x00,0x00,0x00,0x02,0x00,0x00,0x00,0x00,0x00,
0x00,0x00,0x00,0x00,0x00,0x00,0x00,0x00,0x00,0x00,0x08,0x15,0x00,0x00,0x00,0x00,
0x00,0x00,0x78,0x06,0x00,0x00,0x00,0x00,0x00,0x00,0x00,0x00,0x00,0x00,0x00,0x00,
0x00,0x00,0x08,0x00,0x00,0x00,0x00,0x00,0x00,0x00,0x00,0x00,0x00,0x00,0x00,0x00,
0x00,0x00,0x65,0x00,0x00,0x00,0x04,0x00,0x00,0x00,0x40,0x00,0x00,0x00,0x00,0x00,
0x00,0x00,0x00,0x00,0x00,0x00,0x00,0x00,0x00,0x00,0xd0,0x29,0x00,0x00,0x00,0x00,
0x00,0x00,0xc8,0x04,0x00,0x00,0x00,0x00,0x00,0x00,0x0b,0x00,0x00,0x00,0x09,0x00,
0x00,0x00,0x08,0x00,0x00,0x00,0x00,0x00,0x00,0x00,0x18,0x00,0x00,0x00,0x00,0x00,
0x00,0x00,0x01,0x00,0x00,0x00,0x02,0x00,0x00,0x00,0x00,0x00,0x00,0x00,0x00,0x00,
0x00,0x00,0x00,0x00,0x00,0x00,0x00,0x00,0x00,0x00,0x80,0x1b,0x00,0x00,0x00,0x00,
0x00,0x00,0x28,0x08,0x00,0x00,0x00,0x00,0x00,0x00,0x0c,0x00,0x00,0x00,0x08,0x00,
0x00,0x00,0x08,0x00,0x00,0x00,0x00,0x00,0x00,0x00,0x18,0x00,0x00,0x00,0x00,0x00,
0x00,0x00,0x09,0x00,0x00,0x00,0x03,0x00,0x00,0x00,0x00,0x00,0x00,0x00,0x00,0x00,
0x00,0x00,0x00,0x00,0x00,0x00,0x00,0x00,0x00,0x00,0xa8,0x23,0x00,0x00,0x00,0x00,
0x00,0x00,0x4e,0x05,0x00,0x00,0x00,0x00,0x00,0x00,0x00,0x00,0x00,0x00,0x00,0x00,
0x00,0x00,0x01,0x00,0x00,0x00,0x00,0x00,0x00,0x00,0x00,0x00,0x00,0x00,0x00,0x00,
0x00,0x00,0x11,0x00,0x00,0x00,0x03,0x00,0x00,0x00,0x00,0x00,0x00,0x00,0x00,0x00,
0x00,0x00,0x00,0x00,0x00,0x00,0x00,0x00,0x00,0x00,0x98,0x2e,0x00,0x00,0x00,0x00,
0x00,0x00,0x74,0x00,0x00,0x00,0x00,0x00,0x00,0x00,0x00,0x00,0x00,0x00,0x00,0x00,
0x00,0x00,0x01,0x00,0x00,0x00,0x00,0x00,0x00,0x00,0x00,0x00,0x00,0x00,0x00,0x00,
0x00,0x00,0x61,0x6c,0x6c,0x6f,0x63,0x61,0x2e,0x6f,0x2f,0x20,0x20,0x20,0x20,0x20,
0x20,0x20,0x31,0x37,0x38,0x35,0x37,0x37,0x39,0x35,0x35,0x32,0x20,0x20,0x31,0x30,
0x30,0x30,0x20,0x20,0x31,0x30,0x30,0x30,0x20,0x20,0x31,0x30,0x30,0x36,0x34,0x34,
0x20,0x20,0x31,0x30,0x34,0x38,0x20,0x20,0x20,0x20,0x20,0x20,0x60,0x0a,0x7f,0x45,
0x4c,0x46,0x02,0x01,0x01,0x00,0x00,0x00,0x00,0x00,0x00,0x00,0x00,0x00,0x01,0x00,
0x3e,0x00,0x01,0x00,0x00,0x00,0x00,0x00,0x00,0x00,0x00,0x00,0x00,0x00,0x00,0x00,
0x00,0x00,0x00,0x00,0x00,0x00,0x98,0x01,0x00,0x00,0x00,0x00,0x00,0x00,0x00,0x00,
0x00,0x00,0x40,0x00,0x00,0x00,0x00,0x00,0x40,0x00,0x0a,0x00,0x09,0x00,0x5a,0x48,
0x89,0xf8,0x48,0x83,0xc0,0x0f,0x48,0x83,0xe0,0xf0,0x74,0x06,0x48,0x29,0xc4,0x48,
0x89,0xe0,0x52,0xc3,0x00,0x47,0x43,0x43,0x3a,0x20,0x28,0x47,0x65,0x6e,0x74,0x6f,
0x6f,0x20,0x31,0x35,0x2e,0x33,0x2e,0x30,0x20,0x70,0x38,0x29,0x20,0x31,0x35,0x2e,
0x33,0x2e,0x30,0x00,0x00,0x00,0x04,0x00,0x00,0x00,0x10,0x00,0x00,0x00,0x05,0x00,
0x00,0x00,0x47,0x4e,0x55,0x00,0x02,0x00,0x00,0xc0,0x04,0x00,0x00,0x00,0x03,0x00,
0x00,0x00,0x00,0x00,0x00,0x00,0x04,0x00,0x00,0x00,0x20,0x00,0x00,0x00,0x05,0x00,
0x00,0x00,0x47,0x4e,0x55,0x00,0x02,0x00,0x01,0xc0,0x04,0x00,0x00,0x00,0x01,0x00,
0x00,0x00,0x00,0x00,0x00,0x00,0x01,0x00,0x01,0xc0,0x04,0x00,0x00,0x00,0x01,0x00,
0x00,0x00,0x00,0x00,0x00,0x00,0x00,0x00,0x00,0x00,0x00,0x00,0x00,0x00,0x00,0x00,
0x00,0x00,0x00,0x00,0x00,0x00,0x00,0x00,0x00,0x00,0x00,0x00,0x00,0x00,0x01,0x00,
0x00,0x00,0x04,0x00,0xf1,0xff,0x00,0x00,0x00,0x00,0x00,0x00,0x00,0x00,0x00,0x00,
0x00,0x00,0x00,0x00,0x00,0x00,0x0a,0x00,0x00,0x00,0x00,0x00,0x01,0x00,0x14,0x00,
0x00,0x00,0x00,0x00,0x00,0x00,0x00,0x00,0x00,0x00,0x00,0x00,0x00,0x00,0x0d,0x00,
0x00,0x00,0x10,0x00,0x01,0x00,0x00,0x00,0x00,0x00,0x00,0x00,0x00,0x00,0x00,0x00,
0x00,0x00,0x00,0x00,0x00,0x00,0x00,0x61,0x6c,0x6c,0x6f,0x63,0x61,0x2e,0x63,0x00,
0x70,0x33,0x00,0x61,0x6c,0x6c,0x6f,0x63,0x61,0x00,0x00,0x2e,0x73,0x79,0x6d,0x74,
0x61,0x62,0x00,0x2e,0x73,0x74,0x72,0x74,0x61,0x62,0x00,0x2e,0x73,0x68,0x73,0x74,
0x72,0x74,0x61,0x62,0x00,0x2e,0x74,0x65,0x78,0x74,0x00,0x2e,0x64,0x61,0x74,0x61,
0x00,0x2e,0x62,0x73,0x73,0x00,0x2e,0x63,0x6f,0x6d,0x6d,0x65,0x6e,0x74,0x00,0x2e,
0x6e,0x6f,0x74,0x65,0x2e,0x47,0x4e,0x55,0x2d,0x73,0x74,0x61,0x63,0x6b,0x00,0x2e,
0x6e,0x6f,0x74,0x65,0x2e,0x67,0x6e,0x75,0x2e,0x70,0x72,0x6f,0x70,0x65,0x72,0x74,
0x79,0x00,0x00,0x00,0x00,0x00,0x00,0x00,0x00,0x00,0x00,0x00,0x00,0x00,0x00,0x00,
0x00,0x00,0x00,0x00,0x00,0x00,0x00,0x00,0x00,0x00,0x00,0x00,0x00,0x00,0x00,0x00,
0x00,0x00,0x00,0x00,0x00,0x00,0x00,0x00,0x00,0x00,0x00,0x00,0x00,0x00,0x00,0x00,
0x00,0x00,0x00,0x00,0x00,0x00,0x00,0x00,0x00,0x00,0x00,0x00,0x00,0x00,0x00,0x00,
0x00,0x00,0x00,0x00,0x00,0x00,0x1b,0x00,0x00,0x00,0x01,0x00,0x00,0x00,0x06,0x00,
0x00,0x00,0x00,0x00,0x00,0x00,0x00,0x00,0x00,0x00,0x00,0x00,0x00,0x00,0x40,0x00,
0x00,0x00,0x00,0x00,0x00,0x00,0x16,0x00,0x00,0x00,0x00,0x00,0x00,0x00,0x00,0x00,
0x00,0x00,0x00,0x00,0x00,0x00,0x01,0x00,0x00,0x00,0x00,0x00,0x00,0x00,0x00,0x00,
0x00,0x00,0x00,0x00,0x00,0x00,0x21,0x00,0x00,0x00,0x01,0x00,0x00,0x00,0x03,0x00,
0x00,0x00,0x00,0x00,0x00,0x00,0x00,0x00,0x00,0x00,0x00,0x00,0x00,0x00,0x56,0x00,
0x00,0x00,0x00,0x00,0x00,0x00,0x00,0x00,0x00,0x00,0x00,0x00,0x00,0x00,0x00,0x00,
0x00,0x00,0x00,0x00,0x00,0x00,0x01,0x00,0x00,0x00,0x00,0x00,0x00,0x00,0x00,0x00,
0x00,0x00,0x00,0x00,0x00,0x00,0x27,0x00,0x00,0x00,0x08,0x00,0x00,0x00,0x03,0x00,
0x00,0x00,0x00,0x00,0x00,0x00,0x00,0x00,0x00,0x00,0x00,0x00,0x00,0x00,0x56,0x00,
0x00,0x00,0x00,0x00,0x00,0x00,0x00,0x00,0x00,0x00,0x00,0x00,0x00,0x00,0x00,0x00,
0x00,0x00,0x00,0x00,0x00,0x00,0x01,0x00,0x00,0x00,0x00,0x00,0x00,0x00,0x00,0x00,
0x00,0x00,0x00,0x00,0x00,0x00,0x2c,0x00,0x00,0x00,0x01,0x00,0x00,0x00,0x30,0x00,
0x00,0x00,0x00,0x00,0x00,0x00,0x00,0x00,0x00,0x00,0x00,0x00,0x00,0x00,0x56,0x00,
0x00,0x00,0x00,0x00,0x00,0x00,0x20,0x00,0x00,0x00,0x00,0x00,0x00,0x00,0x00,0x00,
0x00,0x00,0x00,0x00,0x00,0x00,0x01,0x00,0x00,0x00,0x00,0x00,0x00,0x00,0x01,0x00,
0x00,0x00,0x00,0x00,0x00,0x00,0x35,0x00,0x00,0x00,0x01,0x00,0x00,0x00,0x00,0x00,
0x00,0x00,0x00,0x00,0x00,0x00,0x00,0x00,0x00,0x00,0x00,0x00,0x00,0x00,0x76,0x00,
0x00,0x00,0x00,0x00,0x00,0x00,0x00,0x00,0x00,0x00,0x00,0x00,0x00,0x00,0x00,0x00,
0x00,0x00,0x00,0x00,0x00,0x00,0x01,0x00,0x00,0x00,0x00,0x00,0x00,0x00,0x00,0x00,
0x00,0x00,0x00,0x00,0x00,0x00,0x45,0x00,0x00,0x00,0x07,0x00,0x00,0x00,0x02,0x00,
0x00,0x00,0x00,0x00,0x00,0x00,0x00,0x00,0x00,0x00,0x00,0x00,0x00,0x00,0x78,0x00,
0x00,0x00,0x00,0x00,0x00,0x00,0x50,0x00,0x00,0x00,0x00,0x00,0x00,0x00,0x00,0x00,
0x00,0x00,0x00,0x00,0x00,0x00,0x08,0x00,0x00,0x00,0x00,0x00,0x00,0x00,0x00,0x00,
0x00,0x00,0x00,0x00,0x00,0x00,0x01,0x00,0x00,0x00,0x02,0x00,0x00,0x00,0x00,0x00,
0x00,0x00,0x00,0x00,0x00,0x00,0x00,0x00,0x00,0x00,0x00,0x00,0x00,0x00,0xc8,0x00,
0x00,0x00,0x00,0x00,0x00,0x00,0x60,0x00,0x00,0x00,0x00,0x00,0x00,0x00,0x08,0x00,
0x00,0x00,0x03,0x00,0x00,0x00,0x08,0x00,0x00,0x00,0x00,0x00,0x00,0x00,0x18,0x00,
0x00,0x00,0x00,0x00,0x00,0x00,0x09,0x00,0x00,0x00,0x03,0x00,0x00,0x00,0x00,0x00,
0x00,0x00,0x00,0x00,0x00,0x00,0x00,0x00,0x00,0x00,0x00,0x00,0x00,0x00,0x28,0x01,
0x00,0x00,0x00,0x00,0x00,0x00,0x14,0x00,0x00,0x00,0x00,0x00,0x00,0x00,0x00,0x00,
0x00,0x00,0x00,0x00,0x00,0x00,0x01,0x00,0x00,0x00,0x00,0x00,0x00,0x00,0x00,0x00,
0x00,0x00,0x00,0x00,0x00,0x00,0x11,0x00,0x00,0x00,0x03,0x00,0x00,0x00,0x00,0x00,
0x00,0x00,0x00,0x00,0x00,0x00,0x00,0x00,0x00,0x00,0x00,0x00,0x00,0x00,0x3c,0x01,
0x00,0x00,0x00,0x00,0x00,0x00,0x58,0x00,0x00,0x00,0x00,0x00,0x00,0x00,0x00,0x00,
0x00,0x00,0x00,0x00,0x00,0x00,0x01,0x00,0x00,0x00,0x00,0x00,0x00,0x00,0x00,0x00,
0x00,0x00,0x00,0x00,0x00,0x00,0x61,0x6c,0x6c,0x6f,0x63,0x61,0x2d,0x62,0x74,0x2e,
0x6f,0x2f,0x20,0x20,0x20,0x20,0x31,0x37,0x38,0x35,0x37,0x37,0x39,0x35,0x35,0x32,
0x20,0x20,0x31,0x30,0x30,0x30,0x20,0x20,0x31,0x30,0x30,0x30,0x20,0x20,0x31,0x30,
0x30,0x36,0x34,0x34,0x20,0x20,0x31,0x32,0x31,0x36,0x20,0x20,0x20,0x20,0x20,0x20,
0x60,0x0a,0x7f,0x45,0x4c,0x46,0x02,0x01,0x01,0x00,0x00,0x00,0x00,0x00,0x00,0x00,
0x00,0x00,0x01,0x00,0x3e,0x00,0x01,0x00,0x00,0x00,0x00,0x00,0x00,0x00,0x00,0x00,
0x00,0x00,0x00,0x00,0x00,0x00,0x00,0x00,0x00,0x00,0x00,0x02,0x00,0x00,0x00,0x00,
0x00,0x00,0x00,0x00,0x00,0x00,0x40,0x00,0x00,0x00,0x00,0x00,0x40,0x00,0x0b,0x00,
0x0a,0x00,0x5a,0x48,0x89,0xf8,0x21,0xc0,0x74,0x1d,0x48,0x89,0xc6,0x48,0x83,0xc0,
0x10,0x48,0x83,0xe0,0xf0,0x48,0x29,0xc4,0x48,0x89,0xe7,0x48,0x89,0xe0,0x52,0x50,
0xe8,0x00,0x00,0x00,0x00,0x58,0x5a,0x52,0xc3,0x00,0x47,0x43,0x43,0x3a,0x20,0x28,
0x47,0x65,0x6e,0x74,0x6f,0x6f,0x20,0x31,0x35,0x2e,0x33,0x2e,0x30,0x20,0x70,0x38,
0x29,0x20,0x31,0x35,0x2e,0x33,0x2e,0x30,0x00,0x00,0x04,0x00,0x00,0x00,0x10,0x00,
0x00,0x00,0x05,0x00,0x00,0x00,0x47,0x4e,0x55,0x00,0x02,0x00,0x00,0xc0,0x04,0x00,
0x00,0x00,0x03,0x00,0x00,0x00,0x00,0x00,0x00,0x00,0x04,0x00,0x00,0x00,0x20,0x00,
0x00,0x00,0x05,0x00,0x00,0x00,0x47,0x4e,0x55,0x00,0x02,0x00,0x01,0xc0,0x04,0x00,
0x00,0x00,0x01,0x00,0x00,0x00,0x00,0x00,0x00,0x00,0x01,0x00,0x01,0xc0,0x04,0x00,
0x00,0x00,0x01,0x00,0x00,0x00,0x00,0x00,0x00,0x00,0x00,0x00,0x00,0x00,0x00,0x00,
0x00,0x00,0x00,0x00,0x00,0x00,0x00,0x00,0x00,0x00,0x00,0x00,0x00,0x00,0x00,0x00,
0x00,0x00,0x01,0x00,0x00,0x00,0x04,0x00,0xf1,0xff,0x00,0x00,0x00,0x00,0x00,0x00,
0x00,0x00,0x00,0x00,0x00,0x00,0x00,0x00,0x00,0x00,0x0d,0x00,0x00,0x00,0x00,0x00,
0x01,0x00,0x25,0x00,0x00,0x00,0x00,0x00,0x00,0x00,0x00,0x00,0x00,0x00,0x00,0x00,
0x00,0x00,0x10,0x00,0x00,0x00,0x10,0x00,0x01,0x00,0x00,0x00,0x00,0x00,0x00,0x00,
0x00,0x00,0x00,0x00,0x00,0x00,0x00,0x00,0x00,0x00,0x1f,0x00,0x00,0x00,0x10,0x00,
0x00,0x00,0x00,0x00,0x00,0x00,0x00,0x00,0x00,0x00,0x00,0x00,0x00,0x00,0x00,0x00,
0x00,0x00,0x00,0x61,0x6c,0x6c,0x6f,0x63,0x61,0x2d,0x62,0x74,0x2e,0x63,0x00,0x70,
0x33,0x00,0x5f,0x5f,0x62,0x6f,0x75,0x6e,0x64,0x5f,0x61,0x6c,0x6c,0x6f,0x63,0x61,
0x00,0x5f,0x5f,0x62,0x6f,0x75,0x6e,0x64,0x5f,0x6e,0x65,0x77,0x5f,0x72,0x65,0x67,
0x69,0x6f,0x6e,0x00,0x00,0x00,0x00,0x00,0x00,0x00,0x1f,0x00,0x00,0x00,0x00,0x00,
0x00,0x00,0x04,0x00,0x00,0x00,0x04,0x00,0x00,0x00,0xfc,0xff,0xff,0xff,0xff,0xff,
0xff,0xff,0x00,0x2e,0x73,0x79,0x6d,0x74,0x61,0x62,0x00,0x2e,0x73,0x74,0x72,0x74,
0x61,0x62,0x00,0x2e,0x73,0x68,0x73,0x74,0x72,0x74,0x61,0x62,0x00,0x2e,0x72,0x65,
0x6c,0x61,0x2e,0x74,0x65,0x78,0x74,0x00,0x2e,0x64,0x61,0x74,0x61,0x00,0x2e,0x62,
0x73,0x73,0x00,0x2e,0x63,0x6f,0x6d,0x6d,0x65,0x6e,0x74,0x00,0x2e,0x6e,0x6f,0x74,
0x65,0x2e,0x47,0x4e,0x55,0x2d,0x73,0x74,0x61,0x63,0x6b,0x00,0x2e,0x6e,0x6f,0x74,
0x65,0x2e,0x67,0x6e,0x75,0x2e,0x70,0x72,0x6f,0x70,0x65,0x72,0x74,0x79,0x00,0x00,
0x00,0x00,0x00,0x00,0x00,0x00,0x00,0x00,0x00,0x00,0x00,0x00,0x00,0x00,0x00,0x00,
0x00,0x00,0x00,0x00,0x00,0x00,0x00,0x00,0x00,0x00,0x00,0x00,0x00,0x00,0x00,0x00,
0x00,0x00,0x00,0x00,0x00,0x00,0x00,0x00,0x00,0x00,0x00,0x00,0x00,0x00,0x00,0x00,
0x00,0x00,0x00,0x00,0x00,0x00,0x00,0x00,0x00,0x00,0x00,0x00,0x00,0x00,0x00,0x00,
0x00,0x00,0x20,0x00,0x00,0x00,0x01,0x00,0x00,0x00,0x06,0x00,0x00,0x00,0x00,0x00,
0x00,0x00,0x00,0x00,0x00,0x00,0x00,0x00,0x00,0x00,0x40,0x00,0x00,0x00,0x00,0x00,
0x00,0x00,0x27,0x00,0x00,0x00,0x00,0x00,0x00,0x00,0x00,0x00,0x00,0x00,0x00,0x00,
0x00,0x00,0x01,0x00,0x00,0x00,0x00,0x00,0x00,0x00,0x00,0x00,0x00,0x00,0x00,0x00,
0x00,0x00,0x1b,0x00,0x00,0x00,0x04,0x00,0x00,0x00,0x40,0x00,0x00,0x00,0x00,0x00,
0x00,0x00,0x00,0x00,0x00,0x00,0x00,0x00,0x00,0x00,0x88,0x01,0x00,0x00,0x00,0x00,
0x00,0x00,0x18,0x00,0x00,0x00,0x00,0x00,0x00,0x00,0x08,0x00,0x00,0x00,0x01,0x00,
0x00,0x00,0x08,0x00,0x00,0x00,0x00,0x00,0x00,0x00,0x18,0x00,0x00,0x00,0x00,0x00,
0x00,0x00,0x26,0x00,0x00,0x00,0x01,0x00,0x00,0x00,0x03,0x00,0x00,0x00,0x00,0x00,
0x00,0x00,0x00,0x00,0x00,0x00,0x00,0x00,0x00,0x00,0x67,0x00,0x00,0x00,0x00,0x00,
0x00,0x00,0x00,0x00,0x00,0x00,0x00,0x00,0x00,0x00,0x00,0x00,0x00,0x00,0x00,0x00,
0x00,0x00,0x01,0x00,0x00,0x00,0x00,0x00,0x00,0x00,0x00,0x00,0x00,0x00,0x00,0x00,
0x00,0x00,0x2c,0x00,0x00,0x00,0x08,0x00,0x00,0x00,0x03,0x00,0x00,0x00,0x00,0x00,
0x00,0x00,0x00,0x00,0x00,0x00,0x00,0x00,0x00,0x00,0x67,0x00,0x00,0x00,0x00,0x00,
0x00,0x00,0x00,0x00,0x00,0x00,0x00,0x00,0x00,0x00,0x00,0x00,0x00,0x00,0x00,0x00,
0x00,0x00,0x01,0x00,0x00,0x00,0x00,0x00,0x00,0x00,0x00,0x00,0x00,0x00,0x00,0x00,
0x00,0x00,0x31,0x00,0x00,0x00,0x01,0x00,0x00,0x00,0x30,0x00,0x00,0x00,0x00,0x00,
0x00,0x00,0x00,0x00,0x00,0x00,0x00,0x00,0x00,0x00,0x67,0x00,0x00,0x00,0x00,0x00,
0x00,0x00,0x20,0x00,0x00,0x00,0x00,0x00,0x00,0x00,0x00,0x00,0x00,0x00,0x00,0x00,
0x00,0x00,0x01,0x00,0x00,0x00,0x00,0x00,0x00,0x00,0x01,0x00,0x00,0x00,0x00,0x00,
0x00,0x00,0x3a,0x00,0x00,0x00,0x01,0x00,0x00,0x00,0x00,0x00,0x00,0x00,0x00,0x00,
0x00,0x00,0x00,0x00,0x00,0x00,0x00,0x00,0x00,0x00,0x87,0x00,0x00,0x00,0x00,0x00,
0x00,0x00,0x00,0x00,0x00,0x00,0x00,0x00,0x00,0x00,0x00,0x00,0x00,0x00,0x00,0x00,
0x00,0x00,0x01,0x00,0x00,0x00,0x00,0x00,0x00,0x00,0x00,0x00,0x00,0x00,0x00,0x00,
0x00,0x00,0x4a,0x00,0x00,0x00,0x07,0x00,0x00,0x00,0x02,0x00,0x00,0x00,0x00,0x00,
0x00,0x00,0x00,0x00,0x00,0x00,0x00,0x00,0x00,0x00,0x88,0x00,0x00,0x00,0x00,0x00,
0x00,0x00,0x50,0x00,0x00,0x00,0x00,0x00,0x00,0x00,0x00,0x00,0x00,0x00,0x00,0x00,
0x00,0x00,0x08,0x00,0x00,0x00,0x00,0x00,0x00,0x00,0x00,0x00,0x00,0x00,0x00,0x00,
0x00,0x00,0x01,0x00,0x00,0x00,0x02,0x00,0x00,0x00,0x00,0x00,0x00,0x00,0x00,0x00,
0x00,0x00,0x00,0x00,0x00,0x00,0x00,0x00,0x00,0x00,0xd8,0x00,0x00,0x00,0x00,0x00,
0x00,0x00,0x78,0x00,0x00,0x00,0x00,0x00,0x00,0x00,0x09,0x00,0x00,0x00,0x03,0x00,
0x00,0x00,0x08,0x00,0x00,0x00,0x00,0x00,0x00,0x00,0x18,0x00,0x00,0x00,0x00,0x00,
0x00,0x00,0x09,0x00,0x00,0x00,0x03,0x00,0x00,0x00,0x00,0x00,0x00,0x00,0x00,0x00,
0x00,0x00,0x00,0x00,0x00,0x00,0x00,0x00,0x00,0x00,0x50,0x01,0x00,0x00,0x00,0x00,
0x00,0x00,0x32,0x00,0x00,0x00,0x00,0x00,0x00,0x00,0x00,0x00,0x00,0x00,0x00,0x00,
0x00,0x00,0x01,0x00,0x00,0x00,0x00,0x00,0x00,0x00,0x00,0x00,0x00,0x00,0x00,0x00,
0x00,0x00,0x11,0x00,0x00,0x00,0x03,0x00,0x00,0x00,0x00,0x00,0x00,0x00,0x00,0x00,
0x00,0x00,0x00,0x00,0x00,0x00,0x00,0x00,0x00,0x00,0xa0,0x01,0x00,0x00,0x00,0x00,
0x00,0x00,0x5d,0x00,0x00,0x00,0x00,0x00,0x00,0x00,0x00,0x00,0x00,0x00,0x00,0x00,
0x00,0x00,0x01,0x00,0x00,0x00,0x00,0x00,0x00,0x00,0x00,0x00,0x00,0x00,0x00,0x00,
0x00,0x00,0x63,0x6f,0x6d,0x70,0x6c,0x65,0x78,0x2e,0x6f,0x2f,0x20,0x20,0x20,0x20,
0x20,0x20,0x31,0x37,0x38,0x35,0x37,0x37,0x39,0x35,0x35,0x32,0x20,0x20,0x31,0x30,
0x30,0x30,0x20,0x20,0x31,0x30,0x30,0x30,0x20,0x20,0x31,0x30,0x30,0x36,0x34,0x34,
0x20,0x20,0x31,0x38,0x38,0x30,0x38,0x20,0x20,0x20,0x20,0x20,0x60,0x0a,0x7f,0x45,
0x4c,0x46,0x02,0x01,0x01,0x00,0x00,0x00,0x00,0x00,0x00,0x00,0x00,0x00,0x01,0x00,
0x3e,0x00,0x01,0x00,0x00,0x00,0x00,0x00,0x00,0x00,0x00,0x00,0x00,0x00,0x00,0x00,
0x00,0x00,0x00,0x00,0x00,0x00,0xf8,0x45,0x00,0x00,0x00,0x00,0x00,0x00,0x00,0x00,
0x00,0x00,0x40,0x00,0x00,0x00,0x00,0x00,0x40,0x00,0x0e,0x00,0x0d,0x00,0xf3,0x0f,
0x1e,0xfa,0x55,0x48,0x89,0xe5,0x48,0xb8,0x00,0x00,0x00,0x00,0x00,0x00,0xf0,0x7f,
0x48,0x89,0x45,0xf8,0xf2,0x0f,0x10,0x45,0xf8,0x5d,0xc3,0xf3,0x0f,0x1e,0xfa,0x55,
0x48,0x89,0xe5,0x48,0x83,0xec,0x38,0x48,0x89,0x7d,0xd8,0xf3,0x0f,0x11,0x45,0xd4,
0xf3,0x0f,0x11,0x4d,0xd0,0xf3,0x0f,0x11,0x55,0xcc,0xf3,0x0f,0x11,0x5d,0xc8,0xf3,
0x0f,0x10,0x45,0xd4,0xf3,0x0f,0x59,0x45,0xcc,0xf3,0x0f,0x11,0x45,0xec,0xf3,0x0f,
0x10,0x45,0xd0,0xf3,0x0f,0x59,0x45,0xc8,0xf3,0x0f,0x11,0x45,0xf0,0xf3,0x0f,0x10,
0x45,0xd4,0xf3,0x0f,0x59,0x45,0xc8,0xf3,0x0f,0x11,0x45,0xf4,0xf3,0x0f,0x10,0x45,
0xd0,0xf3,0x0f,0x59,0x45,0xcc,0xf3,0x0f,0x11,0x45,0xf8,0xf3,0x0f,0x10,0x45,0xec,
0xf3,0x0f,0x5c,0x45,0xf0,0xf3,0x0f,0x11,0x45,0xe0,0xf3,0x0f,0x10,0x45,0xf4,0xf3,
0x0f,0x58,0x45,0xf8,0xf3,0x0f,0x11,0x45,0xe4,0xf3,0x0f,0x10,0x45,0xe0,0x0f,0x2e,
0x45,0xe0,0x0f,0x8b,0x20,0x08,0x00,0x00,0xf3,0x0f,0x10,0x45,0xe4,0x0f,0x2e,0x45,
0xe4,0x0f,0x8b,0x11,0x08,0x00,0x00,0xe8,0x42,0xff,0xff,0xff,0xf2,0x0f,0x5a,0xc0,
0xf3,0x0f,0x11,0x45,0xfc,0xc7,0x45,0xe8,0x00,0x00,0x00,0x00,0xf3,0x0f,0x10,0x45,
0xd4,0x0f,0x2e,0x45,0xd4,0x7a,0x1c,0xf3,0x0f,0x10,0x45,0xd4,0xf3,0x0f,0x5c,0xc0,
0xf3,0x0f,0x10,0x4d,0xd4,0xf3,0x0f,0x5c,0xc9,0x0f,0x2e,0xc1,0x7a,0x34,0x0f,0x2e,
0xc1,0x75,0x2f,0xf3,0x0f,0x10,0x45,0xd0,0x0f,0x2e,0x45,0xd0,0x0f,0x8a,0x79,0x02,
0x00,0x00,0xf3,0x0f,0x10,0x45,0xd0,0xf3,0x0f,0x5c,0xc0,0xf3,0x0f,0x10,0x4d,0xd0,
0xf3,0x0f,0x5c,0xc9,0x0f,0x2e,0xc1,0x7a,0x09,0x0f,0x2e,0xc1,0x0f,0x84,0x59,0x02,
0x00,0x00,0x66,0x0f,0xef,0xc0,0x0f,0x2f,0x45,0xd4,0x77,0x37,0x66,0x0f,0xef,0xc0,
0x0f,0x2e,0x45,0xd4,0x7a,0x72,0x66,0x0f,0xef,0xc0,0x0f,0x2e,0x45,0xd4,0x75,0x68,
0x66,0x0f,0xef,0xd2,0xf3,0x0f,0x5a,0x55,0xd4,0xf2,0x0f,0x10,0x05,0x00,0x00,0x00,
0x00,0x66,0x0f,0x28,0xc8,0xf2,0x0f,0x5e,0xca,0x66,0x0f,0xef,0xc0,0x66,0x0f,0x2f,
0xc1,0x76,0x45,0xf3,0x0f,0x10,0x45,0xd4,0x0f,0x2e,0x45,0xd4,0x7a,0x2b,0xf3,0x0f,
0x10,0x45,0xd4,0xf3,0x0f,0x5c,0xc0,0xf3,0x0f,0x10,0x4d,0xd4,0xf3,0x0f,0x5c,0xc9,
0x0f,0x2e,0xc1,0x7a,0x05,0x0f,0x2e,0xc1,0x74,0x0f,0xf3,0x0f,0x10,0x05,0x00,0x00,
0x00,0x00,0xf3,0x0f,0x11,0x45,0xd4,0xeb,0x4e,0xf3,0x0f,0x10,0x05,0x00,0x00,0x00,
0x00,0xf3,0x0f,0x11,0x45,0xd4,0xeb,0x3f,0xf3,0x0f,0x10,0x45,0xd4,0x0f,0x2e,0x45,
0xd4,0x7a,0x2b,0xf3,0x0f,0x10,0x45,0xd4,0xf3,0x0f,0x5c,0xc0,0xf3,0x0f,0x10,0x4d,
0xd4,0xf3,0x0f,0x5c,0xc9,0x0f,0x2e,0xc1,0x7a,0x05,0x0f,0x2e,0xc1,0x74,0x0f,0xf3,
0x0f,0x10,0x05,0x00,0x00,0x00,0x00,0xf3,0x0f,0x11,0x45,0xd4,0xeb,0x09,0x66,0x0f,
0xef,0xc0,0xf3,0x0f,0x11,0x45,0xd4,0x66,0x0f,0xef,0xc0,0x0f,0x2f,0x45,0xd0,0x77,
0x37,0x66,0x0f,0xef,0xc0,0x0f,0x2e,0x45,0xd0,0x7a,0x72,0x66,0x0f,0xef,0xc0,0x0f,
0x2e,0x45,0xd0,0x75,0x68,0x66,0x0f,0xef,0xd2,0xf3,0x0f,0x5a,0x55,0xd0,0xf2,0x0f,
0x10,0x05,0x00,0x00,0x00,0x00,0x66,0x0f,0x28,0xc8,0xf2,0x0f,0x5e,0xca,0x66,0x0f,
0xef,0xc0,0x66,0x0f,0x2f,0xc1,0x76,0x45,0xf3,0x0f,0x10,0x45,0xd0,0x0f,0x2e,0x45,
0xd0,0x7a,0x2b,0xf3,0x0f,0x10,0x45,0xd0,0xf3,0x0f,0x5c,0xc0,0xf3,0x0f,0x10,0x4d,
0xd0,0xf3,0x0f,0x5c,0xc9,0x0f,0x2e,0xc1,0x7a,0x05,0x0f,0x2e,0xc1,0x74,0x0f,0xf3,
0x0f,0x10,0x05,0x00,0x00,0x00,0x00,0xf3,0x0f,0x11,0x45,0xd0,0xeb,0x4e,0xf3,0x0f,
0x10,0x05,0x00,0x00,0x00,0x00,0xf3,0x0f,0x11,0x45,0xd0,0xeb,0x3f,0xf3,0x0f,0x10,
0x45,0xd0,0x0f,0x2e,0x45,0xd0,0x7a,0x2b,0xf3,0x0f,0x10,0x45,0xd0,0xf3,0x0f,0x5c,
0xc0,0xf3,0x0f,0x10,0x4d,0xd0,0xf3,0x0f,0x5c,0xc9,0x0f,0x2e,0xc1,0x7a,0x05,0x0f,
0x2e,0xc1,0x74,0x0f,0xf3,0x0f,0x10,0x05,0x00,0x00,0x00,0x00,0xf3,0x0f,0x11,0x45,
0xd0,0xeb,0x09,0x66,0x0f,0xef,0xc0,0xf3,0x0f,0x11,0x45,0xd0,0xf3,0x0f,0x10,0x45,
0xcc,0x0f,0x2e,0x45,0xcc,0x7b,0x59,0x66,0x0f,0xef,0xc0,0x0f,0x2f,0x45,0xcc,0x77,
0x37,0x66,0x0f,0xef,0xc0,0x0f,0x2e,0x45,0xcc,0x7a,0x3c,0x66,0x0f,0xef,0xc0,0x0f,
0x2e,0x45,0xcc,0x75,0x32,0x66,0x0f,0xef,0xd2,0xf3,0x0f,0x5a,0x55,0xcc,0xf2,0x0f,
0x10,0x05,0x00,0x00,0x00,0x00,0x66,0x0f,0x28,0xc8,0xf2,0x0f,0x5e,0xca,0x66,0x0f,
0xef,0xc0,0x66,0x0f,0x2f,0xc1,0x76,0x0f,0xf3,0x0f,0x10,0x05,0x00,0x00,0x00,0x00,
0xf3,0x0f,0x11,0x45,0xcc,0xeb,0x09,0x66,0x0f,0xef,0xc0,0xf3,0x0f,0x11,0x45,0xcc,
0xf3,0x0f,0x10,0x45,0xc8,0x0f,0x2e,0x45,0xc8,0x7b,0x59,0x66,0x0f,0xef,0xc0,0x0f,
0x2f,0x45,0xc8,0x77,0x37,0x66,0x0f,0xef,0xc0,0x0f,0x2e,0x45,0xc8,0x7a,0x3c,0x66,
0x0f,0xef,0xc0,0x0f,0x2e,0x45,0xc8,0x75,0x32,0x66,0x0f,0xef,0xd2,0xf3,0x0f,0x5a,
0x55,0xc8,0xf2,0x0f,0x10,0x05,0x00,0x00,0x00,0x00,0x66,0x0f,0x28,0xc8,0xf2,0x0f,
0x5e,0xca,0x66,0x0f,0xef,0xc0,0x66,0x0f,0x2f,0xc1,0x76,0x0f,0xf3,0x0f,0x10,0x05,
0x00,0x00,0x00,0x00,0xf3,0x0f,0x11,0x45,0xc8,0xeb,0x09,0x66,0x0f,0xef,0xc0,0xf3,
0x0f,0x11,0x45,0xc8,0xc7,0x45,0xe8,0x01,0x00,0x00,0x00,0xf3,0x0f,0x10,0x45,0xcc,
0x0f,0x2e,0x45,0xcc,0x7a,0x1c,0xf3,0x0f,0x10,0x45,0xcc,0xf3,0x0f,0x5c,0xc0,0xf3,
0x0f,0x10,0x4d,0xcc,0xf3,0x0f,0x5c,0xc9,0x0f,0x2e,0xc1,0x7a,0x34,0x0f,0x2e,0xc1,
0x75,0x2f,0xf3,0x0f,0x10,0x45,0xc8,0x0f,0x2e,0x45,0xc8,0x0f,0x8a,0x79,0x02,0x00,
0x00,0xf3,0x0f,0x10,0x45,0xc8,0xf3,0x0f,0x5c,0xc0,0xf3,0x0f,0x10,0x4d,0xc8,0xf3,
0x0f,0x5c,0xc9,0x0f,0x2e,0xc1,0x7a,0x09,0x0f,0x2e,0xc1,0x0f,0x84,0x59,0x02,0x00,
0x00,0x66,0x0f,0xef,0xc0,0x0f,0x2f,0x45,0xcc,0x77,0x37,0x66,0x0f,0xef,0xc0,0x0f,
0x2e,0x45,0xcc,0x7a,0x72,0x66,0x0f,0xef,0xc0,0x0f,0x2e,0x45,0xcc,0x75,0x68,0x66,
0x0f,0xef,0xd2,0xf3,0x0f,0x5a,0x55,0xcc,0xf2,0x0f,0x10,0x05,0x00,0x00,0x00,0x00,
0x66,0x0f,0x28,0xc8,0xf2,0x0f,0x5e,0xca,0x66,0x0f,0xef,0xc0,0x66,0x0f,0x2f,0xc1,
0x76,0x45,0xf3,0x0f,0x10,0x45,0xcc,0x0f,0x2e,0x45,0xcc,0x7a,0x2b,0xf3,0x0f,0x10,
0x45,0xcc,0xf3,0x0f,0x5c,0xc0,0xf3,0x0f,0x10,0x4d,0xcc,0xf3,0x0f,0x5c,0xc9,0x0f,
0x2e,0xc1,0x7a,0x05,0x0f,0x2e,0xc1,0x74,0x0f,0xf3,0x0f,0x10,0x05,0x00,0x00,0x00,
0x00,0xf3,0x0f,0x11,0x45,0xcc,0xeb,0x4e,0xf3,0x0f,0x10,0x05,0x00,0x00,0x00,0x00,
0xf3,0x0f,0x11,0x45,0xcc,0xeb,0x3f,0xf3,0x0f,0x10,0x45,0xcc,0x0f,0x2e,0x45,0xcc,
0x7a,0x2b,0xf3,0x0f,0x10,0x45,0xcc,0xf3,0x0f,0x5c,0xc0,0xf3,0x0f,0x10,0x4d,0xcc,
0xf3,0x0f,0x5c,0xc9,0x0f,0x2e,0xc1,0x7a,0x05,0x0f,0x2e,0xc1,0x74,0x0f,0xf3,0x0f,
0x10,0x05,0x00,0x00,0x00,0x00,0xf3,0x0f,0x11,0x45,0xcc,0xeb,0x09,0x66,0x0f,0xef,
0xc0,0xf3,0x0f,0x11,0x45,0xcc,0x66,0x0f,0xef,0xc0,0x0f,0x2f,0x45,0xc8,0x77,0x37,
0x66,0x0f,0xef,0xc0,0x0f,0x2e,0x45,0xc8,0x7a,0x72,0x66,0x0f,0xef,0xc0,0x0f,0x2e,
0x45,0xc8,0x75,0x68,0x66,0x0f,0xef,0xd2,0xf3,0x0f,0x5a,0x55,0xc8,0xf2,0x0f,0x10,
0x05,0x00,0x00,0x00,0x00,0x66,0x0f,0x28,0xc8,0xf2,0x0f,0x5e,0xca,0x66,0x0f,0xef,
0xc0,0x66,0x0f,0x2f,0xc1,0x76,0x45,0xf3,0x0f,0x10,0x45,0xc8,0x0f,0x2e,0x45,0xc8,
0x7a,0x2b,0xf3,0x0f,0x10,0x45,0xc8,0xf3,0x0f,0x5c,0xc0,0xf3,0x0f,0x10,0x4d,0xc8,
0xf3,0x0f,0x5c,0xc9,0x0f,0x2e,0xc1,0x7a,0x05,0x0f,0x2e,0xc1,0x74,0x0f,0xf3,0x0f,
0x10,0x05,0x00,0x00,0x00,0x00,0xf3,0x0f,0x11,0x45,0xc8,0xeb,0x4e,0xf3,0x0f,0x10,
0x05,0x00,0x00,0x00,0x00,0xf3,0x0f,0x11,0x45,0xc8,0xeb,0x3f,0xf3,0x0f,0x10,0x45,
0xc8,0x0f,0x2e,0x45,0xc8,0x7a,0x2b,0xf3,0x0f,0x10,0x45,0xc8,0xf3,0x0f,0x5c,0xc0,
0xf3,0x0f,0x10,0x4d,0xc8,0xf3,0x0f,0x5c,0xc9,0x0f,0x2e,0xc1,0x7a,0x05,0x0f,0x2e,
0xc1,0x74,0x0f,0xf3,0x0f,0x10,0x05,0x00,0x00,0x00,0x00,0xf3,0x0f,0x11,0x45,0xc8,
0xeb,0x09,0x66,0x0f,0xef,0xc0,0xf3,0x0f,0x11,0x45,0xc8,0xf3,0x0f,0x10,0x45,0xd4,
0x0f,0x2e,0x45,0xd4,0x7b,0x59,0x66,0x0f,0xef,0xc0,0x0f,0x2f,0x45,0xd4,0x77,0x37,
0x66,0x0f,0xef,0xc0,0x0f,0x2e,0x45,0xd4,0x7a,0x3c,0x66,0x0f,0xef,0xc0,0x0f,0x2e,
0x45,0xd4,0x75,0x32,0x66,0x0f,0xef,0xd2,0xf3,0x0f,0x5a,0x55,0xd4,0xf2,0x0f,0x10,
0x05,0x00,0x00,0x00,0x00,0x66,0x0f,0x28,0xc8,0xf2,0x0f,0x5e,0xca,0x66,0x0f,0xef,
0xc0,0x66,0x0f,0x2f,0xc1,0x76,0x0f,0xf3,0x0f,0x10,0x05,0x00,0x00,0x00,0x00,0xf3,
0x0f,0x11,0x45,0xd4,0xeb,0x09,0x66,0x0f,0xef,0xc0,0xf3,0x0f,0x11,0x45,0xd4,0xf3,
0x0f,0x10,0x45,0xd0,0x0f,0x2e,0x45,0xd0,0x7b,0x59,0x66,0x0f,0xef,0xc0,0x0f,0x2f,
0x45,0xd0,0x77,0x37,0x66,0x0f,0xef,0xc0,0x0f,0x2e,0x45,0xd0,0x7a,0x3c,0x66,0x0f,
0xef,0xc0,0x0f,0x2e,0x45,0xd0,0x75,0x32,0x66,0x0f,0xef,0xd2,0xf3,0x0f,0x5a,0x55,
0xd0,0xf2,0x0f,0x10,0x05,0x00,0x00,0x00,0x00,0x66,0x0f,0x28,0xc8,0xf2,0x0f,0x5e,
0xca,0x66,0x0f,0xef,0xc0,0x66,0x0f,0x2f,0xc1,0x76,0x0f,0xf3,0x0f,0x10,0x05,0x00,
0x00,0x00,0x00,0xf3,0x0f,0x11,0x45,0xd0,0xeb,0x09,0x66,0x0f,0xef,0xc0,0xf3,0x0f,
0x11,0x45,0xd0,0xc7,0x45,0xe8,0x01,0x00,0x00,0x00,0x83,0x7d,0xe8,0x00,0x0f,0x85,
0x3f,0x02,0x00,0x00,0xf3,0x0f,0x10,0x45,0xec,0x0f,0x2e,0x45,0xec,0x7a,0x20,0xf3,
0x0f,0x10,0x45,0xec,0xf3,0x0f,0x5c,0xc0,0xf3,0x0f,0x10,0x4d,0xec,0xf3,0x0f,0x5c,
0xc9,0x0f,0x2e,0xc1,0x0f,0x8a,0x82,0x00,0x00,0x00,0x0f,0x2e,0xc1,0x75,0x7d,0xf3,
0x0f,0x10,0x45,0xf0,0x0f,0x2e,0x45,0xf0,0x7a,0x1c,0xf3,0x0f,0x10,0x45,0xf0,0xf3,
0x0f,0x5c,0xc0,0xf3,0x0f,0x10,0x4d,0xf0,0xf3,0x0f,0x5c,0xc9,0x0f,0x2e,0xc1,0x7a,
0x5b,0x0f,0x2e,0xc1,0x75,0x56,0xf3,0x0f,0x10,0x45,0xf4,0x0f,0x2e,0x45,0xf4,0x7a,
0x1c,0xf3,0x0f,0x10,0x45,0xf4,0xf3,0x0f,0x5c,0xc0,0xf3,0x0f,0x10,0x4d,0xf4,0xf3,
0x0f,0x5c,0xc9,0x0f,0x2e,0xc1,0x7a,0x34,0x0f,0x2e,0xc1,0x75,0x2f,0xf3,0x0f,0x10,
0x45,0xf8,0x0f,0x2e,0x45,0xf8,0x0f,0x8a,0xb7,0x01,0x00,0x00,0xf3,0x0f,0x10,0x45,
0xf8,0xf3,0x0f,0x5c,0xc0,0xf3,0x0f,0x10,0x4d,0xf8,0xf3,0x0f,0x5c,0xc9,0x0f,0x2e,
0xc1,0x7a,0x09,0x0f,0x2e,0xc1,0x0f,0x84,0x97,0x01,0x00,0x00,0xf3,0x0f,0x10,0x45,
0xd4,0x0f,0x2e,0x45,0xd4,0x7b,0x59,0x66,0x0f,0xef,0xc0,0x0f,0x2f,0x45,0xd4,0x77,
0x37,0x66,0x0f,0xef,0xc0,0x0f,0x2e,0x45,0xd4,0x7a,0x3c,0x66,0x0f,0xef,0xc0,0x0f,
0x2e,0x45,0xd4,0x75,0x32,0x66,0x0f,0xef,0xd2,0xf3,0x0f,0x5a,0x55,0xd4,0xf2,0x0f,
0x10,0x05,0x00,0x00,0x00,0x00,0x66,0x0f,0x28,0xc8,0xf2,0x0f,0x5e,0xca,0x66,0x0f,
0xef,0xc0,0x66,0x0f,0x2f,0xc1,0x76,0x0f,0xf3,0x0f,0x10,0x05,0x00,0x00,0x00,0x00,
0xf3,0x0f,0x11,0x45,0xd4,0xeb,0x09,0x66,0x0f,0xef,0xc0,0xf3,0x0f,0x11,0x45,0xd4,
0xf3,0x0f,0x10,0x45,0xd0,0x0f,0x2e,0x45,0xd0,0x7b,0x59,0x66,0x0f,0xef,0xc0,0x0f,
0x2f,0x45,0xd0,0x77,0x37,0x66,0x0f,0xef,0xc0,0x0f,0x2e,0x45,0xd0,0x7a,0x3c,0x66,
0x0f,0xef,0xc0,0x0f,0x2e,0x45,0xd0,0x75,0x32,0x66,0x0f,0xef,0xd2,0xf3,0x0f,0x5a,
0x55,0xd0,0xf2,0x0f,0x10,0x05,0x00,0x00,0x00,0x00,0x66,0x0f,0x28,0xc8,0xf2,0x0f,
0x5e,0xca,0x66,0x0f,0xef,0xc0,0x66,0x0f,0x2f,0xc1,0x76,0x0f,0xf3,0x0f,0x10,0x05,
0x00,0x00,0x00,0x00,0xf3,0x0f,0x11,0x45,0xd0,0xeb,0x09,0x66,0x0f,0xef,0xc0,0xf3,
0x0f,0x11,0x45,0xd0,0xf3,0x0f,0x10,0x45,0xcc,0x0f,0x2e,0x45,0xcc,0x7b,0x59,0x66,
0x0f,0xef,0xc0,0x0f,0x2f,0x45,0xcc,0x77,0x37,0x66,0x0f,0xef,0xc0,0x0f,0x2e,0x45,
0xcc,0x7a,0x3c,0x66,0x0f,0xef,0xc0,0x0f,0x2e,0x45,0xcc,0x75,0x32,0x66,0x0f,0xef,
0xd2,0xf3,0x0f,0x5a,0x55,0xcc,0xf2,0x0f,0x10,0x05,0x00,0x00,0x00,0x00,0x66,0x0f,
0x28,0xc8,0xf2,0x0f,0x5e,0xca,0x66,0x0f,0xef,0xc0,0x66,0x0f,0x2f,0xc1,0x76,0x0f,
0xf3,0x0f,0x10,0x05,0x00,0x00,0x00,0x00,0xf3,0x0f,0x11,0x45,0xcc,0xeb,0x09,0x66,
0x0f,0xef,0xc0,0xf3,0x0f,0x11,0x45,0xcc,0xf3,0x0f,0x10,0x45,0xc8,0x0f,0x2e,0x45,
0xc8,0x7b,0x59,0x66,0x0f,0xef,0xc0,0x0f,0x2f,0x45,0xc8,0x77,0x37,0x66,0x0f,0xef,
0xc0,0x0f,0x2e,0x45,0xc8,0x7a,0x3c,0x66,0x0f,0xef,0xc0,0x0f,0x2e,0x45,0xc8,0x75,
0x32,0x66,0x0f,0xef,0xd2,0xf3,0x0f,0x5a,0x55,0xc8,0xf2,0x0f,0x10,0x05,0x00,0x00,
0x00,0x00,0x66,0x0f,0x28,0xc8,0xf2,0x0f,0x5e,0xca,0x66,0x0f,0xef,0xc0,0x66,0x0f,
0x2f,0xc1,0x76,0x0f,0xf3,0x0f,0x10,0x05,0x00,0x00,0x00,0x00,0xf3,0x0f,0x11,0x45,
0xc8,0xeb,0x09,0x66,0x0f,0xef,0xc0,0xf3,0x0f,0x11,0x45,0xc8,0xc7,0x45,0xe8,0x01,
0x00,0x00,0x00,0x83,0x7d,0xe8,0x00,0x74,0x4f,0xf3,0x0f,0x10,0x45,0xd4,0xf3,0x0f,
0x59,0x45,0xcc,0xf3,0x0f,0x10,0x4d,0xd0,0xf3,0x0f,0x59,0x4d,0xc8,0xf3,0x0f,0x5c,
0xc1,0xf3,0x0f,0x10,0x4d,0xfc,0xf3,0x0f,0x59,0xc1,0xf3,0x0f,0x11,0x45,0xe0,0xf3,
0x0f,0x10,0x45,0xd4,0x0f,0x28,0xc8,0xf3,0x0f,0x59,0x4d,0xc8,0xf3,0x0f,0x10,0x45,
0xd0,0xf3,0x0f,0x59,0x45,0xcc,0xf3,0x0f,0x58,0xc1,0xf3,0x0f,0x10,0x4d,0xfc,0xf3,
0x0f,0x59,0xc1,0xf3,0x0f,0x11,0x45,0xe4,0x48,0x8b,0x45,0xd8,0xf3,0x0f,0x10,0x45,
0xe0,0xf3,0x0f,0x11,0x00,0x48,0x8b,0x45,0xd8,0x48,0x83,0xc0,0x04,0xf3,0x0f,0x10,
0x45,0xe4,0xf3,0x0f,0x11,0x00,0xc9,0xc3,0xf3,0x0f,0x1e,0xfa,0x55,0x48,0x89,0xe5,
0x48,0x83,0xec,0x68,0x48,0x89,0x7d,0xb8,0xf2,0x0f,0x11,0x45,0xb0,0xf2,0x0f,0x11,
0x4d,0xa8,0xf2,0x0f,0x11,0x55,0xa0,0xf2,0x0f,0x11,0x5d,0x98,0xf2,0x0f,0x10,0x45,
0xb0,0xf2,0x0f,0x59,0x45,0xa0,0xf2,0x0f,0x11,0x45,0xd8,0xf2,0x0f,0x10,0x45,0xa8,
0xf2,0x0f,0x59,0x45,0x98,0xf2,0x0f,0x11,0x45,0xe0,0xf2,0x0f,0x10,0x45,0xb0,0xf2,
0x0f,0x59,0x45,0x98,0xf2,0x0f,0x11,0x45,0xe8,0xf2,0x0f,0x10,0x45,0xa8,0xf2,0x0f,
0x59,0x45,0xa0,0xf2,0x0f,0x11,0x45,0xf0,0xf2,0x0f,0x10,0x45,0xd8,0xf2,0x0f,0x5c,
0x45,0xe0,0xf2,0x0f,0x11,0x45,0xc8,0xf2,0x0f,0x10,0x45,0xe8,0xf2,0x0f,0x58,0x45,
0xf0,0xf2,0x0f,0x11,0x45,0xd0,0xf2,0x0f,0x10,0x45,0xc8,0x66,0x0f,0x2e,0x45,0xc8,
0x0f,0x8b,0x22,0x08,0x00,0x00,0xf2,0x0f,0x10,0x45,0xd0,0x66,0x0f,0x2e,0x45,0xd0,
0x0f,0x8b,0x12,0x08,0x00,0x00,0xe8,0x73,0xf6,0xff,0xff,0x66,0x48,0x0f,0x7e,0xc0,
0x48,0x89,0x45,0xf8,0xc7,0x45,0xc4,0x00,0x00,0x00,0x00,0xf2,0x0f,0x10,0x45,0xb0,
0x66,0x0f,0x2e,0x45,0xb0,0x7a,0x1e,0xf2,0x0f,0x10,0x45,0xb0,0xf2,0x0f,0x5c,0xc0,
0xf2,0x0f,0x10,0x4d,0xb0,0xf2,0x0f,0x5c,0xc9,0x66,0x0f,0x2e,0xc1,0x7a,0x38,0x66,
0x0f,0x2e,0xc1,0x75,0x32,0xf2,0x0f,0x10,0x45,0xa8,0x66,0x0f,0x2e,0x45,0xa8,0x0f,
0x8a,0x75,0x02,0x00,0x00,0xf2,0x0f,0x10,0x45,0xa8,0xf2,0x0f,0x5c,0xc0,0xf2,0x0f,
0x10,0x4d,0xa8,0xf2,0x0f,0x5c,0xc9,0x66,0x0f,0x2e,0xc1,0x7a,0x0a,0x66,0x0f,0x2e,
0xc1,0x0f,0x84,0x53,0x02,0x00,0x00,0x66,0x0f,0xef,0xc0,0x66,0x0f,0x2f,0x45,0xb0,
0x77,0x31,0x66,0x0f,0xef,0xc0,0x66,0x0f,0x2e,0x45,0xb0,0x7a,0x6e,0x66,0x0f,0xef,
0xc0,0x66,0x0f,0x2e,0x45,0xb0,0x75,0x63,0xf2,0x0f,0x10,0x05,0x00,0x00,0x00,0x00,
0x66,0x0f,0x28,0xc8,0xf2,0x0f,0x5e,0x4d,0xb0,0x66,0x0f,0xef,0xc0,0x66,0x0f,0x2f,
0xc1,0x76,0x48,0xf2,0x0f,0x10,0x45,0xb0,0x66,0x0f,0x2e,0x45,0xb0,0x7a,0x2d,0xf2,
0x0f,0x10,0x45,0xb0,0xf2,0x0f,0x5c,0xc0,0xf2,0x0f,0x10,0x4d,0xb0,0xf2,0x0f,0x5c,
0xc9,0x66,0x0f,0x2e,0xc1,0x7a,0x06,0x66,0x0f,0x2e,0xc1,0x74,0x0f,0xf2,0x0f,0x10,
0x05,0x00,0x00,0x00,0x00,0xf2,0x0f,0x11,0x45,0xb0,0xeb,0x51,0xf2,0x0f,0x10,0x05,
0x00,0x00,0x00,0x00,0xf2,0x0f,0x11,0x45,0xb0,0xeb,0x42,0xf2,0x0f,0x10,0x45,0xb0,
0x66,0x0f,0x2e,0x45,0xb0,0x7a,0x2d,0xf2,0x0f,0x10,0x45,0xb0,0xf2,0x0f,0x5c,0xc0,
0xf2,0x0f,0x10,0x4d,0xb0,0xf2,0x0f,0x5c,0xc9,0x66,0x0f,0x2e,0xc1,0x7a,0x06,0x66,
0x0f,0x2e,0xc1,0x74,0x0f,0xf2,0x0f,0x10,0x05,0x00,0x00,0x00,0x00,0xf2,0x0f,0x11,
0x45,0xb0,0xeb,0x09,0x66,0x0f,0xef,0xc0,0xf2,0x0f,0x11,0x45,0xb0,0x66,0x0f,0xef,
0xc0,0x66,0x0f,0x2f,0x45,0xa8,0x77,0x31,0x66,0x0f,0xef,0xc0,0x66,0x0f,0x2e,0x45,
0xa8,0x7a,0x6e,0x66,0x0f,0xef,0xc0,0x66,0x0f,0x2e,0x45,0xa8,0x75,0x63,0xf2,0x0f,
0x10,0x05,0x00,0x00,0x00,0x00,0x66,0x0f,0x28,0xc8,0xf2,0x0f,0x5e,0x4d,0xa8,0x66,
0x0f,0xef,0xc0,0x66,0x0f,0x2f,0xc1,0x76,0x48,0xf2,0x0f,0x10,0x45,0xa8,0x66,0x0f,
0x2e,0x45,0xa8,0x7a,0x2d,0xf2,0x0f,0x10,0x45,0xa8,0xf2,0x0f,0x5c,0xc0,0xf2,0x0f,
0x10,0x4d,0xa8,0xf2,0x0f,0x5c,0xc9,0x66,0x0f,0x2e,0xc1,0x7a,0x06,0x66,0x0f,0x2e,
0xc1,0x74,0x0f,0xf2,0x0f,0x10,0x05,0x00,0x00,0x00,0x00,0xf2,0x0f,0x11,0x45,0xa8,
0xeb,0x51,0xf2,0x0f,0x10,0x05,0x00,0x00,0x00,0x00,0xf2,0x0f,0x11,0x45,0xa8,0xeb,
0x42,0xf2,0x0f,0x10,0x45,0xa8,0x66,0x0f,0x2e,0x45,0xa8,0x7a,0x2d,0xf2,0x0f,0x10,
0x45,0xa8,0xf2,0x0f,0x5c,0xc0,0xf2,0x0f,0x10,0x4d,0xa8,0xf2,0x0f,0x5c,0xc9,0x66,
0x0f,0x2e,0xc1,0x7a,0x06,0x66,0x0f,0x2e,0xc1,0x74,0x0f,0xf2,0x0f,0x10,0x05,0x00,
0x00,0x00,0x00,0xf2,0x0f,0x11,0x45,0xa8,0xeb,0x09,0x66,0x0f,0xef,0xc0,0xf2,0x0f,
0x11,0x45,0xa8,0xf2,0x0f,0x10,0x45,0xa0,0x66,0x0f,0x2e,0x45,0xa0,0x7b,0x54,0x66,
0x0f,0xef,0xc0,0x66,0x0f,0x2f,0x45,0xa0,0x77,0x31,0x66,0x0f,0xef,0xc0,0x66,0x0f,
0x2e,0x45,0xa0,0x7a,0x35,0x66,0x0f,0xef,0xc0,0x66,0x0f,0x2e,0x45,0xa0,0x75,0x2a,
0xf2,0x0f,0x10,0x05,0x00,0x00,0x00,0x00,0x66,0x0f,0x28,0xc8,0xf2,0x0f,0x5e,0x4d,
0xa0,0x66,0x0f,0xef,0xc0,0x66,0x0f,0x2f,0xc1,0x76,0x0f,0xf2,0x0f,0x10,0x05,0x00,
0x00,0x00,0x00,0xf2,0x0f,0x11,0x45,0xa0,0xeb,0x09,0x66,0x0f,0xef,0xc0,0xf2,0x0f,
0x11,0x45,0xa0,0xf2,0x0f,0x10,0x45,0x98,0x66,0x0f,0x2e,0x45,0x98,0x7b,0x54,0x66,
0x0f,0xef,0xc0,0x66,0x0f,0x2f,0x45,0x98,0x77,0x31,0x66,0x0f,0xef,0xc0,0x66,0x0f,
0x2e,0x45,0x98,0x7a,0x35,0x66,0x0f,0xef,0xc0,0x66,0x0f,0x2e,0x45,0x98,0x75,0x2a,
0xf2,0x0f,0x10,0x05,0x00,0x00,0x00,0x00,0x66,0x0f,0x28,0xc8,0xf2,0x0f,0x5e,0x4d,
0x98,0x66,0x0f,0xef,0xc0,0x66,0x0f,0x2f,0xc1,0x76,0x0f,0xf2,0x0f,0x10,0x05,0x00,
0x00,0x00,0x00,0xf2,0x0f,0x11,0x45,0x98,0xeb,0x09,0x66,0x0f,0xef,0xc0,0xf2,0x0f,
0x11,0x45,0x98,0xc7,0x45,0xc4,0x01,0x00,0x00,0x00,0xf2,0x0f,0x10,0x45,0xa0,0x66,
0x0f,0x2e,0x45,0xa0,0x7a,0x1e,0xf2,0x0f,0x10,0x45,0xa0,0xf2,0x0f,0x5c,0xc0,0xf2,
0x0f,0x10,0x4d,0xa0,0xf2,0x0f,0x5c,0xc9,0x66,0x0f,0x2e,0xc1,0x7a,0x38,0x66,0x0f,
0x2e,0xc1,0x75,0x32,0xf2,0x0f,0x10,0x45,0x98,0x66,0x0f,0x2e,0x45,0x98,0x0f,0x8a,
0x75,0x02,0x00,0x00,0xf2,0x0f,0x10,0x45,0x98,0xf2,0x0f,0x5c,0xc0,0xf2,0x0f,0x10,
0x4d,0x98,0xf2,0x0f,0x5c,0xc9,0x66,0x0f,0x2e,0xc1,0x7a,0x0a,0x66,0x0f,0x2e,0xc1,
0x0f,0x84,0x53,0x02,0x00,0x00,0x66,0x0f,0xef,0xc0,0x66,0x0f,0x2f,0x45,0xa0,0x77,
0x31,0x66,0x0f,0xef,0xc0,0x66,0x0f,0x2e,0x45,0xa0,0x7a,0x6e,0x66,0x0f,0xef,0xc0,
0x66,0x0f,0x2e,0x45,0xa0,0x75,0x63,0xf2,0x0f,0x10,0x05,0x00,0x00,0x00,0x00,0x66,
0x0f,0x28,0xc8,0xf2,0x0f,0x5e,0x4d,0xa0,0x66,0x0f,0xef,0xc0,0x66,0x0f,0x2f,0xc1,
0x76,0x48,0xf2,0x0f,0x10,0x45,0xa0,0x66,0x0f,0x2e,0x45,0xa0,0x7a,0x2d,0xf2,0x0f,
0x10,0x45,0xa0,0xf2,0x0f,0x5c,0xc0,0xf2,0x0f,0x10,0x4d,0xa0,0xf2,0x0f,0x5c,0xc9,
0x66,0x0f,0x2e,0xc1,0x7a,0x06,0x66,0x0f,0x2e,0xc1,0x74,0x0f,0xf2,0x0f,0x10,0x05,
0x00,0x00,0x00,0x00,0xf2,0x0f,0x11,0x45,0xa0,0xeb,0x51,0xf2,0x0f,0x10,0x05,0x00,
0x00,0x00,0x00,0xf2,0x0f,0x11,0x45,0xa0,0xeb,0x42,0xf2,0x0f,0x10,0x45,0xa0,0x66,
0x0f,0x2e,0x45,0xa0,0x7a,0x2d,0xf2,0x0f,0x10,0x45,0xa0,0xf2,0x0f,0x5c,0xc0,0xf2,
0x0f,0x10,0x4d,0xa0,0xf2,0x0f,0x5c,0xc9,0x66,0x0f,0x2e,0xc1,0x7a,0x06,0x66,0x0f,
0x2e,0xc1,0x74,0x0f,0xf2,0x0f,0x10,0x05,0x00,0x00,0x00,0x00,0xf2,0x0f,0x11,0x45,
0xa0,0xeb,0x09,0x66,0x0f,0xef,0xc0,0xf2,0x0f,0x11,0x45,0xa0,0x66,0x0f,0xef,0xc0,
0x66,0x0f,0x2f,0x45,0x98,0x77,0x31,0x66,0x0f,0xef,0xc0,0x66,0x0f,0x2e,0x45,0x98,
0x7a,0x6e,0x66,0x0f,0xef,0xc0,0x66,0x0f,0x2e,0x45,0x98,0x75,0x63,0xf2,0x0f,0x10,
0x05,0x00,0x00,0x00,0x00,0x66,0x0f,0x28,0xc8,0xf2,0x0f,0x5e,0x4d,0x98,0x66,0x0f,
0xef,0xc0,0x66,0x0f,0x2f,0xc1,0x76,0x48,0xf2,0x0f,0x10,0x45,0x98,0x66,0x0f,0x2e,
0x45,0x98,0x7a,0x2d,0xf2,0x0f,0x10,0x45,0x98,0xf2,0x0f,0x5c,0xc0,0xf2,0x0f,0x10,
0x4d,0x98,0xf2,0x0f,0x5c,0xc9,0x66,0x0f,0x2e,0xc1,0x7a,0x06,0x66,0x0f,0x2e,0xc1,
0x74,0x0f,0xf2,0x0f,0x10,0x05,0x00,0x00,0x00,0x00,0xf2,0x0f,0x11,0x45,0x98,0xeb,
0x51,0xf2,0x0f,0x10,0x05,0x00,0x00,0x00,0x00,0xf2,0x0f,0x11,0x45,0x98,0xeb,0x42,
0xf2,0x0f,0x10,0x45,0x98,0x66,0x0f,0x2e,0x45,0x98,0x7a,0x2d,0xf2,0x0f,0x10,0x45,
0x98,0xf2,0x0f,0x5c,0xc0,0xf2,0x0f,0x10,0x4d,0x98,0xf2,0x0f,0x5c,0xc9,0x66,0x0f,
0x2e,0xc1,0x7a,0x06,0x66,0x0f,0x2e,0xc1,0x74,0x0f,0xf2,0x0f,0x10,0x05,0x00,0x00,
0x00,0x00,0xf2,0x0f,0x11,0x45,0x98,0xeb,0x09,0x66,0x0f,0xef,0xc0,0xf2,0x0f,0x11,
0x45,0x98,0xf2,0x0f,0x10,0x45,0xb0,0x66,0x0f,0x2e,0x45,0xb0,0x7b,0x54,0x66,0x0f,
0xef,0xc0,0x66,0x0f,0x2f,0x45,0xb0,0x77,0x31,0x66,0x0f,0xef,0xc0,0x66,0x0f,0x2e,
0x45,0xb0,0x7a,0x35,0x66,0x0f,0xef,0xc0,0x66,0x0f,0x2e,0x45,0xb0,0x75,0x2a,0xf2,
0x0f,0x10,0x05,0x00,0x00,0x00,0x00,0x66,0x0f,0x28,0xc8,0xf2,0x0f,0x5e,0x4d,0xb0,
0x66,0x0f,0xef,0xc0,0x66,0x0f,0x2f,0xc1,0x76,0x0f,0xf2,0x0f,0x10,0x05,0x00,0x00,
0x00,0x00,0xf2,0x0f,0x11,0x45,0xb0,0xeb,0x09,0x66,0x0f,0xef,0xc0,0xf2,0x0f,0x11,
0x45,0xb0,0xf2,0x0f,0x10,0x45,0xa8,0x66,0x0f,0x2e,0x45,0xa8,0x7b,0x54,0x66,0x0f,
0xef,0xc0,0x66,0x0f,0x2f,0x45,0xa8,0x77,0x31,0x66,0x0f,0xef,0xc0,0x66,0x0f,0x2e,
0x45,0xa8,0x7a,0x35,0x66,0x0f,0xef,0xc0,0x66,0x0f,0x2e,0x45,0xa8,0x75,0x2a,0xf2,
0x0f,0x10,0x05,0x00,0x00,0x00,0x00,0x66,0x0f,0x28,0xc8,0xf2,0x0f,0x5e,0x4d,0xa8,
0x66,0x0f,0xef,0xc0,0x66,0x0f,0x2f,0xc1,0x76,0x0f,0xf2,0x0f,0x10,0x05,0x00,0x00,
0x00,0x00,0xf2,0x0f,0x11,0x45,0xa8,0xeb,0x09,0x66,0x0f,0xef,0xc0,0xf2,0x0f,0x11,
0x45,0xa8,0xc7,0x45,0xc4,0x01,0x00,0x00,0x00,0x83,0x7d,0xc4,0x00,0x0f,0x85,0x3f,
0x02,0x00,0x00,0xf2,0x0f,0x10,0x45,0xd8,0x66,0x0f,0x2e,0x45,0xd8,0x7a,0x26,0xf2,
0x0f,0x10,0x45,0xd8,0xf2,0x0f,0x5c,0xc0,0xf2,0x0f,0x10,0x4d,0xd8,0xf2,0x0f,0x5c,
0xc9,0x66,0x0f,0x2e,0xc1,0x0f,0x8a,0x90,0x00,0x00,0x00,0x66,0x0f,0x2e,0xc1,0x0f,
0x85,0x86,0x00,0x00,0x00,0xf2,0x0f,0x10,0x45,0xe0,0x66,0x0f,0x2e,0x45,0xe0,0x7a,
0x1e,0xf2,0x0f,0x10,0x45,0xe0,0xf2,0x0f,0x5c,0xc0,0xf2,0x0f,0x10,0x4d,0xe0,0xf2,
0x0f,0x5c,0xc9,0x66,0x0f,0x2e,0xc1,0x7a,0x62,0x66,0x0f,0x2e,0xc1,0x75,0x5c,0xf2,
0x0f,0x10,0x45,0xe8,0x66,0x0f,0x2e,0x45,0xe8,0x7a,0x1e,0xf2,0x0f,0x10,0x45,0xe8,
0xf2,0x0f,0x5c,0xc0,0xf2,0x0f,0x10,0x4d,0xe8,0xf2,0x0f,0x5c,0xc9,0x66,0x0f,0x2e,
0xc1,0x7a,0x38,0x66,0x0f,0x2e,0xc1,0x75,0x32,0xf2,0x0f,0x10,0x45,0xf0,0x66,0x0f,
0x2e,0x45,0xf0,0x0f,0x8a,0xa9,0x01,0x00,0x00,0xf2,0x0f,0x10,0x45,0xf0,0xf2,0x0f,
0x5c,0xc0,0xf2,0x0f,0x10,0x4d,0xf0,0xf2,0x0f,0x5c,0xc9,0x66,0x0f,0x2e,0xc1,0x7a,
0x0a,0x66,0x0f,0x2e,0xc1,0x0f,0x84,0x87,0x01,0x00,0x00,0xf2,0x0f,0x10,0x45,0xb0,
0x66,0x0f,0x2e,0x45,0xb0,0x7b,0x54,0x66,0x0f,0xef,0xc0,0x66,0x0f,0x2f,0x45,0xb0,
0x77,0x31,0x66,0x0f,0xef,0xc0,0x66,0x0f,0x2e,0x45,0xb0,0x7a,0x35,0x66,0x0f,0xef,
0xc0,0x66,0x0f,0x2e,0x45,0xb0,0x75,0x2a,0xf2,0x0f,0x10,0x05,0x00,0x00,0x00,0x00,
0x66,0x0f,0x28,0xc8,0xf2,0x0f,0x5e,0x4d,0xb0,0x66,0x0f,0xef,0xc0,0x66,0x0f,0x2f,
0xc1,0x76,0x0f,0xf2,0x0f,0x10,0x05,0x00,0x00,0x00,0x00,0xf2,0x0f,0x11,0x45,0xb0,
0xeb,0x09,0x66,0x0f,0xef,0xc0,0xf2,0x0f,0x11,0x45,0xb0,0xf2,0x0f,0x10,0x45,0xa8,
0x66,0x0f,0x2e,0x45,0xa8,0x7b,0x54,0x66,0x0f,0xef,0xc0,0x66,0x0f,0x2f,0x45,0xa8,
0x77,0x31,0x66,0x0f,0xef,0xc0,0x66,0x0f,0x2e,0x45,0xa8,0x7a,0x35,0x66,0x0f,0xef,
0xc0,0x66,0x0f,0x2e,0x45,0xa8,0x75,0x2a,0xf2,0x0f,0x10,0x05,0x00,0x00,0x00,0x00,
0x66,0x0f,0x28,0xc8,0xf2,0x0f,0x5e,0x4d,0xa8,0x66,0x0f,0xef,0xc0,0x66,0x0f,0x2f,
0xc1,0x76,0x0f,0xf2,0x0f,0x10,0x05,0x00,0x00,0x00,0x00,0xf2,0x0f,0x11,0x45,0xa8,
0xeb,0x09,0x66,0x0f,0xef,0xc0,0xf2,0x0f,0x11,0x45,0xa8,0xf2,0x0f,0x10,0x45,0xa0,
0x66,0x0f,0x2e,0x45,0xa0,0x7b,0x54,0x66,0x0f,0xef,0xc0,0x66,0x0f,0x2f,0x45,0xa0,
0x77,0x31,0x66,0x0f,0xef,0xc0,0x66,0x0f,0x2e,0x45,0xa0,0x7a,0x35,0x66,0x0f,0xef,
0xc0,0x66,0x0f,0x2e,0x45,0xa0,0x75,0x2a,0xf2,0x0f,0x10,0x05,0x00,0x00,0x00,0x00,
0x66,0x0f,0x28,0xc8,0xf2,0x0f,0x5e,0x4d,0xa0,0x66,0x0f,0xef,0xc0,0x66,0x0f,0x2f,
0xc1,0x76,0x0f,0xf2,0x0f,0x10,0x05,0x00,0x00,0x00,0x00,0xf2,0x0f,0x11,0x45,0xa0,
0xeb,0x09,0x66,0x0f,0xef,0xc0,0xf2,0x0f,0x11,0x45,0xa0,0xf2,0x0f,0x10,0x45,0x98,
0x66,0x0f,0x2e,0x45,0x98,0x7b,0x54,0x66,0x0f,0xef,0xc0,0x66,0x0f,0x2f,0x45,0x98,
0x77,0x31,0x66,0x0f,0xef,0xc0,0x66,0x0f,0x2e,0x45,0x98,0x7a,0x35,0x66,0x0f,0xef,
0xc0,0x66,0x0f,0x2e,0x45,0x98,0x75,0x2a,0xf2,0x0f,0x10,0x05,0x00,0x00,0x00,0x00,
0x66,0x0f,0x28,0xc8,0xf2,0x0f,0x5e,0x4d,0x98,0x66,0x0f,0xef,0xc0,0x66,0x0f,0x2f,
0xc1,0x76,0x0f,0xf2,0x0f,0x10,0x05,0x00,0x00,0x00,0x00,0xf2,0x0f,0x11,0x45,0x98,
0xeb,0x09,0x66,0x0f,0xef,0xc0,0xf2,0x0f,0x11,0x45,0x98,0xc7,0x45,0xc4,0x01,0x00,
0x00,0x00,0x83,0x7d,0xc4,0x00,0x74,0x50,0xf2,0x0f,0x10,0x45,0xb0,0xf2,0x0f,0x59,
0x45,0xa0,0xf2,0x0f,0x10,0x4d,0xa8,0xf2,0x0f,0x59,0x4d,0x98,0xf2,0x0f,0x5c,0xc1,
0xf2,0x0f,0x10,0x4d,0xf8,0xf2,0x0f,0x59,0xc1,0xf2,0x0f,0x11,0x45,0xc8,0xf2,0x0f,
0x10,0x45,0xb0,0x66,0x0f,0x28,0xc8,0xf2,0x0f,0x59,0x4d,0x98,0xf2,0x0f,0x10,0x45,
0xa8,0xf2,0x0f,0x59,0x45,0xa0,0xf2,0x0f,0x58,0xc1,0xf2,0x0f,0x10,0x4d,0xf8,0xf2,
0x0f,0x59,0xc1,0xf2,0x0f,0x11,0x45,0xd0,0x48,0x8b,0x45,0xb8,0xf2,0x0f,0x10,0x45,
0xc8,0xf2,0x0f,0x11,0x00,0x48,0x8b,0x45,0xb8,0x48,0x83,0xc0,0x08,0xf2,0x0f,0x10,
0x45,0xd0,0xf2,0x0f,0x11,0x00,0xc9,0xc3,0xf3,0x0f,0x1e,0xfa,0x55,0x48,0x89,0xe5,
0x48,0x81,0xec,0x90,0x00,0x00,0x00,0x48,0x89,0xbd,0x78,0xff,0xff,0xff,0xdb,0x6d,
0x10,0xdb,0x6d,0x30,0xde,0xc9,0xdb,0x7d,0xb0,0xdb,0x6d,0x20,0xdb,0x6d,0x40,0xde,
0xc9,0xdb,0x7d,0xc0,0xdb,0x6d,0x10,0xdb,0x6d,0x40,0xde,0xc9,0xdb,0x7d,0xd0,0xdb,
0x6d,0x20,0xdb,0x6d,0x30,0xde,0xc9,0xdb,0x7d,0xe0,0xdb,0x6d,0xb0,0xdb,0x6d,0xc0,
0xde,0xe9,0xdb,0x7d,0x90,0xdb,0x6d,0xd0,0xdb,0x6d,0xe0,0xde,0xc1,0xdb,0x7d,0xa0,
0xdb,0x6d,0x90,0xdb,0x6d,0x90,0xdf,0xe9,0xdd,0xd8,0x0f,0x8b,0xaa,0x06,0x00,0x00,
0xdb,0x6d,0xa0,0xdb,0x6d,0xa0,0xdf,0xe9,0xdd,0xd8,0x0f,0x8b,0x9a,0x06,0x00,0x00,
0xe8,0xc9,0xed,0xff,0xff,0xf2,0x0f,0x11,0x85,0x70,0xff,0xff,0xff,0xdd,0x85,0x70,
0xff,0xff,0xff,0xdb,0x7d,0xf0,0xc7,0x45,0x8c,0x00,0x00,0x00,0x00,0xdb,0x6d,0x10,
0xdb,0x6d,0x10,0xdf,0xe9,0xdd,0xd8,0x7a,0x16,0xdb,0x6d,0x10,0xd9,0xc0,0xde,0xe1,
0xdb,0x6d,0x10,0xd8,0xe0,0xdb,0xe9,0x7a,0x32,0xdf,0xe9,0xdd,0xd8,0x75,0x36,0xdb,
0x6d,0x20,0xdb,0x6d,0x20,0xdf,0xe9,0xdd,0xd8,0x0f,0x8a,0xfd,0x01,0x00,0x00,0xdb,
0x6d,0x20,0xd9,0xc0,0xde,0xe1,0xdb,0x6d,0x20,0xd8,0xe0,0xdb,0xe9,0x7a,0x12,0xdf,
0xe9,0xdd,0xd8,0x0f,0x84,0xe3,0x01,0x00,0x00,0xeb,0x0a,0xdd,0xd8,0xdd,0xd8,0xeb,
0x04,0xdd,0xd8,0xdd,0xd8,0xdb,0x6d,0x10,0xd9,0xee,0xdf,0xf1,0xdd,0xd8,0x77,0x25,
0xdb,0x6d,0x10,0xd9,0xee,0xdf,0xe9,0xdd,0xd8,0x7a,0x54,0xdb,0x6d,0x10,0xd9,0xee,
0xdf,0xe9,0xdd,0xd8,0x75,0x49,0xd9,0xe8,0xdb,0x6d,0x10,0xde,0xf9,0xd9,0xee,0xdf,
0xf1,0xdd,0xd8,0x76,0x3a,0xdb,0x6d,0x10,0xdb,0x6d,0x10,0xdf,0xe9,0xdd,0xd8,0x7a,
0x25,0xdb,0x6d,0x10,0xd9,0xc0,0xde,0xe1,0xdb,0x6d,0x10,0xd8,0xe0,0xdb,0xe9,0x7a,
0x08,0xdf,0xe9,0xdd,0xd8,0x74,0x0f,0xeb,0x04,0xdd,0xd8,0xdd,0xd8,0xd9,0xe8,0xd9,
0xe0,0xdb,0x7d,0x10,0xeb,0x3d,0xd9,0xee,0xd9,0xe0,0xdb,0x7d,0x10,0xeb,0x34,0xdb,
0x6d,0x10,0xdb,0x6d,0x10,0xdf,0xe9,0xdd,0xd8,0x7a,0x23,0xdb,0x6d,0x10,0xd9,0xc0,
0xde,0xe1,0xdb,0x6d,0x10,0xd8,0xe0,0xdb,0xe9,0x7a,0x08,0xdf,0xe9,0xdd,0xd8,0x74,
0x0d,0xeb,0x04,0xdd,0xd8,0xdd,0xd8,0xd9,0xe8,0xdb,0x7d,0x10,0xeb,0x05,0xd9,0xee,
0xdb,0x7d,0x10,0xdb,0x6d,0x20,0xd9,0xee,0xdf,0xf1,0xdd,0xd8,0x77,0x25,0xdb,0x6d,
0x20,0xd9,0xee,0xdf,0xe9,0xdd,0xd8,0x7a,0x54,0xdb,0x6d,0x20,0xd9,0xee,0xdf,0xe9,
0xdd,0xd8,0x75,0x49,0xd9,0xe8,0xdb,0x6d,0x20,0xde,0xf9,0xd9,0xee,0xdf,0xf1,0xdd,
0xd8,0x76,0x3a,0xdb,0x6d,0x20,0xdb,0x6d,0x20,0xdf,0xe9,0xdd,0xd8,0x7a,0x25,0xdb,
0x6d,0x20,0xd9,0xc0,0xde,0xe1,0xdb,0x6d,0x20,0xd8,0xe0,0xdb,0xe9,0x7a,0x08,0xdf,
0xe9,0xdd,0xd8,0x74,0x0f,0xeb,0x04,0xdd,0xd8,0xdd,0xd8,0xd9,0xe8,0xd9,0xe0,0xdb,
0x7d,0x20,0xeb,0x3d,0xd9,0xee,0xd9,0xe0,0xdb,0x7d,0x20,0xeb,0x34,0xdb,0x6d,0x20,
0xdb,0x6d,0x20,0xdf,0xe9,0xdd,0xd8,0x7a,0x23,0xdb,0x6d,0x20,0xd9,0xc0,0xde,0xe1,
0xdb,0x6d,0x20,0xd8,0xe0,0xdb,0xe9,0x7a,0x08,0xdf,0xe9,0xdd,0xd8,0x74,0x0d,0xeb,
0x04,0xdd,0xd8,0xdd,0xd8,0xd9,0xe8,0xdb,0x7d,0x20,0xeb,0x05,0xd9,0xee,0xdb,0x7d,
0x20,0xdb,0x6d,0x30,0xdb,0x6d,0x30,0xdf,0xe9,0xdd,0xd8,0x7b,0x3e,0xdb,0x6d,0x30,
0xd9,0xee,0xdf,0xf1,0xdd,0xd8,0x77,0x25,0xdb,0x6d,0x30,0xd9,0xee,0xdf,0xe9,0xdd,
0xd8,0x7a,0x23,0xdb,0x6d,0x30,0xd9,0xee,0xdf,0xe9,0xdd,0xd8,0x75,0x18,0xd9,0xe8,
0xdb,0x6d,0x30,0xde,0xf9,0xd9,0xee,0xdf,0xf1,0xdd,0xd8,0x76,0x09,0xd9,0xee,0xd9,
0xe0,0xdb,0x7d,0x30,0xeb,0x05,0xd9,0xee,0xdb,0x7d,0x30,0xdb,0x6d,0x40,0xdb,0x6d,
0x40,0xdf,0xe9,0xdd,0xd8,0x7b,0x3e,0xdb,0x6d,0x40,0xd9,0xee,0xdf,0xf1,0xdd,0xd8,
0x77,0x25,0xdb,0x6d,0x40,0xd9,0xee,0xdf,0xe9,0xdd,0xd8,0x7a,0x23,0xdb,0x6d,0x40,
0xd9,0xee,0xdf,0xe9,0xdd,0xd8,0x75,0x18,0xd9,0xe8,0xdb,0x6d,0x40,0xde,0xf9,0xd9,
0xee,0xdf,0xf1,0xdd,0xd8,0x76,0x09,0xd9,0xee,0xd9,0xe0,0xdb,0x7d,0x40,0xeb,0x05,
0xd9,0xee,0xdb,0x7d,0x40,0xc7,0x45,0x8c,0x01,0x00,0x00,0x00,0xdb,0x6d,0x30,0xdb,
0x6d,0x30,0xdf,0xe9,0xdd,0xd8,0x7a,0x16,0xdb,0x6d,0x30,0xd9,0xc0,0xde,0xe1,0xdb,
0x6d,0x30,0xd8,0xe0,0xdb,0xe9,0x7a,0x32,0xdf,0xe9,0xdd,0xd8,0x75,0x36,0xdb,0x6d,
0x40,0xdb,0x6d,0x40,0xdf,0xe9,0xdd,0xd8,0x0f,0x8a,0xfd,0x01,0x00,0x00,0xdb,0x6d,
0x40,0xd9,0xc0,0xde,0xe1,0xdb,0x6d,0x40,0xd8,0xe0,0xdb,0xe9,0x7a,0x12,0xdf,0xe9,
0xdd,0xd8,0x0f,0x84,0xe3,0x01,0x00,0x00,0xeb,0x0a,0xdd,0xd8,0xdd,0xd8,0xeb,0x04,
0xdd,0xd8,0xdd,0xd8,0xdb,0x6d,0x30,0xd9,0xee,0xdf,0xf1,0xdd,0xd8,0x77,0x25,0xdb,
0x6d,0x30,0xd9,0xee,0xdf,0xe9,0xdd,0xd8,0x7a,0x54,0xdb,0x6d,0x30,0xd9,0xee,0xdf,
0xe9,0xdd,0xd8,0x75,0x49,0xd9,0xe8,0xdb,0x6d,0x30,0xde,0xf9,0xd9,0xee,0xdf,0xf1,
0xdd,0xd8,0x76,0x3a,0xdb,0x6d,0x30,0xdb,0x6d,0x30,0xdf,0xe9,0xdd,0xd8,0x7a,0x25,
0xdb,0x6d,0x30,0xd9,0xc0,0xde,0xe1,0xdb,0x6d,0x30,0xd8,0xe0,0xdb,0xe9,0x7a,0x08,
0xdf,0xe9,0xdd,0xd8,0x74,0x0f,0xeb,0x04,0xdd,0xd8,0xdd,0xd8,0xd9,0xe8,0xd9,0xe0,
0xdb,0x7d,0x30,0xeb,0x3d,0xd9,0xee,0xd9,0xe0,0xdb,0x7d,0x30,0xeb,0x34,0xdb,0x6d,
0x30,0xdb,0x6d,0x30,0xdf,0xe9,0xdd,0xd8,0x7a,0x23,0xdb,0x6d,0x30,0xd9,0xc0,0xde,
0xe1,0xdb,0x6d,0x30,0xd8,0xe0,0xdb,0xe9,0x7a,0x08,0xdf,0xe9,0xdd,0xd8,0x74,0x0d,
0xeb,0x04,0xdd,0xd8,0xdd,0xd8,0xd9,0xe8,0xdb,0x7d,0x30,0xeb,0x05,0xd9,0xee,0xdb,
0x7d,0x30,0xdb,0x6d,0x40,0xd9,0xee,0xdf,0xf1,0xdd,0xd8,0x77,0x25,0xdb,0x6d,0x40,
0xd9,0xee,0xdf,0xe9,0xdd,0xd8,0x7a,0x54,0xdb,0x6d,0x40,0xd9,0xee,0xdf,0xe9,0xdd,
0xd8,0x75,0x49,0xd9,0xe8,0xdb,0x6d,0x40,0xde,0xf9,0xd9,0xee,0xdf,0xf1,0xdd,0xd8,
0x76,0x3a,0xdb,0x6d,0x40,0xdb,0x6d,0x40,0xdf,0xe9,0xdd,0xd8,0x7a,0x25,0xdb,0x6d,
0x40,0xd9,0xc0,0xde,0xe1,0xdb,0x6d,0x40,0xd8,0xe0,0xdb,0xe9,0x7a,0x08,0xdf,0xe9,
0xdd,0xd8,0x74,0x0f,0xeb,0x04,0xdd,0xd8,0xdd,0xd8,0xd9,0xe8,0xd9,0xe0,0xdb,0x7d,
0x40,0xeb,0x3d,0xd9,0xee,0xd9,0xe0,0xdb,0x7d,0x40,0xeb,0x34,0xdb,0x6d,0x40,0xdb,
0x6d,0x40,0xdf,0xe9,0xdd,0xd8,0x7a,0x23,0xdb,0x6d,0x40,0xd9,0xc0,0xde,0xe1,0xdb,
0x6d,0x40,0xd8,0xe0,0xdb,0xe9,0x7a,0x08,0xdf,0xe9,0xdd,0xd8,0x74,0x0d,0xeb,0x04,
0xdd,0xd8,0xdd,0xd8,0xd9,0xe8,0xdb,0x7d,0x40,0xeb,0x05,0xd9,0xee,0xdb,0x7d,0x40,
0xdb,0x6d,0x10,0xdb,0x6d,0x10,0xdf,0xe9,0xdd,0xd8,0x7b,0x3e,0xdb,0x6d,0x10,0xd9,
0xee,0xdf,0xf1,0xdd,0xd8,0x77,0x25,0xdb,0x6d,0x10,0xd9,0xee,0xdf,0xe9,0xdd,0xd8,
0x7a,0x23,0xdb,0x6d,0x10,0xd9,0xee,0xdf,0xe9,0xdd,0xd8,0x75,0x18,0xd9,0xe8,0xdb,
0x6d,0x10,0xde,0xf9,0xd9,0xee,0xdf,0xf1,0xdd,0xd8,0x76,0x09,0xd9,0xee,0xd9,0xe0,
0xdb,0x7d,0x10,0xeb,0x05,0xd9,0xee,0xdb,0x7d,0x10,0xdb,0x6d,0x20,0xdb,0x6d,0x20,
0xdf,0xe9,0xdd,0xd8,0x7b,0x3e,0xdb,0x6d,0x20,0xd9,0xee,0xdf,0xf1,0xdd,0xd8,0x77,
0x25,0xdb,0x6d,0x20,0xd9,0xee,0xdf,0xe9,0xdd,0xd8,0x7a,0x23,0xdb,0x6d,0x20,0xd9,
0xee,0xdf,0xe9,0xdd,0xd8,0x75,0x18,0xd9,0xe8,0xdb,0x6d,0x20,0xde,0xf9,0xd9,0xee,
0xdf,0xf1,0xdd,0xd8,0x76,0x09,0xd9,0xee,0xd9,0xe0,0xdb,0x7d,0x20,0xeb,0x05,0xd9,
0xee,0xdb,0x7d,0x20,0xc7,0x45,0x8c,0x01,0x00,0x00,0x00,0x83,0x7d,0x8c,0x00,0x0f,
0x85,0xdb,0x01,0x00,0x00,0xdb,0x6d,0xb0,0xdb,0x6d,0xb0,0xdf,0xe9,0xdd,0xd8,0x7a,
0x1a,0xdb,0x6d,0xb0,0xd9,0xc0,0xde,0xe1,0xdb,0x6d,0xb0,0xd8,0xe0,0xdb,0xe9,0x7a,
0x7a,0xdf,0xe9,0xdd,0xd8,0x0f,0x85,0x86,0x00,0x00,0x00,0xdb,0x6d,0xc0,0xdb,0x6d,
0xc0,0xdf,0xe9,0xdd,0xd8,0x7a,0x16,0xdb,0x6d,0xc0,0xd9,0xc0,0xde,0xe1,0xdb,0x6d,
0xc0,0xd8,0xe0,0xdb,0xe9,0x7a,0x5a,0xdf,0xe9,0xdd,0xd8,0x75,0x64,0xdb,0x6d,0xd0,
0xdb,0x6d,0xd0,0xdf,0xe9,0xdd,0xd8,0x7a,0x16,0xdb,0x6d,0xd0,0xd9,0xc0,0xde,0xe1,
0xdb,0x6d,0xd0,0xd8,0xe0,0xdb,0xe9,0x7a,0x3e,0xdf,0xe9,0xdd,0xd8,0x75,0x42,0xdb,
0x6d,0xe0,0xdb,0x6d,0xe0,0xdf,0xe9,0xdd,0xd8,0x0f,0x8a,0x61,0x01,0x00,0x00,0xdb,
0x6d,0xe0,0xd9,0xc0,0xde,0xe1,0xdb,0x6d,0xe0,0xd8,0xe0,0xdb,0xe9,0x7a,0x1e,0xdf,
0xe9,0xdd,0xd8,0x0f,0x84,0x47,0x01,0x00,0x00,0xeb,0x16,0xdd,0xd8,0xdd,0xd8,0xeb,
0x10,0xdd,0xd8,0xdd,0xd8,0xeb,0x0a,0xdd,0xd8,0xdd,0xd8,0xeb,0x04,0xdd,0xd8,0xdd,
0xd8,0xdb,0x6d,0x10,0xdb,0x6d,0x10,0xdf,0xe9,0xdd,0xd8,0x7b,0x3e,0xdb,0x6d,0x10,
0xd9,0xee,0xdf,0xf1,0xdd,0xd8,0x77,0x25,0xdb,0x6d,0x10,0xd9,0xee,0xdf,0xe9,0xdd,
0xd8,0x7a,0x23,0xdb,0x6d,0x10,0xd9,0xee,0xdf,0xe9,0xdd,0xd8,0x75,0x18,0xd9,0xe8,
0xdb,0x6d,0x10,0xde,0xf9,0xd9,0xee,0xdf,0xf1,0xdd,0xd8,0x76,0x09,0xd9,0xee,0xd9,
0xe0,0xdb,0x7d,0x10,0xeb,0x05,0xd9,0xee,0xdb,0x7d,0x10,0xdb,0x6d,0x20,0xdb,0x6d,
0x20,0xdf,0xe9,0xdd,0xd8,0x7b,0x3e,0xdb,0x6d,0x20,0xd9,0xee,0xdf,0xf1,0xdd,0xd8,
0x77,0x25,0xdb,0x6d,0x20,0xd9,0xee,0xdf,0xe9,0xdd,0xd8,0x7a,0x23,0xdb,0x6d,0x20,
0xd9,0xee,0xdf,0xe9,0xdd,0xd8,0x75,0x18,0xd9,0xe8,0xdb,0x6d,0x20,0xde,0xf9,0xd9,
0xee,0xdf,0xf1,0xdd,0xd8,0x76,0x09,0xd9,0xee,0xd9,0xe0,0xdb,0x7d,0x20,0xeb,0x05,
0xd9,0xee,0xdb,0x7d,0x20,0xdb,0x6d,0x30,0xdb,0x6d,0x30,0xdf,0xe9,0xdd,0xd8,0x7b,
0x3e,0xdb,0x6d,0x30,0xd9,0xee,0xdf,0xf1,0xdd,0xd8,0x77,0x25,0xdb,0x6d,0x30,0xd9,
0xee,0xdf,0xe9,0xdd,0xd8,0x7a,0x23,0xdb,0x6d,0x30,0xd9,0xee,0xdf,0xe9,0xdd,0xd8,
0x75,0x18,0xd9,0xe8,0xdb,0x6d,0x30,0xde,0xf9,0xd9,0xee,0xdf,0xf1,0xdd,0xd8,0x76,
0x09,0xd9,0xee,0xd9,0xe0,0xdb,0x7d,0x30,0xeb,0x05,0xd9,0xee,0xdb,0x7d,0x30,0xdb,
0x6d,0x40,0xdb,0x6d,0x40,0xdf,0xe9,0xdd,0xd8,0x7b,0x3e,0xdb,0x6d,0x40,0xd9,0xee,
0xdf,0xf1,0xdd,0xd8,0x77,0x25,0xdb,0x6d,0x40,0xd9,0xee,0xdf,0xe9,0xdd,0xd8,0x7a,
0x23,0xdb,0x6d,0x40,0xd9,0xee,0xdf,0xe9,0xdd,0xd8,0x75,0x18,0xd9,0xe8,0xdb,0x6d,
0x40,0xde,0xf9,0xd9,0xee,0xdf,0xf1,0xdd,0xd8,0x76,0x09,0xd9,0xee,0xd9,0xe0,0xdb,
0x7d,0x40,0xeb,0x05,0xd9,0xee,0xdb,0x7d,0x40,0xc7,0x45,0x8c,0x01,0x00,0x00,0x00,
0x83,0x7d,0x8c,0x00,0x74,0x34,0xdb,0x6d,0x10,0xdb,0x6d,0x30,0xde,0xc9,0xdb,0x6d,
0x20,0xdb,0x6d,0x40,0xde,0xc9,0xde,0xe9,0xdb,0x6d,0xf0,0xde,0xc9,0xdb,0x7d,0x90,
0xdb,0x6d,0x10,0xdb,0x6d,0x40,0xde,0xc9,0xdb,0x6d,0x20,0xdb,0x6d,0x30,0xde,0xc9,
0xde,0xc1,0xdb,0x6d,0xf0,0xde,0xc9,0xdb,0x7d,0xa0,0x48,0x8b,0x85,0x78,0xff,0xff,
0xff,0xdb,0x6d,0x90,0xdb,0x38,0x48,0x8b,0x85,0x78,0xff,0xff,0xff,0x48,0x83,0xc0,
0x10,0xdb,0x6d,0xa0,0xdb,0x38,0xc9,0xc3,0xf3,0x0f,0x1e,0xfa,0x55,0x48,0x89,0xe5,
0x48,0x83,0xec,0x38,0x48,0x89,0x7d,0xd8,0xf3,0x0f,0x11,0x45,0xd4,0xf3,0x0f,0x11,
0x4d,0xd0,0xf3,0x0f,0x11,0x55,0xcc,0xf3,0x0f,0x11,0x5d,0xc8,0x66,0x0f,0xef,0xc0,
0x0f,0x2f,0x45,0xcc,0x77,0x37,0x66,0x0f,0xef,0xc0,0x0f,0x2e,0x45,0xcc,0x7a,0x3f,
0x66,0x0f,0xef,0xc0,0x0f,0x2e,0x45,0xcc,0x75,0x35,0x66,0x0f,0xef,0xd2,0xf3,0x0f,
0x5a,0x55,0xcc,0xf2,0x0f,0x10,0x05,0x00,0x00,0x00,0x00,0x66,0x0f,0x28,0xc8,0xf2,
0x0f,0x5e,0xca,0x66,0x0f,0xef,0xc0,0x66,0x0f,0x2f,0xc1,0x76,0x12,0xf3,0x0f,0x10,
0x45,0xcc,0xf3,0x0f,0x10,0x0d,0x00,0x00,0x00,0x00,0x0f,0x57,0xc1,0xeb,0x05,0xf3,
0x0f,0x10,0x45,0xcc,0x66,0x0f,0xef,0xc9,0x0f,0x2f,0x4d,0xc8,0x77,0x37,0x66,0x0f,
0xef,0xc9,0x0f,0x2e,0x4d,0xc8,0x7a,0x3f,0x66,0x0f,0xef,0xc9,0x0f,0x2e,0x4d,0xc8,
0x75,0x35,0x66,0x0f,0xef,0xdb,0xf3,0x0f,0x5a,0x5d,0xc8,0xf2,0x0f,0x10,0x0d,0x00,
0x00,0x00,0x00,0x66,0x0f,0x28,0xd1,0xf2,0x0f,0x5e,0xd3,0x66,0x0f,0xef,0xc9,0x66,
0x0f,0x2f,0xca,0x76,0x12,0xf3,0x0f,0x10,0x4d,0xc8,0xf3,0x0f,0x10,0x15,0x00,0x00,
0x00,0x00,0x0f,0x57,0xca,0xeb,0x05,0xf3,0x0f,0x10,0x4d,0xc8,0x0f,0x2f,0xc1,0x72,
0x62,0xf3,0x0f,0x10,0x45,0xc8,0xf3,0x0f,0x5e,0x45,0xcc,0xf3,0x0f,0x11,0x45,0xf4,
0xf3,0x0f,0x10,0x45,0xc8,0xf3,0x0f,0x59,0x45,0xf4,0xf3,0x0f,0x10,0x4d,0xcc,0xf3,
0x0f,0x58,0xc1,0xf3,0x0f,0x11,0x45,0xf8,0xf3,0x0f,0x10,0x45,0xd0,0xf3,0x0f,0x59,
0x45,0xf4,0xf3,0x0f,0x58,0x45,0xd4,0xf3,0x0f,0x5e,0x45,0xf8,0xf3,0x0f,0x11,0x45,
0xe4,0xf3,0x0f,0x10,0x45,0xd4,0x0f,0x28,0xc8,0xf3,0x0f,0x59,0x4d,0xf4,0xf3,0x0f,
0x10,0x45,0xd0,0xf3,0x0f,0x5c,0xc1,0xf3,0x0f,0x5e,0x45,0xf8,0xf3,0x0f,0x11,0x45,
0xe8,0xeb,0x59,0xf3,0x0f,0x10,0x45,0xcc,0xf3,0x0f,0x5e,0x45,0xc8,0xf3,0x0f,0x11,
0x45,0xec,0xf3,0x0f,0x10,0x45,0xcc,0xf3,0x0f,0x59,0x45,0xec,0xf3,0x0f,0x10,0x4d,
0xc8,0xf3,0x0f,0x58,0xc1,0xf3,0x0f,0x11,0x45,0xf0,0xf3,0x0f,0x10,0x45,0xd4,0xf3,
0x0f,0x59,0x45,0xec,0xf3,0x0f,0x58,0x45,0xd0,0xf3,0x0f,0x5e,0x45,0xf0,0xf3,0x0f,
0x11,0x45,0xe4,0xf3,0x0f,0x10,0x45,0xd0,0xf3,0x0f,0x59,0x45,0xec,0xf3,0x0f,0x5c,
0x45,0xd4,0xf3,0x0f,0x5e,0x45,0xf0,0xf3,0x0f,0x11,0x45,0xe8,0xf3,0x0f,0x10,0x45,
0xe4,0x0f,0x2e,0x45,0xe4,0x0f,0x8b,0x95,0x07,0x00,0x00,0xf3,0x0f,0x10,0x45,0xe8,
0x0f,0x2e,0x45,0xe8,0x0f,0x8b,0x86,0x07,0x00,0x00,0xe8,0x5f,0xe5,0xff,0xff,0xf2,
0x0f,0x5a,0xc0,0xf3,0x0f,0x11,0x45,0xfc,0x66,0x0f,0xef,0xc0,0x0f,0x2e,0x45,0xcc,
0x0f,0x8a,0x73,0x02,0x00,0x00,0x66,0x0f,0xef,0xc0,0x0f,0x2e,0x45,0xcc,0x0f,0x85,
0x65,0x02,0x00,0x00,0x66,0x0f,0xef,0xc0,0x0f,0x2e,0x45,0xc8,0x0f,0x8a,0x57,0x02,
0x00,0x00,0x66,0x0f,0xef,0xc0,0x0f,0x2e,0x45,0xc8,0x0f,0x85,0x49,0x02,0x00,0x00,
0xf3,0x0f,0x10,0x45,0xd4,0x0f,0x2e,0x45,0xd4,0x7b,0x0f,0xf3,0x0f,0x10,0x45,0xd0,
0x0f,0x2e,0x45,0xd0,0x0f,0x8a,0x2f,0x02,0x00,0x00,0x66,0x0f,0xef,0xc0,0x0f,0x2f,
0x45,0xcc,0x77,0x3f,0x66,0x0f,0xef,0xc0,0x0f,0x2e,0x45,0xcc,0x0f,0x8a,0x9b,0x00,
0x00,0x00,0x66,0x0f,0xef,0xc0,0x0f,0x2e,0x45,0xcc,0x0f,0x85,0x8d,0x00,0x00,0x00,
0x66,0x0f,0xef,0xd2,0xf3,0x0f,0x5a,0x55,0xcc,0xf2,0x0f,0x10,0x05,0x00,0x00,0x00,
0x00,0x66,0x0f,0x28,0xc8,0xf2,0x0f,0x5e,0xca,0x66,0x0f,0xef,0xc0,0x66,0x0f,0x2f,
0xc1,0x76,0x6a,0x66,0x0f,0xef,0xc0,0x0f,0x2f,0x45,0xfc,0x0f,0x97,0xc0,0x83,0xf0,
0x01,0x84,0xc0,0x74,0x51,0x66,0x0f,0xef,0xc0,0x0f,0x2e,0x45,0xfc,0x7a,0x35,0x66,
0x0f,0xef,0xc0,0x0f,0x2e,0x45,0xfc,0x75,0x2b,0x66,0x0f,0xef,0xd2,0xf3,0x0f,0x5a,
0x55,0xfc,0xf2,0x0f,0x10,0x05,0x00,0x00,0x00,0x00,0x66,0x0f,0x28,0xc8,0xf2,0x0f,
0x5e,0xca,0x66,0x0f,0xef,0xc0,0x66,0x0f,0x2f,0xc1,0x0f,0x97,0xc0,0x83,0xf0,0x01,
0x84,0xc0,0x74,0x12,0xf3,0x0f,0x10,0x45,0xfc,0xf3,0x0f,0x10,0x0d,0x00,0x00,0x00,
0x00,0x0f,0x57,0xc1,0xeb,0x5f,0xf3,0x0f,0x10,0x45,0xfc,0xeb,0x58,0x66,0x0f,0xef,
0xc0,0x0f,0x2f,0x45,0xfc,0x77,0x37,0x66,0x0f,0xef,0xc0,0x0f,0x2e,0x45,0xfc,0x7a,
0x3f,0x66,0x0f,0xef,0xc0,0x0f,0x2e,0x45,0xfc,0x75,0x35,0x66,0x0f,0xef,0xd2,0xf3,
0x0f,0x5a,0x55,0xfc,0xf2,0x0f,0x10,0x05,0x00,0x00,0x00,0x00,0x66,0x0f,0x28,0xc8,
0xf2,0x0f,0x5e,0xca,0x66,0x0f,0xef,0xc0,0x66,0x0f,0x2f,0xc1,0x76,0x12,0xf3,0x0f,
0x10,0x45,0xfc,0xf3,0x0f,0x10,0x0d,0x00,0x00,0x00,0x00,0x0f,0x57,0xc1,0xeb,0x05,
0xf3,0x0f,0x10,0x45,0xfc,0xf3,0x0f,0x59,0x45,0xd4,0xf3,0x0f,0x11,0x45,0xe4,0x66,
0x0f,0xef,0xc0,0x0f,0x2f,0x45,0xcc,0x77,0x3f,0x66,0x0f,0xef,0xc0,0x0f,0x2e,0x45,
0xcc,0x0f,0x8a,0x9b,0x00,0x00,0x00,0x66,0x0f,0xef,0xc0,0x0f,0x2e,0x45,0xcc,0x0f,
0x85,0x8d,0x00,0x00,0x00,0x66,0x0f,0xef,0xd2,0xf3,0x0f,0x5a,0x55,0xcc,0xf2,0x0f,
0x10,0x05,0x00,0x00,0x00,0x00,0x66,0x0f,0x28,0xc8,0xf2,0x0f,0x5e,0xca,0x66,0x0f,
0xef,0xc0,0x66,0x0f,0x2f,0xc1,0x76,0x6a,0x66,0x0f,0xef,0xc0,0x0f,0x2f,0x45,0xfc,
0x0f,0x97,0xc0,0x83,0xf0,0x01,0x84,0xc0,0x74,0x51,0x66,0x0f,0xef,0xc0,0x0f,0x2e,
0x45,0xfc,0x7a,0x35,0x66,0x0f,0xef,0xc0,0x0f,0x2e,0x45,0xfc,0x75,0x2b,0x66,0x0f,
0xef,0xd2,0xf3,0x0f,0x5a,0x55,0xfc,0xf2,0x0f,0x10,0x05,0x00,0x00,0x00,0x00,0x66,
0x0f,0x28,0xc8,0xf2,0x0f,0x5e,0xca,0x66,0x0f,0xef,0xc0,0x66,0x0f,0x2f,0xc1,0x0f,
0x97,0xc0,0x83,0xf0,0x01,0x84,0xc0,0x74,0x12,0xf3,0x0f,0x10,0x45,0xfc,0xf3,0x0f,
0x10,0x0d,0x00,0x00,0x00,0x00,0x0f,0x57,0xc1,0xeb,0x5f,0xf3,0x0f,0x10,0x45,0xfc,
0xeb,0x58,0x66,0x0f,0xef,0xc0,0x0f,0x2f,0x45,0xfc,0x77,0x37,0x66,0x0f,0xef,0xc0,
0x0f,0x2e,0x45,0xfc,0x7a,0x3f,0x66,0x0f,0xef,0xc0,0x0f,0x2e,0x45,0xfc,0x75,0x35,
0x66,0x0f,0xef,0xd2,0xf3,0x0f,0x5a,0x55,0xfc,0xf2,0x0f,0x10,0x05,0x00,0x00,0x00,
0x00,0x66,0x0f,0x28,0xc8,0xf2,0x0f,0x5e,0xca,0x66,0x0f,0xef,0xc0,0x66,0x0f,0x2f,
0xc1,0x76,0x12,0xf3,0x0f,0x10,0x45,0xfc,0xf3,0x0f,0x10,0x0d,0x00,0x00,0x00,0x00,
0x0f,0x57,0xc1,0xeb,0x05,0xf3,0x0f,0x10,0x45,0xfc,0xf3,0x0f,0x59,0x45,0xd0,0xf3,
0x0f,0x11,0x45,0xe8,0xe9,0xf7,0x04,0x00,0x00,0xf3,0x0f,0x10,0x45,0xd4,0x0f,0x2e,
0x45,0xd4,0x7a,0x1c,0xf3,0x0f,0x10,0x45,0xd4,0xf3,0x0f,0x5c,0xc0,0xf3,0x0f,0x10,
0x4d,0xd4,0xf3,0x0f,0x5c,0xc9,0x0f,0x2e,0xc1,0x7a,0x34,0x0f,0x2e,0xc1,0x75,0x2f,
0xf3,0x0f,0x10,0x45,0xd0,0x0f,0x2e,0x45,0xd0,0x0f,0x8a,0x46,0x02,0x00,0x00,0xf3,
0x0f,0x10,0x45,0xd0,0xf3,0x0f,0x5c,0xc0,0xf3,0x0f,0x10,0x4d,0xd0,0xf3,0x0f,0x5c,
0xc9,0x0f,0x2e,0xc1,0x7a,0x09,0x0f,0x2e,0xc1,0x0f,0x84,0x26,0x02,0x00,0x00,0xf3,
0x0f,0x10,0x45,0xcc,0xf3,0x0f,0x5c,0xc0,0xf3,0x0f,0x10,0x4d,0xcc,0xf3,0x0f,0x5c,
0xc9,0x0f,0x2e,0xc1,0x0f,0x8a,0x0b,0x02,0x00,0x00,0x0f,0x2e,0xc1,0x0f,0x85,0x02,
0x02,0x00,0x00,0xf3,0x0f,0x10,0x45,0xc8,0xf3,0x0f,0x5c,0xc0,0xf3,0x0f,0x10,0x4d,
0xc8,0xf3,0x0f,0x5c,0xc9,0x0f,0x2e,0xc1,0x0f,0x8a,0xe7,0x01,0x00,0x00,0x0f,0x2e,
0xc1,0x0f,0x85,0xde,0x01,0x00,0x00,0x66,0x0f,0xef,0xc0,0x0f,0x2f,0x45,0xd4,0x77,
0x37,0x66,0x0f,0xef,0xc0,0x0f,0x2e,0x45,0xd4,0x7a,0x72,0x66,0x0f,0xef,0xc0,0x0f,
0x2e,0x45,0xd4,0x75,0x68,0x66,0x0f,0xef,0xd2,0xf3,0x0f,0x5a,0x55,0xd4,0xf2,0x0f,
0x10,0x05,0x00,0x00,0x00,0x00,0x66,0x0f,0x28,0xc8,0xf2,0x0f,0x5e,0xca,0x66,0x0f,
0xef,0xc0,0x66,0x0f,0x2f,0xc1,0x76,0x45,0xf3,0x0f,0x10,0x45,0xd4,0x0f,0x2e,0x45,
0xd4,0x7a,0x2b,0xf3,0x0f,0x10,0x45,0xd4,0xf3,0x0f,0x5c,0xc0,0xf3,0x0f,0x10,0x4d,
0xd4,0xf3,0x0f,0x5c,0xc9,0x0f,0x2e,0xc1,0x7a,0x05,0x0f,0x2e,0xc1,0x74,0x0f,0xf3,
0x0f,0x10,0x05,0x00,0x00,0x00,0x00,0xf3,0x0f,0x11,0x45,0xd4,0xeb,0x4e,0xf3,0x0f,
0x10,0x05,0x00,0x00,0x00,0x00,0xf3,0x0f,0x11,0x45,0xd4,0xeb,0x3f,0xf3,0x0f,0x10,
0x45,0xd4,0x0f,0x2e,0x45,0xd4,0x7a,0x2b,0xf3,0x0f,0x10,0x45,0xd4,0xf3,0x0f,0x5c,
0xc0,0xf3,0x0f,0x10,0x4d,0xd4,0xf3,0x0f,0x5c,0xc9,0x0f,0x2e,0xc1,0x7a,0x05,0x0f,
0x2e,0xc1,0x74,0x0f,0xf3,0x0f,0x10,0x05,0x00,0x00,0x00,0x00,0xf3,0x0f,0x11,0x45,
0xd4,0xeb,0x09,0x66,0x0f,0xef,0xc0,0xf3,0x0f,0x11,0x45,0xd4,0x66,0x0f,0xef,0xc0,
0x0f,0x2f,0x45,0xd0,0x77,0x37,0x66,0x0f,0xef,0xc0,0x0f,0x2e,0x45,0xd0,0x7a,0x72,
0x66,0x0f,0xef,0xc0,0x0f,0x2e,0x45,0xd0,0x75,0x68,0x66,0x0f,0xef,0xd2,0xf3,0x0f,
0x5a,0x55,0xd0,0xf2,0x0f,0x10,0x05,0x00,0x00,0x00,0x00,0x66,0x0f,0x28,0xc8,0xf2,
0x0f,0x5e,0xca,0x66,0x0f,0xef,0xc0,0x66,0x0f,0x2f,0xc1,0x76,0x45,0xf3,0x0f,0x10,
0x45,0xd0,0x0f,0x2e,0x45,0xd0,0x7a,0x2b,0xf3,0x0f,0x10,0x45,0xd0,0xf3,0x0f,0x5c,
0xc0,0xf3,0x0f,0x10,0x4d,0xd0,0xf3,0x0f,0x5c,0xc9,0x0f,0x2e,0xc1,0x7a,0x05,0x0f,
0x2e,0xc1,0x74,0x0f,0xf3,0x0f,0x10,0x05,0x00,0x00,0x00,0x00,0xf3,0x0f,0x11,0x45,
0xd0,0xeb,0x4e,0xf3,0x0f,0x10,0x05,0x00,0x00,0x00,0x00,0xf3,0x0f,0x11,0x45,0xd0,
0xeb,0x3f,0xf3,0x0f,0x10,0x45,0xd0,0x0f,0x2e,0x45,0xd0,0x7a,0x2b,0xf3,0x0f,0x10,
0x45,0xd0,0xf3,0x0f,0x5c,0xc0,0xf3,0x0f,0x10,0x4d,0xd0,0xf3,0x0f,0x5c,0xc9,0x0f,
0x2e,0xc1,0x7a,0x05,0x0f,0x2e,0xc1,0x74,0x0f,0xf3,0x0f,0x10,0x05,0x00,0x00,0x00,
0x00,0xf3,0x0f,0x11,0x45,0xd0,0xeb,0x09,0x66,0x0f,0xef,0xc0,0xf3,0x0f,0x11,0x45,
0xd0,0xf3,0x0f,0x10,0x45,0xd4,0x0f,0x28,0xc8,0xf3,0x0f,0x59,0x4d,0xcc,0xf3,0x0f,
0x10,0x45,0xd0,0xf3,0x0f,0x59,0x45,0xc8,0xf3,0x0f,0x58,0xc1,0xf3,0x0f,0x10,0x4d,
0xfc,0xf3,0x0f,0x59,0xc1,0xf3,0x0f,0x11,0x45,0xe4,0xf3,0x0f,0x10,0x45,0xd0,0xf3,
0x0f,0x59,0x45,0xcc,0xf3,0x0f,0x10,0x4d,0xd4,0xf3,0x0f,0x59,0x4d,0xc8,0xf3,0x0f,
0x5c,0xc1,0xf3,0x0f,0x10,0x4d,0xfc,0xf3,0x0f,0x59,0xc1,0xf3,0x0f,0x11,0x45,0xe8,
0xe9,0x7b,0x02,0x00,0x00,0xf3,0x0f,0x10,0x45,0xcc,0x0f,0x2e,0x45,0xcc,0x7a,0x1c,
0xf3,0x0f,0x10,0x45,0xcc,0xf3,0x0f,0x5c,0xc0,0xf3,0x0f,0x10,0x4d,0xcc,0xf3,0x0f,
0x5c,0xc9,0x0f,0x2e,0xc1,0x7a,0x34,0x0f,0x2e,0xc1,0x75,0x2f,0xf3,0x0f,0x10,0x45,
0xc8,0x0f,0x2e,0x45,0xc8,0x0f,0x8a,0x45,0x02,0x00,0x00,0xf3,0x0f,0x10,0x45,0xc8,
0xf3,0x0f,0x5c,0xc0,0xf3,0x0f,0x10,0x4d,0xc8,0xf3,0x0f,0x5c,0xc9,0x0f,0x2e,0xc1,
0x7a,0x09,0x0f,0x2e,0xc1,0x0f,0x84,0x25,0x02,0x00,0x00,0xf3,0x0f,0x10,0x45,0xd4,
0xf3,0x0f,0x5c,0xc0,0xf3,0x0f,0x10,0x4d,0xd4,0xf3,0x0f,0x5c,0xc9,0x0f,0x2e,0xc1,
0x0f,0x8a,0x0a,0x02,0x00,0x00,0x0f,0x2e,0xc1,0x0f,0x85,0x01,0x02,0x00,0x00,0xf3,
0x0f,0x10,0x45,0xd0,0xf3,0x0f,0x5c,0xc0,0xf3,0x0f,0x10,0x4d,0xd0,0xf3,0x0f,0x5c,
0xc9,0x0f,0x2e,0xc1,0x0f,0x8a,0xe6,0x01,0x00,0x00,0x0f,0x2e,0xc1,0x0f,0x85,0xdd,
0x01,0x00,0x00,0x66,0x0f,0xef,0xc0,0x0f,0x2f,0x45,0xcc,0x77,0x37,0x66,0x0f,0xef,
0xc0,0x0f,0x2e,0x45,0xcc,0x7a,0x72,0x66,0x0f,0xef,0xc0,0x0f,0x2e,0x45,0xcc,0x75,
0x68,0x66,0x0f,0xef,0xd2,0xf3,0x0f,0x5a,0x55,0xcc,0xf2,0x0f,0x10,0x05,0x00,0x00,
0x00,0x00,0x66,0x0f,0x28,0xc8,0xf2,0x0f,0x5e,0xca,0x66,0x0f,0xef,0xc0,0x66,0x0f,
0x2f,0xc1,0x76,0x45,0xf3,0x0f,0x10,0x45,0xcc,0x0f,0x2e,0x45,0xcc,0x7a,0x2b,0xf3,
0x0f,0x10,0x45,0xcc,0xf3,0x0f,0x5c,0xc0,0xf3,0x0f,0x10,0x4d,0xcc,0xf3,0x0f,0x5c,
0xc9,0x0f,0x2e,0xc1,0x7a,0x05,0x0f,0x2e,0xc1,0x74,0x0f,0xf3,0x0f,0x10,0x05,0x00,
0x00,0x00,0x00,0xf3,0x0f,0x11,0x45,0xcc,0xeb,0x4e,0xf3,0x0f,0x10,0x05,0x00,0x00,
0x00,0x00,0xf3,0x0f,0x11,0x45,0xcc,0xeb,0x3f,0xf3,0x0f,0x10,0x45,0xcc,0x0f,0x2e,
0x45,0xcc,0x7a,0x2b,0xf3,0x0f,0x10,0x45,0xcc,0xf3,0x0f,0x5c,0xc0,0xf3,0x0f,0x10,
0x4d,0xcc,0xf3,0x0f,0x5c,0xc9,0x0f,0x2e,0xc1,0x7a,0x05,0x0f,0x2e,0xc1,0x74,0x0f,
0xf3,0x0f,0x10,0x05,0x00,0x00,0x00,0x00,0xf3,0x0f,0x11,0x45,0xcc,0xeb,0x09,0x66,
0x0f,0xef,0xc0,0xf3,0x0f,0x11,0x45,0xcc,0x66,0x0f,0xef,0xc0,0x0f,0x2f,0x45,0xc8,
0x77,0x37,0x66,0x0f,0xef,0xc0,0x0f,0x2e,0x45,0xc8,0x7a,0x72,0x66,0x0f,0xef,0xc0,
0x0f,0x2e,0x45,0xc8,0x75,0x68,0x66,0x0f,0xef,0xd2,0xf3,0x0f,0x5a,0x55,0xc8,0xf2,
0x0f,0x10,0x05,0x00,0x00,0x00,0x00,0x66,0x0f,0x28,0xc8,0xf2,0x0f,0x5e,0xca,0x66,
0x0f,0xef,0xc0,0x66,0x0f,0x2f,0xc1,0x76,0x45,0xf3,0x0f,0x10,0x45,0xc8,0x0f,0x2e,
0x45,0xc8,0x7a,0x2b,0xf3,0x0f,0x10,0x45,0xc8,0xf3,0x0f,0x5c,0xc0,0xf3,0x0f,0x10,
0x4d,0xc8,0xf3,0x0f,0x5c,0xc9,0x0f,0x2e,0xc1,0x7a,0x05,0x0f,0x2e,0xc1,0x74,0x0f,
0xf3,0x0f,0x10,0x05,0x00,0x00,0x00,0x00,0xf3,0x0f,0x11,0x45,0xc8,0xeb,0x4e,0xf3,
0x0f,0x10,0x05,0x00,0x00,0x00,0x00,0xf3,0x0f,0x11,0x45,0xc8,0xeb,0x3f,0xf3,0x0f,
0x10,0x45,0xc8,0x0f,0x2e,0x45,0xc8,0x7a,0x2b,0xf3,0x0f,0x10,0x45,0xc8,0xf3,0x0f,
0x5c,0xc0,0xf3,0x0f,0x10,0x4d,0xc8,0xf3,0x0f,0x5c,0xc9,0x0f,0x2e,0xc1,0x7a,0x05,
0x0f,0x2e,0xc1,0x74,0x0f,0xf3,0x0f,0x10,0x05,0x00,0x00,0x00,0x00,0xf3,0x0f,0x11,
0x45,0xc8,0xeb,0x09,0x66,0x0f,0xef,0xc0,0xf3,0x0f,0x11,0x45,0xc8,0xf3,0x0f,0x10,
0x45,0xd4,0x0f,0x28,0xc8,0xf3,0x0f,0x59,0x4d,0xcc,0xf3,0x0f,0x10,0x45,0xd0,0xf3,
0x0f,0x59,0x45,0xc8,0xf3,0x0f,0x58,0xc8,0x66,0x0f,0xef,0xc0,0xf3,0x0f,0x59,0xc1,
0xf3,0x0f,0x11,0x45,0xe4,0xf3,0x0f,0x10,0x45,0xd0,0xf3,0x0f,0x59,0x45,0xcc,0xf3,
0x0f,0x10,0x4d,0xd4,0x0f,0x28,0xd1,0xf3,0x0f,0x59,0x55,0xc8,0x0f,0x28,0xc8,0xf3,
0x0f,0x5c,0xca,0x66,0x0f,0xef,0xc0,0xf3,0x0f,0x59,0xc1,0xf3,0x0f,0x11,0x45,0xe8,
0x48,0x8b,0x45,0xd8,0xf3,0x0f,0x10,0x45,0xe4,0xf3,0x0f,0x11,0x00,0x48,0x8b,0x45,
0xd8,0x48,0x83,0xc0,0x04,0xf3,0x0f,0x10,0x45,0xe8,0xf3,0x0f,0x11,0x00,0xc9,0xc3,
0xf3,0x0f,0x1e,0xfa,0x55,0x48,0x89,0xe5,0x48,0x83,0xec,0x68,0x48,0x89,0x7d,0xb8,
0xf2,0x0f,0x11,0x45,0xb0,0xf2,0x0f,0x11,0x4d,0xa8,0xf2,0x0f,0x11,0x55,0xa0,0xf2,
0x0f,0x11,0x5d,0x98,0x66,0x0f,0xef,0xc0,0x66,0x0f,0x2f,0x45,0xa0,0x77,0x31,0x66,
0x0f,0xef,0xc0,0x66,0x0f,0x2e,0x45,0xa0,0x7a,0x39,0x66,0x0f,0xef,0xc0,0x66,0x0f,
0x2e,0x45,0xa0,0x75,0x2e,0xf2,0x0f,0x10,0x05,0x00,0x00,0x00,0x00,0x66,0x0f,0x28,
0xc8,0xf2,0x0f,0x5e,0x4d,0xa0,0x66,0x0f,0xef,0xc0,0x66,0x0f,0x2f,0xc1,0x76,0x13,
0xf2,0x0f,0x10,0x45,0xa0,0xf3,0x0f,0x7e,0x0d,0x00,0x00,0x00,0x00,0x66,0x0f,0x57,
0xc1,0xeb,0x05,0xf2,0x0f,0x10,0x45,0xa0,0x66,0x0f,0xef,0xc9,0x66,0x0f,0x2f,0x4d,
0x98,0x77,0x31,0x66,0x0f,0xef,0xc9,0x66,0x0f,0x2e,0x4d,0x98,0x7a,0x39,0x66,0x0f,
0xef,0xc9,0x66,0x0f,0x2e,0x4d,0x98,0x75,0x2e,0xf2,0x0f,0x10,0x0d,0x00,0x00,0x00,
0x00,0x66,0x0f,0x28,0xd1,0xf2,0x0f,0x5e,0x55,0x98,0x66,0x0f,0xef,0xc9,0x66,0x0f,
0x2f,0xca,0x76,0x13,0xf2,0x0f,0x10,0x4d,0x98,0xf3,0x0f,0x7e,0x15,0x00,0x00,0x00,
0x00,0x66,0x0f,0x57,0xca,0xeb,0x05,0xf2,0x0f,0x10,0x4d,0x98,0x66,0x0f,0x2f,0xc1,
0x72,0x63,0xf2,0x0f,0x10,0x45,0x98,0xf2,0x0f,0x5e,0x45,0xa0,0xf2,0x0f,0x11,0x45,
0xe8,0xf2,0x0f,0x10,0x45,0x98,0xf2,0x0f,0x59,0x45,0xe8,0xf2,0x0f,0x10,0x4d,0xa0,
0xf2,0x0f,0x58,0xc1,0xf2,0x0f,0x11,0x45,0xf0,0xf2,0x0f,0x10,0x45,0xa8,0xf2,0x0f,
0x59,0x45,0xe8,0xf2,0x0f,0x58,0x45,0xb0,0xf2,0x0f,0x5e,0x45,0xf0,0xf2,0x0f,0x11,
0x45,0xc8,0xf2,0x0f,0x10,0x45,0xb0,0x66,0x0f,0x28,0xc8,0xf2,0x0f,0x59,0x4d,0xe8,
0xf2,0x0f,0x10,0x45,0xa8,0xf2,0x0f,0x5c,0xc1,0xf2,0x0f,0x5e,0x45,0xf0,0xf2,0x0f,
0x11,0x45,0xd0,0xeb,0x59,0xf2,0x0f,0x10,0x45,0xa0,0xf2,0x0f,0x5e,0x45,0x98,0xf2,
0x0f,0x11,0x45,0xd8,0xf2,0x0f,0x10,0x45,0xa0,0xf2,0x0f,0x59,0x45,0xd8,0xf2,0x0f,
0x10,0x4d,0x98,0xf2,0x0f,0x58,0xc1,0xf2,0x0f,0x11,0x45,0xe0,0xf2,0x0f,0x10,0x45,
0xb0,0xf2,0x0f,0x59,0x45,0xd8,0xf2,0x0f,0x58,0x45,0xa8,0xf2,0x0f,0x5e,0x45,0xe0,
0xf2,0x0f,0x11,0x45,0xc8,0xf2,0x0f,0x10,0x45,0xa8,0xf2,0x0f,0x59,0x45,0xd8,0xf2,
0x0f,0x5c,0x45,0xb0,0xf2,0x0f,0x5e,0x45,0xe0,0xf2,0x0f,0x11,0x45,0xd0,0xf2,0x0f,
0x10,0x45,0xc8,0x66,0x0f,0x2e,0x45,0xc8,0x0f,0x8b,0x9e,0x07,0x00,0x00,0xf2,0x0f,
0x10,0x45,0xd0,0x66,0x0f,0x2e,0x45,0xd0,0x0f,0x8b,0x8e,0x07,0x00,0x00,0xe8,0x0b,
0xdc,0xff,0xff,0x66,0x48,0x0f,0x7e,0xc0,0x48,0x89,0x45,0xf8,0x66,0x0f,0xef,0xc0,
0x66,0x0f,0x2e,0x45,0xa0,0x0f,0x8a,0x5e,0x02,0x00,0x00,0x66,0x0f,0xef,0xc0,0x66,
0x0f,0x2e,0x45,0xa0,0x0f,0x85,0x4f,0x02,0x00,0x00,0x66,0x0f,0xef,0xc0,0x66,0x0f,
0x2e,0x45,0x98,0x0f,0x8a,0x40,0x02,0x00,0x00,0x66,0x0f,0xef,0xc0,0x66,0x0f,0x2e,
0x45,0x98,0x0f,0x85,0x31,0x02,0x00,0x00,0xf2,0x0f,0x10,0x45,0xb0,0x66,0x0f,0x2e,
0x45,0xb0,0x7b,0x10,0xf2,0x0f,0x10,0x45,0xa8,0x66,0x0f,0x2e,0x45,0xa8,0x0f,0x8a,
0x15,0x02,0x00,0x00,0x66,0x0f,0xef,0xc0,0x66,0x0f,0x2f,0x45,0xa0,0x77,0x39,0x66,
0x0f,0xef,0xc0,0x66,0x0f,0x2e,0x45,0xa0,0x0f,0x8a,0x90,0x00,0x00,0x00,0x66,0x0f,
0xef,0xc0,0x66,0x0f,0x2e,0x45,0xa0,0x0f,0x85,0x81,0x00,0x00,0x00,0xf2,0x0f,0x10,
0x05,0x00,0x00,0x00,0x00,0x66,0x0f,0x28,0xc8,0xf2,0x0f,0x5e,0x4d,0xa0,0x66,0x0f,
0xef,0xc0,0x66,0x0f,0x2f,0xc1,0x76,0x66,0x66,0x0f,0xef,0xc0,0x66,0x0f,0x2f,0x45,
0xf8,0x0f,0x97,0xc0,0x83,0xf0,0x01,0x84,0xc0,0x74,0x4c,0x66,0x0f,0xef,0xc0,0x66,
0x0f,0x2e,0x45,0xf8,0x7a,0x2e,0x66,0x0f,0xef,0xc0,0x66,0x0f,0x2e,0x45,0xf8,0x75,
0x23,0xf2,0x0f,0x10,0x05,0x00,0x00,0x00,0x00,0x66,0x0f,0x28,0xc8,0xf2,0x0f,0x5e,
0x4d,0xf8,0x66,0x0f,0xef,0xc0,0x66,0x0f,0x2f,0xc1,0x0f,0x97,0xc0,0x83,0xf0,0x01,
0x84,0xc0,0x74,0x13,0xf2,0x0f,0x10,0x45,0xf8,0xf3,0x0f,0x7e,0x0d,0x00,0x00,0x00,
0x00,0x66,0x0f,0x57,0xc1,0xeb,0x5b,0xf2,0x0f,0x10,0x45,0xf8,0xeb,0x54,0x66,0x0f,
0xef,0xc0,0x66,0x0f,0x2f,0x45,0xf8,0x77,0x31,0x66,0x0f,0xef,0xc0,0x66,0x0f,0x2e,
0x45,0xf8,0x7a,0x39,0x66,0x0f,0xef,0xc0,0x66,0x0f,0x2e,0x45,0xf8,0x75,0x2e,0xf2,
0x0f,0x10,0x05,0x00,0x00,0x00,0x00,0x66,0x0f,0x28,0xc8,0xf2,0x0f,0x5e,0x4d,0xf8,
0x66,0x0f,0xef,0xc0,0x66,0x0f,0x2f,0xc1,0x76,0x13,0xf2,0x0f,0x10,0x45,0xf8,0xf3,
0x0f,0x7e,0x0d,0x00,0x00,0x00,0x00,0x66,0x0f,0x57,0xc1,0xeb,0x05,0xf2,0x0f,0x10,
0x45,0xf8,0xf2,0x0f,0x59,0x45,0xb0,0xf2,0x0f,0x11,0x45,0xc8,0x66,0x0f,0xef,0xc0,
0x66,0x0f,0x2f,0x45,0xa0,0x77,0x39,0x66,0x0f,0xef,0xc0,0x66,0x0f,0x2e,0x45,0xa0,
0x0f,0x8a,0x90,0x00,0x00,0x00,0x66,0x0f,0xef,0xc0,0x66,0x0f,0x2e,0x45,0xa0,0x0f,
0x85,0x81,0x00,0x00,0x00,0xf2,0x0f,0x10,0x05,0x00,0x00,0x00,0x00,0x66,0x0f,0x28,
0xc8,0xf2,0x0f,0x5e,0x4d,0xa0,0x66,0x0f,0xef,0xc0,0x66,0x0f,0x2f,0xc1,0x76,0x66,
0x66,0x0f,0xef,0xc0,0x66,0x0f,0x2f,0x45,0xf8,0x0f,0x97,0xc0,0x83,0xf0,0x01,0x84,
0xc0,0x74,0x4c,0x66,0x0f,0xef,0xc0,0x66,0x0f,0x2e,0x45,0xf8,0x7a,0x2e,0x66,0x0f,
0xef,0xc0,0x66,0x0f,0x2e,0x45,0xf8,0x75,0x23,0xf2,0x0f,0x10,0x05,0x00,0x00,0x00,
0x00,0x66,0x0f,0x28,0xc8,0xf2,0x0f,0x5e,0x4d,0xf8,0x66,0x0f,0xef,0xc0,0x66,0x0f,
0x2f,0xc1,0x0f,0x97,0xc0,0x83,0xf0,0x01,0x84,0xc0,0x74,0x13,0xf2,0x0f,0x10,0x45,
0xf8,0xf3,0x0f,0x7e,0x0d,0x00,0x00,0x00,0x00,0x66,0x0f,0x57,0xc1,0xeb,0x5b,0xf2,
0x0f,0x10,0x45,0xf8,0xeb,0x54,0x66,0x0f,0xef,0xc0,0x66,0x0f,0x2f,0x45,0xf8,0x77,
0x31,0x66,0x0f,0xef,0xc0,0x66,0x0f,0x2e,0x45,0xf8,0x7a,0x39,0x66,0x0f,0xef,0xc0,
0x66,0x0f,0x2e,0x45,0xf8,0x75,0x2e,0xf2,0x0f,0x10,0x05,0x00,0x00,0x00,0x00,0x66,
0x0f,0x28,0xc8,0xf2,0x0f,0x5e,0x4d,0xf8,0x66,0x0f,0xef,0xc0,0x66,0x0f,0x2f,0xc1,
0x76,0x13,0xf2,0x0f,0x10,0x45,0xf8,0xf3,0x0f,0x7e,0x0d,0x00,0x00,0x00,0x00,0x66,
0x0f,0x57,0xc1,0xeb,0x05,0xf2,0x0f,0x10,0x45,0xf8,0xf2,0x0f,0x59,0x45,0xa8,0xf2,
0x0f,0x11,0x45,0xd0,0xe9,0x13,0x05,0x00,0x00,0xf2,0x0f,0x10,0x45,0xb0,0x66,0x0f,
0x2e,0x45,0xb0,0x7a,0x1e,0xf2,0x0f,0x10,0x45,0xb0,0xf2,0x0f,0x5c,0xc0,0xf2,0x0f,
0x10,0x4d,0xb0,0xf2,0x0f,0x5c,0xc9,0x66,0x0f,0x2e,0xc1,0x7a,0x38,0x66,0x0f,0x2e,
0xc1,0x75,0x32,0xf2,0x0f,0x10,0x45,0xa8,0x66,0x0f,0x2e,0x45,0xa8,0x0f,0x8a,0x4f,
0x02,0x00,0x00,0xf2,0x0f,0x10,0x45,0xa8,0xf2,0x0f,0x5c,0xc0,0xf2,0x0f,0x10,0x4d,
0xa8,0xf2,0x0f,0x5c,0xc9,0x66,0x0f,0x2e,0xc1,0x7a,0x0a,0x66,0x0f,0x2e,0xc1,0x0f,
0x84,0x2d,0x02,0x00,0x00,0xf2,0x0f,0x10,0x45,0xa0,0xf2,0x0f,0x5c,0xc0,0xf2,0x0f,
0x10,0x4d,0xa0,0xf2,0x0f,0x5c,0xc9,0x66,0x0f,0x2e,0xc1,0x0f,0x8a,0x11,0x02,0x00,
0x00,0x66,0x0f,0x2e,0xc1,0x0f,0x85,0x07,0x02,0x00,0x00,0xf2,0x0f,0x10,0x45,0x98,
0xf2,0x0f,0x5c,0xc0,0xf2,0x0f,0x10,0x4d,0x98,0xf2,0x0f,0x5c,0xc9,0x66,0x0f,0x2e,
0xc1,0x0f,0x8a,0xeb,0x01,0x00,0x00,0x66,0x0f,0x2e,0xc1,0x0f,0x85,0xe1,0x01,0x00,
0x00,0x66,0x0f,0xef,0xc0,0x66,0x0f,0x2f,0x45,0xb0,0x77,0x31,0x66,0x0f,0xef,0xc0,
0x66,0x0f,0x2e,0x45,0xb0,0x7a,0x6e,0x66,0x0f,0xef,0xc0,0x66,0x0f,0x2e,0x45,0xb0,
0x75,0x63,0xf2,0x0f,0x10,0x05,0x00,0x00,0x00,0x00,0x66,0x0f,0x28,0xc8,0xf2,0x0f,
0x5e,0x4d,0xb0,0x66,0x0f,0xef,0xc0,0x66,0x0f,0x2f,0xc1,0x76,0x48,0xf2,0x0f,0x10,
0x45,0xb0,0x66,0x0f,0x2e,0x45,0xb0,0x7a,0x2d,0xf2,0x0f,0x10,0x45,0xb0,0xf2,0x0f,
0x5c,0xc0,0xf2,0x0f,0x10,0x4d,0xb0,0xf2,0x0f,0x5c,0xc9,0x66,0x0f,0x2e,0xc1,0x7a,
0x06,0x66,0x0f,0x2e,0xc1,0x74,0x0f,0xf2,0x0f,0x10,0x05,0x00,0x00,0x00,0x00,0xf2,
0x0f,0x11,0x45,0xb0,0xeb,0x51,0xf2,0x0f,0x10,0x05,0x00,0x00,0x00,0x00,0xf2,0x0f,
0x11,0x45,0xb0,0xeb,0x42,0xf2,0x0f,0x10,0x45,0xb0,0x66,0x0f,0x2e,0x45,0xb0,0x7a,
0x2d,0xf2,0x0f,0x10,0x45,0xb0,0xf2,0x0f,0x5c,0xc0,0xf2,0x0f,0x10,0x4d,0xb0,0xf2,
0x0f,0x5c,0xc9,0x66,0x0f,0x2e,0xc1,0x7a,0x06,0x66,0x0f,0x2e,0xc1,0x74,0x0f,0xf2,
0x0f,0x10,0x05,0x00,0x00,0x00,0x00,0xf2,0x0f,0x11,0x45,0xb0,0xeb,0x09,0x66,0x0f,
0xef,0xc0,0xf2,0x0f,0x11,0x45,0xb0,0x66,0x0f,0xef,0xc0,0x66,0x0f,0x2f,0x45,0xa8,
0x77,0x31,0x66,0x0f,0xef,0xc0,0x66,0x0f,0x2e,0x45,0xa8,0x7a,0x6e,0x66,0x0f,0xef,
0xc0,0x66,0x0f,0x2e,0x45,0xa8,0x75,0x63,0xf2,0x0f,0x10,0x05,0x00,0x00,0x00,0x00,
0x66,0x0f,0x28,0xc8,0xf2,0x0f,0x5e,0x4d,0xa8,0x66,0x0f,0xef,0xc0,0x66,0x0f,0x2f,
0xc1,0x76,0x48,0xf2,0x0f,0x10,0x45,0xa8,0x66,0x0f,0x2e,0x45,0xa8,0x7a,0x2d,0xf2,
0x0f,0x10,0x45,0xa8,0xf2,0x0f,0x5c,0xc0,0xf2,0x0f,0x10,0x4d,0xa8,0xf2,0x0f,0x5c,
0xc9,0x66,0x0f,0x2e,0xc1,0x7a,0x06,0x66,0x0f,0x2e,0xc1,0x74,0x0f,0xf2,0x0f,0x10,
0x05,0x00,0x00,0x00,0x00,0xf2,0x0f,0x11,0x45,0xa8,0xeb,0x51,0xf2,0x0f,0x10,0x05,
0x00,0x00,0x00,0x00,0xf2,0x0f,0x11,0x45,0xa8,0xeb,0x42,0xf2,0x0f,0x10,0x45,0xa8,
0x66,0x0f,0x2e,0x45,0xa8,0x7a,0x2d,0xf2,0x0f,0x10,0x45,0xa8,0xf2,0x0f,0x5c,0xc0,
0xf2,0x0f,0x10,0x4d,0xa8,0xf2,0x0f,0x5c,0xc9,0x66,0x0f,0x2e,0xc1,0x7a,0x06,0x66,
0x0f,0x2e,0xc1,0x74,0x0f,0xf2,0x0f,0x10,0x05,0x00,0x00,0x00,0x00,0xf2,0x0f,0x11,
0x45,0xa8,0xeb,0x09,0x66,0x0f,0xef,0xc0,0xf2,0x0f,0x11,0x45,0xa8,0xf2,0x0f,0x10,
0x45,0xb0,0x66,0x0f,0x28,0xc8,0xf2,0x0f,0x59,0x4d,0xa0,0xf2,0x0f,0x10,0x45,0xa8,
0xf2,0x0f,0x59,0x45,0x98,0xf2,0x0f,0x58,0xc1,0xf2,0x0f,0x10,0x4d,0xf8,0xf2,0x0f,
0x59,0xc1,0xf2,0x0f,0x11,0x45,0xc8,0xf2,0x0f,0x10,0x45,0xa8,0xf2,0x0f,0x59,0x45,
0xa0,0xf2,0x0f,0x10,0x4d,0xb0,0xf2,0x0f,0x59,0x4d,0x98,0xf2,0x0f,0x5c,0xc1,0xf2,
0x0f,0x10,0x4d,0xf8,0xf2,0x0f,0x59,0xc1,0xf2,0x0f,0x11,0x45,0xd0,0xe9,0x8a,0x02,
0x00,0x00,0xf2,0x0f,0x10,0x45,0xa0,0x66,0x0f,0x2e,0x45,0xa0,0x7a,0x1e,0xf2,0x0f,
0x10,0x45,0xa0,0xf2,0x0f,0x5c,0xc0,0xf2,0x0f,0x10,0x4d,0xa0,0xf2,0x0f,0x5c,0xc9,
0x66,0x0f,0x2e,0xc1,0x7a,0x38,0x66,0x0f,0x2e,0xc1,0x75,0x32,0xf2,0x0f,0x10,0x45,
0x98,0x66,0x0f,0x2e,0x45,0x98,0x0f,0x8a,0x50,0x02,0x00,0x00,0xf2,0x0f,0x10,0x45,
0x98,0xf2,0x0f,0x5c,0xc0,0xf2,0x0f,0x10,0x4d,0x98,0xf2,0x0f,0x5c,0xc9,0x66,0x0f,
0x2e,0xc1,0x7a,0x0a,0x66,0x0f,0x2e,0xc1,0x0f,0x84,0x2e,0x02,0x00,0x00,0xf2,0x0f,
0x10,0x45,0xb0,0xf2,0x0f,0x5c,0xc0,0xf2,0x0f,0x10,0x4d,0xb0,0xf2,0x0f,0x5c,0xc9,
0x66,0x0f,0x2e,0xc1,0x0f,0x8a,0x12,0x02,0x00,0x00,0x66,0x0f,0x2e,0xc1,0x0f,0x85,
0x08,0x02,0x00,0x00,0xf2,0x0f,0x10,0x45,0xa8,0xf2,0x0f,0x5c,0xc0,0xf2,0x0f,0x10,
0x4d,0xa8,0xf2,0x0f,0x5c,0xc9,0x66,0x0f,0x2e,0xc1,0x0f,0x8a,0xec,0x01,0x00,0x00,
0x66,0x0f,0x2e,0xc1,0x0f,0x85,0xe2,0x01,0x00,0x00,0x66,0x0f,0xef,0xc0,0x66,0x0f,
0x2f,0x45,0xa0,0x77,0x31,0x66,0x0f,0xef,0xc0,0x66,0x0f,0x2e,0x45,0xa0,0x7a,0x6e,
0x66,0x0f,0xef,0xc0,0x66,0x0f,0x2e,0x45,0xa0,0x75,0x63,0xf2,0x0f,0x10,0x05,0x00,
0x00,0x00,0x00,0x66,0x0f,0x28,0xc8,0xf2,0x0f,0x5e,0x4d,0xa0,0x66,0x0f,0xef,0xc0,
0x66,0x0f,0x2f,0xc1,0x76,0x48,0xf2,0x0f,0x10,0x45,0xa0,0x66,0x0f,0x2e,0x45,0xa0,
0x7a,0x2d,0xf2,0x0f,0x10,0x45,0xa0,0xf2,0x0f,0x5c,0xc0,0xf2,0x0f,0x10,0x4d,0xa0,
0xf2,0x0f,0x5c,0xc9,0x66,0x0f,0x2e,0xc1,0x7a,0x06,0x66,0x0f,0x2e,0xc1,0x74,0x0f,
0xf2,0x0f,0x10,0x05,0x00,0x00,0x00,0x00,0xf2,0x0f,0x11,0x45,0xa0,0xeb,0x51,0xf2,
0x0f,0x10,0x05,0x00,0x00,0x00,0x00,0xf2,0x0f,0x11,0x45,0xa0,0xeb,0x42,0xf2,0x0f,
0x10,0x45,0xa0,0x66,0x0f,0x2e,0x45,0xa0,0x7a,0x2d,0xf2,0x0f,0x10,0x45,0xa0,0xf2,
0x0f,0x5c,0xc0,0xf2,0x0f,0x10,0x4d,0xa0,0xf2,0x0f,0x5c,0xc9,0x66,0x0f,0x2e,0xc1,
0x7a,0x06,0x66,0x0f,0x2e,0xc1,0x74,0x0f,0xf2,0x0f,0x10,0x05,0x00,0x00,0x00,0x00,
0xf2,0x0f,0x11,0x45,0xa0,0xeb,0x09,0x66,0x0f,0xef,0xc0,0xf2,0x0f,0x11,0x45,0xa0,
0x66,0x0f,0xef,0xc0,0x66,0x0f,0x2f,0x45,0x98,0x77,0x31,0x66,0x0f,0xef,0xc0,0x66,
0x0f,0x2e,0x45,0x98,0x7a,0x6e,0x66,0x0f,0xef,0xc0,0x66,0x0f,0x2e,0x45,0x98,0x75,
0x63,0xf2,0x0f,0x10,0x05,0x00,0x00,0x00,0x00,0x66,0x0f,0x28,0xc8,0xf2,0x0f,0x5e,
0x4d,0x98,0x66,0x0f,0xef,0xc0,0x66,0x0f,0x2f,0xc1,0x76,0x48,0xf2,0x0f,0x10,0x45,
0x98,0x66,0x0f,0x2e,0x45,0x98,0x7a,0x2d,0xf2,0x0f,0x10,0x45,0x98,0xf2,0x0f,0x5c,
0xc0,0xf2,0x0f,0x10,0x4d,0x98,0xf2,0x0f,0x5c,0xc9,0x66,0x0f,0x2e,0xc1,0x7a,0x06,
0x66,0x0f,0x2e,0xc1,0x74,0x0f,0xf2,0x0f,0x10,0x05,0x00,0x00,0x00,0x00,0xf2,0x0f,
0x11,0x45,0x98,0xeb,0x51,0xf2,0x0f,0x10,0x05,0x00,0x00,0x00,0x00,0xf2,0x0f,0x11,
0x45,0x98,0xeb,0x42,0xf2,0x0f,0x10,0x45,0x98,0x66,0x0f,0x2e,0x45,0x98,0x7a,0x2d,
0xf2,0x0f,0x10,0x45,0x98,0xf2,0x0f,0x5c,0xc0,0xf2,0x0f,0x10,0x4d,0x98,0xf2,0x0f,
0x5c,0xc9,0x66,0x0f,0x2e,0xc1,0x7a,0x06,0x66,0x0f,0x2e,0xc1,0x74,0x0f,0xf2,0x0f,
0x10,0x05,0x00,0x00,0x00,0x00,0xf2,0x0f,0x11,0x45,0x98,0xeb,0x09,0x66,0x0f,0xef,
0xc0,0xf2,0x0f,0x11,0x45,0x98,0xf2,0x0f,0x10,0x45,0xb0,0x66,0x0f,0x28,0xc8,0xf2,
0x0f,0x59,0x4d,0xa0,0xf2,0x0f,0x10,0x45,0xa8,0xf2,0x0f,0x59,0x45,0x98,0xf2,0x0f,
0x58,0xc8,0x66,0x0f,0xef,0xc0,0xf2,0x0f,0x59,0xc1,0xf2,0x0f,0x11,0x45,0xc8,0xf2,
0x0f,0x10,0x45,0xa8,0xf2,0x0f,0x59,0x45,0xa0,0xf2,0x0f,0x10,0x4d,0xb0,0x66,0x0f,
0x28,0xd1,0xf2,0x0f,0x59,0x55,0x98,0x66,0x0f,0x28,0xc8,0xf2,0x0f,0x5c,0xca,0x66,
0x0f,0xef,0xc0,0xf2,0x0f,0x59,0xc1,0xf2,0x0f,0x11,0x45,0xd0,0x48,0x8b,0x45,0xb8,
0xf2,0x0f,0x10,0x45,0xc8,0xf2,0x0f,0x11,0x00,0x48,0x8b,0x45,0xb8,0x48,0x83,0xc0,
0x08,0xf2,0x0f,0x10,0x45,0xd0,0xf2,0x0f,0x11,0x00,0xc9,0xc3,0xf3,0x0f,0x1e,0xfa,
0x55,0x48,0x89,0xe5,0x48,0x83,0xc4,0x80,0x48,0x89,0x7d,0x88,0xdb,0x6d,0x30,0xd9,
0xee,0xdf,0xf1,0xdd,0xd8,0x77,0x25,0xdb,0x6d,0x30,0xd9,0xee,0xdf,0xe9,0xdd,0xd8,
0x7a,0x21,0xdb,0x6d,0x30,0xd9,0xee,0xdf,0xe9,0xdd,0xd8,0x75,0x16,0xd9,0xe8,0xdb,
0x6d,0x30,0xde,0xf9,0xd9,0xee,0xdf,0xf1,0xdd,0xd8,0x76,0x07,0xdb,0x6d,0x30,0xd9,
0xe0,0xeb,0x03,0xdb,0x6d,0x30,0xdb,0x6d,0x40,0xd9,0xee,0xdf,0xf1,0xdd,0xd8,0x77,
0x25,0xdb,0x6d,0x40,0xd9,0xee,0xdf,0xe9,0xdd,0xd8,0x7a,0x23,0xdb,0x6d,0x40,0xd9,
0xee,0xdf,0xe9,0xdd,0xd8,0x75,0x18,0xd9,0xe8,0xdb,0x6d,0x40,0xde,0xf9,0xd9,0xee,
0xdf,0xf1,0xdd,0xd8,0x76,0x09,0xdb,0x6d,0x40,0xd9,0xe0,0xd9,0xc9,0xeb,0x05,0xdb,
0x6d,0x40,0xd9,0xc9,0xdf,0xf1,0xdd,0xd8,0x72,0x47,0xdb,0x6d,0x40,0xdb,0x6d,0x30,
0xde,0xf9,0xdb,0x7d,0xd0,0xdb,0x6d,0x40,0xdb,0x6d,0xd0,0xde,0xc9,0xdb,0x6d,0x30,
0xde,0xc1,0xdb,0x7d,0xe0,0xdb,0x6d,0x20,0xdb,0x6d,0xd0,0xde,0xc9,0xdb,0x6d,0x10,
0xde,0xc1,0xdb,0x6d,0xe0,0xde,0xf9,0xdb,0x7d,0x90,0xdb,0x6d,0x10,0xdb,0x6d,0xd0,
0xde,0xc9,0xdb,0x6d,0x20,0xde,0xe1,0xdb,0x6d,0xe0,0xde,0xf9,0xdb,0x7d,0xa0,0xeb,
0x45,0xdb,0x6d,0x30,0xdb,0x6d,0x40,0xde,0xf9,0xdb,0x7d,0xb0,0xdb,0x6d,0x30,0xdb,
0x6d,0xb0,0xde,0xc9,0xdb,0x6d,0x40,0xde,0xc1,0xdb,0x7d,0xc0,0xdb,0x6d,0x10,0xdb,
0x6d,0xb0,0xde,0xc9,0xdb,0x6d,0x20,0xde,0xc1,0xdb,0x6d,0xc0,0xde,0xf9,0xdb,0x7d,
0x90,0xdb,0x6d,0x20,0xdb,0x6d,0xb0,0xde,0xc9,0xdb,0x6d,0x10,0xde,0xe9,0xdb,0x6d,
0xc0,0xde,0xf9,0xdb,0x7d,0xa0,0xdb,0x6d,0x90,0xdb,0x6d,0x90,0xdf,0xe9,0xdd,0xd8,
0x0f,0x8b,0x1a,0x06,0x00,0x00,0xdb,0x6d,0xa0,0xdb,0x6d,0xa0,0xdf,0xe9,0xdd,0xd8,
0x0f,0x8b,0x0a,0x06,0x00,0x00,0xe8,0x23,0xd3,0xff,0xff,0xf2,0x0f,0x11,0x45,0x80,
0xdd,0x45,0x80,0xdb,0x7d,0xf0,0xdb,0x6d,0x30,0xd9,0xee,0xdf,0xe9,0xdd,0xd8,0x0f,
0x8a,0xca,0x01,0x00,0x00,0xdb,0x6d,0x30,0xd9,0xee,0xdf,0xe9,0xdd,0xd8,0x0f,0x85,
0xbb,0x01,0x00,0x00,0xdb,0x6d,0x40,0xd9,0xee,0xdf,0xe9,0xdd,0xd8,0x0f,0x8a,0xac,
0x01,0x00,0x00,0xdb,0x6d,0x40,0xd9,0xee,0xdf,0xe9,0xdd,0xd8,0x0f,0x85,0x9d,0x01,
0x00,0x00,0xdb,0x6d,0x10,0xdb,0x6d,0x10,0xdf,0xe9,0xdd,0xd8,0x7b,0x10,0xdb,0x6d,
0x20,0xdb,0x6d,0x20,0xdf,0xe9,0xdd,0xd8,0x0f,0x8a,0x81,0x01,0x00,0x00,0xdb,0x6d,
0x30,0xd9,0xee,0xdf,0xf1,0xdd,0xd8,0x77,0x25,0xdb,0x6d,0x30,0xd9,0xee,0xdf,0xe9,
0xdd,0xd8,0x7a,0x66,0xdb,0x6d,0x30,0xd9,0xee,0xdf,0xe9,0xdd,0xd8,0x75,0x5b,0xd9,
0xe8,0xdb,0x6d,0x30,0xde,0xf9,0xd9,0xee,0xdf,0xf1,0xdd,0xd8,0x76,0x4c,0xdb,0x6d,
0xf0,0xd9,0xee,0xdf,0xf1,0xdd,0xd8,0x0f,0x97,0xc0,0x83,0xf0,0x01,0x84,0xc0,0x74,
0x34,0xdb,0x6d,0xf0,0xd9,0xee,0xdf,0xe9,0xdd,0xd8,0x7a,0x22,0xdb,0x6d,0xf0,0xd9,
0xee,0xdf,0xe9,0xdd,0xd8,0x75,0x17,0xd9,0xe8,0xdb,0x6d,0xf0,0xde,0xf9,0xd9,0xee,
0xdf,0xf1,0xdd,0xd8,0x0f,0x97,0xc0,0x83,0xf0,0x01,0x84,0xc0,0x74,0x07,0xdb,0x6d,
0xf0,0xd9,0xe0,0xeb,0x3f,0xdb,0x6d,0xf0,0xeb,0x3a,0xdb,0x6d,0xf0,0xd9,0xee,0xdf,
0xf1,0xdd,0xd8,0x77,0x25,0xdb,0x6d,0xf0,0xd9,0xee,0xdf,0xe9,0xdd,0xd8,0x7a,0x21,
0xdb,0x6d,0xf0,0xd9,0xee,0xdf,0xe9,0xdd,0xd8,0x75,0x16,0xd9,0xe8,0xdb,0x6d,0xf0,
0xde,0xf9,0xd9,0xee,0xdf,0xf1,0xdd,0xd8,0x76,0x07,0xdb,0x6d,0xf0,0xd9,0xe0,0xeb,
0x03,0xdb,0x6d,0xf0,0xdb,0x6d,0x10,0xde,0xc9,0xdb,0x7d,0x90,0xdb,0x6d,0x30,0xd9,
0xee,0xdf,0xf1,0xdd,0xd8,0x77,0x25,0xdb,0x6d,0x30,0xd9,0xee,0xdf,0xe9,0xdd,0xd8,
0x7a,0x66,0xdb,0x6d,0x30,0xd9,0xee,0xdf,0xe9,0xdd,0xd8,0x75,0x5b,0xd9,0xe8,0xdb,
0x6d,0x30,0xde,0xf9,0xd9,0xee,0xdf,0xf1,0xdd,0xd8,0x76,0x4c,0xdb,0x6d,0xf0,0xd9,
0xee,0xdf,0xf1,0xdd,0xd8,0x0f,0x97,0xc0,0x83,0xf0,0x01,0x84,0xc0,0x74,0x34,0xdb,
0x6d,0xf0,0xd9,0xee,0xdf,0xe9,0xdd,0xd8,0x7a,0x22,0xdb,0x6d,0xf0,0xd9,0xee,0xdf,
0xe9,0xdd,0xd8,0x75,0x17,0xd9,0xe8,0xdb,0x6d,0xf0,0xde,0xf9,0xd9,0xee,0xdf,0xf1,
0xdd,0xd8,0x0f,0x97,0xc0,0x83,0xf0,0x01,0x84,0xc0,0x74,0x07,0xdb,0x6d,0xf0,0xd9,
0xe0,0xeb,0x3f,0xdb,0x6d,0xf0,0xeb,0x3a,0xdb,0x6d,0xf0,0xd9,0xee,0xdf,0xf1,0xdd,
0xd8,0x77,0x25,0xdb,0x6d,0xf0,0xd9,0xee,0xdf,0xe9,0xdd,0xd8,0x7a,0x21,0xdb,0x6d,
0xf0,0xd9,0xee,0xdf,0xe9,0xdd,0xd8,0x75,0x16,0xd9,0xe8,0xdb,0x6d,0xf0,0xde,0xf9,
0xd9,0xee,0xdf,0xf1,0xdd,0xd8,0x76,0x07,0xdb,0x6d,0xf0,0xd9,0xe0,0xeb,0x03,0xdb,
0x6d,0xf0,0xdb,0x6d,0x20,0xde,0xc9,0xdb,0x7d,0xa0,0xe9,0x21,0x04,0x00,0x00,0xdb,
0x6d,0x10,0xdb,0x6d,0x10,0xdf,0xe9,0xdd,0xd8,0x7a,0x16,0xdb,0x6d,0x10,0xd9,0xc0,
0xde,0xe1,0xdb,0x6d,0x10,0xd8,0xe0,0xdb,0xe9,0x7a,0x32,0xdf,0xe9,0xdd,0xd8,0x75,
0x36,0xdb,0x6d,0x20,0xdb,0x6d,0x20,0xdf,0xe9,0xdd,0xd8,0x0f,0x8a,0xe1,0x01,0x00,
0x00,0xdb,0x6d,0x20,0xd9,0xc0,0xde,0xe1,0xdb,0x6d,0x20,0xd8,0xe0,0xdb,0xe9,0x7a,
0x12,0xdf,0xe9,0xdd,0xd8,0x0f,0x84,0xc7,0x01,0x00,0x00,0xeb,0x0a,0xdd,0xd8,0xdd,
0xd8,0xeb,0x04,0xdd,0xd8,0xdd,0xd8,0xdb,0x6d,0x30,0xd9,0xc0,0xde,0xe1,0xdb,0x6d,
0x30,0xd8,0xe0,0xdb,0xe9,0x0f,0x8a,0x9d,0x01,0x00,0x00,0xdf,0xe9,0xdd,0xd8,0x0f,
0x85,0x9d,0x01,0x00,0x00,0xdb,0x6d,0x40,0xd9,0xc0,0xde,0xe1,0xdb,0x6d,0x40,0xd8,
0xe0,0xdb,0xe9,0x0f,0x8a,0x85,0x01,0x00,0x00,0xdf,0xe9,0xdd,0xd8,0x0f,0x85,0x7f,
0x01,0x00,0x00,0xdb,0x6d,0x10,0xd9,0xee,0xdf,0xf1,0xdd,0xd8,0x77,0x25,0xdb,0x6d,
0x10,0xd9,0xee,0xdf,0xe9,0xdd,0xd8,0x7a,0x54,0xdb,0x6d,0x10,0xd9,0xee,0xdf,0xe9,
0xdd,0xd8,0x75,0x49,0xd9,0xe8,0xdb,0x6d,0x10,0xde,0xf9,0xd9,0xee,0xdf,0xf1,0xdd,
0xd8,0x76,0x3a,0xdb,0x6d,0x10,0xdb,0x6d,0x10,0xdf,0xe9,0xdd,0xd8,0x7a,0x25,0xdb,
0x6d,0x10,0xd9,0xc0,0xde,0xe1,0xdb,0x6d,0x10,0xd8,0xe0,0xdb,0xe9,0x7a,0x08,0xdf,
0xe9,0xdd,0xd8,0x74,0x0f,0xeb,0x04,0xdd,0xd8,0xdd,0xd8,0xd9,0xe8,0xd9,0xe0,0xdb,
0x7d,0x10,0xeb,0x3d,0xd9,0xee,0xd9,0xe0,0xdb,0x7d,0x10,0xeb,0x34,0xdb,0x6d,0x10,
0xdb,0x6d,0x10,0xdf,0xe9,0xdd,0xd8,0x7a,0x23,0xdb,0x6d,0x10,0xd9,0xc0,0xde,0xe1,
0xdb,0x6d,0x10,0xd8,0xe0,0xdb,0xe9,0x7a,0x08,0xdf,0xe9,0xdd,0xd8,0x74,0x0d,0xeb,
0x04,0xdd,0xd8,0xdd,0xd8,0xd9,0xe8,0xdb,0x7d,0x10,0xeb,0x05,0xd9,0xee,0xdb,0x7d,
0x10,0xdb,0x6d,0x20,0xd9,0xee,0xdf,0xf1,0xdd,0xd8,0x77,0x25,0xdb,0x6d,0x20,0xd9,
0xee,0xdf,0xe9,0xdd,0xd8,0x7a,0x54,0xdb,0x6d,0x20,0xd9,0xee,0xdf,0xe9,0xdd,0xd8,
0x75,0x49,0xd9,0xe8,0xdb,0x6d,0x20,0xde,0xf9,0xd9,0xee,0xdf,0xf1,0xdd,0xd8,0x76,
0x3a,0xdb,0x6d,0x20,0xdb,0x6d,0x20,0xdf,0xe9,0xdd,0xd8,0x7a,0x25,0xdb,0x6d,0x20,
0xd9,0xc0,0xde,0xe1,0xdb,0x6d,0x20,0xd8,0xe0,0xdb,0xe9,0x7a,0x08,0xdf,0xe9,0xdd,
0xd8,0x74,0x0f,0xeb,0x04,0xdd,0xd8,0xdd,0xd8,0xd9,0xe8,0xd9,0xe0,0xdb,0x7d,0x20,
0xeb,0x3d,0xd9,0xee,0xd9,0xe0,0xdb,0x7d,0x20,0xeb,0x34,0xdb,0x6d,0x20,0xdb,0x6d,
0x20,0xdf,0xe9,0xdd,0xd8,0x7a,0x23,0xdb,0x6d,0x20,0xd9,0xc0,0xde,0xe1,0xdb,0x6d,
0x20,0xd8,0xe0,0xdb,0xe9,0x7a,0x08,0xdf,0xe9,0xdd,0xd8,0x74,0x0d,0xeb,0x04,0xdd,
0xd8,0xdd,0xd8,0xd9,0xe8,0xdb,0x7d,0x20,0xeb,0x05,0xd9,0xee,0xdb,0x7d,0x20,0xdb,
0x6d,0x10,0xdb,0x6d,0x30,0xde,0xc9,0xdb,0x6d,0x20,0xdb,0x6d,0x40,0xde,0xc9,0xde,
0xc1,0xdb,0x6d,0xf0,0xde,0xc9,0xdb,0x7d,0x90,0xdb,0x6d,0x20,0xdb,0x6d,0x30,0xde,
0xc9,0xdb,0x6d,0x10,0xdb,0x6d,0x40,0xde,0xc9,0xde,0xe9,0xdb,0x6d,0xf0,0xde,0xc9,
0xdb,0x7d,0xa0,0xe9,0x18,0x02,0x00,0x00,0xdd,0xd8,0xdd,0xd8,0xeb,0x04,0xdd,0xd8,
0xdd,0xd8,0xdb,0x6d,0x30,0xdb,0x6d,0x30,0xdf,0xe9,0xdd,0xd8,0x7a,0x16,0xdb,0x6d,
0x30,0xd9,0xc0,0xde,0xe1,0xdb,0x6d,0x30,0xd8,0xe0,0xdb,0xe9,0x7a,0x32,0xdf,0xe9,
0xdd,0xd8,0x75,0x36,0xdb,0x6d,0x40,0xdb,0x6d,0x40,0xdf,0xe9,0xdd,0xd8,0x0f,0x8a,
0xdc,0x01,0x00,0x00,0xdb,0x6d,0x40,0xd9,0xc0,0xde,0xe1,0xdb,0x6d,0x40,0xd8,0xe0,
0xdb,0xe9,0x7a,0x12,0xdf,0xe9,0xdd,0xd8,0x0f,0x84,0xc2,0x01,0x00,0x00,0xeb,0x0a,
0xdd,0xd8,0xdd,0xd8,0xeb,0x04,0xdd,0xd8,0xdd,0xd8,0xdb,0x6d,0x10,0xd9,0xc0,0xde,
0xe1,0xdb,0x6d,0x10,0xd8,0xe0,0xdb,0xe9,0x0f,0x8a,0x98,0x01,0x00,0x00,0xdf,0xe9,
0xdd,0xd8,0x0f,0x85,0x98,0x01,0x00,0x00,0xdb,0x6d,0x20,0xd9,0xc0,0xde,0xe1,0xdb,
0x6d,0x20,0xd8,0xe0,0xdb,0xe9,0x0f,0x8a,0x80,0x01,0x00,0x00,0xdf,0xe9,0xdd,0xd8,
0x0f,0x85,0x7a,0x01,0x00,0x00,0xdb,0x6d,0x30,0xd9,0xee,0xdf,0xf1,0xdd,0xd8,0x77,
0x25,0xdb,0x6d,0x30,0xd9,0xee,0xdf,0xe9,0xdd,0xd8,0x7a,0x54,0xdb,0x6d,0x30,0xd9,
0xee,0xdf,0xe9,0xdd,0xd8,0x75,0x49,0xd9,0xe8,0xdb,0x6d,0x30,0xde,0xf9,0xd9,0xee,
0xdf,0xf1,0xdd,0xd8,0x76,0x3a,0xdb,0x6d,0x30,0xdb,0x6d,0x30,0xdf,0xe9,0xdd,0xd8,
0x7a,0x25,0xdb,0x6d,0x30,0xd9,0xc0,0xde,0xe1,0xdb,0x6d,0x30,0xd8,0xe0,0xdb,0xe9,
0x7a,0x08,0xdf,0xe9,0xdd,0xd8,0x74,0x0f,0xeb,0x04,0xdd,0xd8,0xdd,0xd8,0xd9,0xe8,
0xd9,0xe0,0xdb,0x7d,0x30,0xeb,0x3d,0xd9,0xee,0xd9,0xe0,0xdb,0x7d,0x30,0xeb,0x34,
0xdb,0x6d,0x30,0xdb,0x6d,0x30,0xdf,0xe9,0xdd,0xd8,0x7a,0x23,0xdb,0x6d,0x30,0xd9,
0xc0,0xde,0xe1,0xdb,0x6d,0x30,0xd8,0xe0,0xdb,0xe9,0x7a,0x08,0xdf,0xe9,0xdd,0xd8,
0x74,0x0d,0xeb,0x04,0xdd,0xd8,0xdd,0xd8,0xd9,0xe8,0xdb,0x7d,0x30,0xeb,0x05,0xd9,
0xee,0xdb,0x7d,0x30,0xdb,0x6d,0x40,0xd9,0xee,0xdf,0xf1,0xdd,0xd8,0x77,0x25,0xdb,
0x6d,0x40,0xd9,0xee,0xdf,0xe9,0xdd,0xd8,0x7a,0x54,0xdb,0x6d,0x40,0xd9,0xee,0xdf,
0xe9,0xdd,0xd8,0x75,0x49,0xd9,0xe8,0xdb,0x6d,0x40,0xde,0xf9,0xd9,0xee,0xdf,0xf1,
0xdd,0xd8,0x76,0x3a,0xdb,0x6d,0x40,0xdb,0x6d,0x40,0xdf,0xe9,0xdd,0xd8,0x7a,0x25,
0xdb,0x6d,0x40,0xd9,0xc0,0xde,0xe1,0xdb,0x6d,0x40,0xd8,0xe0,0xdb,0xe9,0x7a,0x08,
0xdf,0xe9,0xdd,0xd8,0x74,0x0f,0xeb,0x04,0xdd,0xd8,0xdd,0xd8,0xd9,0xe8,0xd9,0xe0,
0xdb,0x7d,0x40,0xeb,0x3d,0xd9,0xee,0xd9,0xe0,0xdb,0x7d,0x40,0xeb,0x34,0xdb,0x6d,
0x40,0xdb,0x6d,0x40,0xdf,0xe9,0xdd,0xd8,0x7a,0x23,0xdb,0x6d,0x40,0xd9,0xc0,0xde,
0xe1,0xdb,0x6d,0x40,0xd8,0xe0,0xdb,0xe9,0x7a,0x08,0xdf,0xe9,0xdd,0xd8,0x74,0x0d,
0xeb,0x04,0xdd,0xd8,0xdd,0xd8,0xd9,0xe8,0xdb,0x7d,0x40,0xeb,0x05,0xd9,0xee,0xdb,
0x7d,0x40,0xdb,0x6d,0x10,0xdb,0x6d,0x30,0xde,0xc9,0xdb,0x6d,0x20,0xdb,0x6d,0x40,
0xde,0xc9,0xde,0xc1,0xd9,0xee,0xde,0xc9,0xdb,0x7d,0x90,0xdb,0x6d,0x20,0xdb,0x6d,
0x30,0xde,0xc9,0xdb,0x6d,0x10,0xdb,0x6d,0x40,0xde,0xc9,0xde,0xe9,0xd9,0xee,0xde,
0xc9,0xdb,0x7d,0xa0,0xeb,0x0a,0xdd,0xd8,0xdd,0xd8,0xeb,0x04,0xdd,0xd8,0xdd,0xd8,
0x48,0x8b,0x45,0x88,0xdb,0x6d,0x90,0xdb,0x38,0x48,0x8b,0x45,0x88,0x48,0x83,0xc0,
0x10,0xdb,0x6d,0xa0,0xdb,0x38,0xc9,0xc3,0xf3,0x0f,0x1e,0xfa,0x55,0x48,0x89,0xe5,
0x48,0x89,0x7d,0xe8,0x48,0x89,0x75,0xe0,0x48,0x89,0x55,0xd8,0x48,0x89,0x4d,0xd0,
0x4c,0x89,0x45,0xc8,0x48,0x8b,0x45,0xd0,0x48,0x89,0xc2,0x48,0xf7,0xda,0x48,0x0f,
0x48,0xd0,0x48,0x8b,0x45,0xc8,0x48,0x89,0xc1,0x48,0xf7,0xd9,0x48,0x0f,0x49,0xc1,
0x48,0x39,0xc2,0x7c,0x6e,0x48,0x8b,0x45,0xc8,0x48,0x99,0x48,0xf7,0x7d,0xd0,0x48,
0x89,0x45,0xf0,0x48,0x8b,0x45,0xc8,0x48,0x0f,0xaf,0x45,0xf0,0x48,0x89,0xc2,0x48,
0x8b,0x45,0xd0,0x48,0x01,0xd0,0x48,0x89,0x45,0xf8,0x48,0x8b,0x45,0xd8,0x48,0x0f,
0xaf,0x45,0xf0,0x48,0x89,0xc2,0x48,0x8b,0x45,0xe0,0x48,0x01,0xd0,0x48,0x99,0x48,
0xf7,0x7d,0xf8,0x48,0x89,0xc2,0x48,0x8b,0x45,0xe8,0x48,0x89,0x10,0x48,0x8b,0x45,
0xe0,0x48,0x0f,0xaf,0x45,0xf0,0x48,0x8b,0x55,0xd8,0x48,0x29,0xc2,0x48,0x8b,0x45,
0xe8,0x48,0x8d,0x48,0x08,0x48,0x89,0xd0,0x48,0x99,0x48,0xf7,0x7d,0xf8,0x48,0x89,
0x01,0xeb,0x66,0x48,0x8b,0x45,0xd0,0x48,0x99,0x48,0xf7,0x7d,0xc8,0x48,0x89,0x45,
0xf0,0x48,0x8b,0x45,0xd0,0x48,0x0f,0xaf,0x45,0xf0,0x48,0x89,0xc2,0x48,0x8b,0x45,
0xc8,0x48,0x01,0xd0,0x48,0x89,0x45,0xf8,0x48,0x8b,0x45,0xe0,0x48,0x0f,0xaf,0x45,
0xf0,0x48,0x89,0xc2,0x48,0x8b,0x45,0xd8,0x48,0x01,0xd0,0x48,0x99,0x48,0xf7,0x7d,
0xf8,0x48,0x89,0xc2,0x48,0x8b,0x45,0xe8,0x48,0x89,0x10,0x48,0x8b,0x45,0xd8,0x48,
0x0f,0xaf,0x45,0xf0,0x48,0x2b,0x45,0xe0,0x48,0x8b,0x55,0xe8,0x48,0x8d,0x4a,0x08,
0x48,0x99,0x48,0xf7,0x7d,0xf8,0x48,0x89,0x01,0x5d,0xc3,0xf3,0x0f,0x1e,0xfa,0x55,
0x48,0x89,0xe5,0x48,0x89,0x7d,0xe8,0x48,0x89,0x75,0xe0,0x48,0x89,0x55,0xd8,0x48,
0x89,0x4d,0xd0,0x4c,0x89,0x45,0xc8,0x48,0x8b,0x45,0xd0,0x48,0x3b,0x45,0xc8,0x72,
0x77,0x48,0x8b,0x45,0xc8,0xba,0x00,0x00,0x00,0x00,0x48,0xf7,0x75,0xd0,0x48,0x89,
0x45,0xf0,0x48,0x8b,0x45,0xc8,0x48,0x0f,0xaf,0x45,0xf0,0x48,0x89,0xc2,0x48,0x8b,
0x45,0xd0,0x48,0x01,0xd0,0x48,0x89,0x45,0xf8,0x48,0x8b,0x45,0xd8,0x48,0x0f,0xaf,
0x45,0xf0,0x48,0x89,0xc2,0x48,0x8b,0x45,0xe0,0x48,0x01,0xd0,0xba,0x00,0x00,0x00,
0x00,0x48,0xf7,0x75,0xf8,0x48,0x89,0xc2,0x48,0x8b,0x45,0xe8,0x48,0x89,0x10,0x48,
0x8b,0x45,0xe0,0x48,0x0f,0xaf,0x45,0xf0,0x48,0x8b,0x55,0xd8,0x48,0x29,0xc2,0x48,
0x8b,0x45,0xe8,0x48,0x8d,0x48,0x08,0x48,0x89,0xd0,0xba,0x00,0x00,0x00,0x00,0x48,
0xf7,0x75,0xf8,0x48,0x89,0x01,0xeb,0x6f,0x48,0x8b,0x45,0xd0,0xba,0x00,0x00,0x00,
0x00,0x48,0xf7,0x75,0xc8,0x48,0x89,0x45,0xf0,0x48,0x8b,0x45,0xd0,0x48,0x0f,0xaf,
0x45,0xf0,0x48,0x89,0xc2,0x48,0x8b,0x45,0xc8,0x48,0x01,0xd0,0x48,0x89,0x45,0xf8,
0x48,0x8b,0x45,0xe0,0x48,0x0f,0xaf,0x45,0xf0,0x48,0x89,0xc2,0x48,0x8b,0x45,0xd8,
0x48,0x01,0xd0,0xba,0x00,0x00,0x00,0x00,0x48,0xf7,0x75,0xf8,0x48,0x89,0xc2,0x48,
0x8b,0x45,0xe8,0x48,0x89,0x10,0x48,0x8b,0x45,0xd8,0x48,0x0f,0xaf,0x45,0xf0,0x48,
0x2b,0x45,0xe0,0x48,0x8b,0x55,0xe8,0x48,0x8d,0x4a,0x08,0xba,0x00,0x00,0x00,0x00,
0x48,0xf7,0x75,0xf8,0x48,0x89,0x01,0x5d,0xc3,0x00,0x00,0x00,0x00,0x00,0x00,0x00,
0x00,0x00,0x00,0x00,0xf0,0x3f,0x00,0x00,0x80,0xbf,0x00,0x00,0x00,0x80,0x00,0x00,
0x80,0x3f,0x00,0x00,0x00,0x00,0x00,0x00,0x00,0x00,0x00,0x00,0xf0,0xbf,0x00,0x00,
0x00,0x00,0x00,0x00,0x00,0x80,0x00,0x00,0x00,0x00,0x00,0x00,0x00,0x00,0x00,0x00,
0x00,0x80,0x00,0x00,0x00,0x00,0x00,0x00,0x00,0x00,0x00,0x00,0x00,0x00,0x00,0x00,
0x00,0x00,0x00,0x00,0x00,0x80,0x00,0x00,0x00,0x00,0x00,0x00,0x00,0x00,0x00,0x47,
0x43,0x43,0x3a,0x20,0x28,0x47,0x65,0x6e,0x74,0x6f,0x6f,0x20,0x31,0x35,0x2e,0x33,
0x2e,0x30,0x20,0x70,0x38,0x29,0x20,0x31,0x35,0x2e,0x33,0x2e,0x30,0x00,0x04,0x00,
0x00,0x00,0x10,0x00,0x00,0x00,0x05,0x00,0x00,0x00,0x47,0x4e,0x55,0x00,0x02,0x00,
0x00,0xc0,0x04,0x00,0x00,0x00,0x03,0x00,0x00,0x00,0x00,0x00,0x00,0x00,0x04,0x00,
0x00,0x00,0x20,0x00,0x00,0x00,0x05,0x00,0x00,0x00,0x47,0x4e,0x55,0x00,0x02,0x00,
0x01,0xc0,0x04,0x00,0x00,0x00,0x01,0x00,0x00,0x00,0x00,0x00,0x00,0x00,0x01,0x00,
0x01,0xc0,0x04,0x00,0x00,0x00,0x0b,0x00,0x00,0x00,0x00,0x00,0x00,0x00,0x14,0x00,
0x00,0x00,0x00,0x00,0x00,0x00,0x01,0x7a,0x52,0x00,0x01,0x78,0x10,0x01,0x1b,0x0c,
0x07,0x08,0x90,0x01,0x00,0x00,0x1c,0x00,0x00,0x00,0x1c,0x00,0x00,0x00,0x00,0x00,
0x00,0x00,0x1d,0x00,0x00,0x00,0x00,0x45,0x0e,0x10,0x86,0x02,0x43,0x0d,0x06,0x54,
0x0c,0x07,0x08,0x00,0x00,0x00,0x1c,0x00,0x00,0x00,0x3c,0x00,0x00,0x00,0x00,0x00,
0x00,0x00,0xcd,0x08,0x00,0x00,0x00,0x45,0x0e,0x10,0x86,0x02,0x43,0x0d,0x06,0x03,
0xc4,0x08,0x0c,0x07,0x08,0x00,0x1c,0x00,0x00,0x00,0x5c,0x00,0x00,0x00,0x00,0x00,
0x00,0x00,0xd0,0x08,0x00,0x00,0x00,0x45,0x0e,0x10,0x86,0x02,0x43,0x0d,0x06,0x03,
0xc7,0x08,0x0c,0x07,0x08,0x00,0x1c,0x00,0x00,0x00,0x7c,0x00,0x00,0x00,0x00,0x00,
0x00,0x00,0x30,0x07,0x00,0x00,0x00,0x45,0x0e,0x10,0x86,0x02,0x43,0x0d,0x06,0x03,
0x27,0x07,0x0c,0x07,0x08,0x00,0x1c,0x00,0x00,0x00,0x9c,0x00,0x00,0x00,0x00,0x00,
0x00,0x00,0x58,0x09,0x00,0x00,0x00,0x45,0x0e,0x10,0x86,0x02,0x43,0x0d,0x06,0x03,
0x4f,0x09,0x0c,0x07,0x08,0x00,0x1c,0x00,0x00,0x00,0xbc,0x00,0x00,0x00,0x00,0x00,
0x00,0x00,0x5c,0x09,0x00,0x00,0x00,0x45,0x0e,0x10,0x86,0x02,0x43,0x0d,0x06,0x03,
0x53,0x09,0x0c,0x07,0x08,0x00,0x1c,0x00,0x00,0x00,0xdc,0x00,0x00,0x00,0x00,0x00,
0x00,0x00,0x5c,0x07,0x00,0x00,0x00,0x45,0x0e,0x10,0x86,0x02,0x43,0x0d,0x06,0x03,
0x53,0x07,0x0c,0x07,0x08,0x00,0x1c,0x00,0x00,0x00,0xfc,0x00,0x00,0x00,0x00,0x00,
0x00,0x00,0x13,0x01,0x00,0x00,0x00,0x45,0x0e,0x10,0x86,0x02,0x43,0x0d,0x06,0x03,
0x0a,0x01,0x0c,0x07,0x08,0x00,0x1c,0x00,0x00,0x00,0x1c,0x01,0x00,0x00,0x00,0x00,
0x00,0x00,0x0e,0x01,0x00,0x00,0x00,0x45,0x0e,0x10,0x86,0x02,0x43,0x0d,0x06,0x03,
0x05,0x01,0x0c,0x07,0x08,0x00,0x00,0x00,0x00,0x00,0x00,0x00,0x00,0x00,0x00,0x00,
0x00,0x00,0x00,0x00,0x00,0x00,0x00,0x00,0x00,0x00,0x00,0x00,0x00,0x00,0x01,0x00,
0x00,0x00,0x04,0x00,0xf1,0xff,0x00,0x00,0x00,0x00,0x00,0x00,0x00,0x00,0x00,0x00,
0x00,0x00,0x00,0x00,0x00,0x00,0x00,0x00,0x00,0x00,0x03,0x00,0x01,0x00,0x00,0x00,
0x00,0x00,0x00,0x00,0x00,0x00,0x00,0x00,0x00,0x00,0x00,0x00,0x00,0x00,0x0b,0x00,
0x00,0x00,0x02,0x00,0x01,0x00,0x00,0x00,0x00,0x00,0x00,0x00,0x00,0x00,0x1d,0x00,
0x00,0x00,0x00,0x00,0x00,0x00,0x00,0x00,0x00,0x00,0x03,0x00,0x05,0x00,0x00,0x00,
0x00,0x00,0x00,0x00,0x00,0x00,0x00,0x00,0x00,0x00,0x00,0x00,0x00,0x00,0x14,0x00,
0x00,0x00,0x12,0x00,0x01,0x00,0x1d,0x00,0x00,0x00,0x00,0x00,0x00,0x00,0xcd,0x08,
0x00,0x00,0x00,0x00,0x00,0x00,0x20,0x00,0x00,0x00,0x12,0x00,0x01,0x00,0xea,0x08,
0x00,0x00,0x00,0x00,0x00,0x00,0xd0,0x08,0x00,0x00,0x00,0x00,0x00,0x00,0x2b,0x00,
0x00,0x00,0x12,0x00,0x01,0x00,0xba,0x11,0x00,0x00,0x00,0x00,0x00,0x00,0x30,0x07,
0x00,0x00,0x00,0x00,0x00,0x00,0x37,0x00,0x00,0x00,0x12,0x00,0x01,0x00,0xea,0x18,
0x00,0x00,0x00,0x00,0x00,0x00,0x58,0x09,0x00,0x00,0x00,0x00,0x00,0x00,0x43,0x00,
0x00,0x00,0x12,0x00,0x01,0x00,0x42,0x22,0x00,0x00,0x00,0x00,0x00,0x00,0x5c,0x09,
0x00,0x00,0x00,0x00,0x00,0x00,0x4e,0x00,0x00,0x00,0x12,0x00,0x01,0x00,0x9e,0x2b,
0x00,0x00,0x00,0x00,0x00,0x00,0x5c,0x07,0x00,0x00,0x00,0x00,0x00,0x00,0x5a,0x00,
0x00,0x00,0x12,0x00,0x01,0x00,0xfa,0x32,0x00,0x00,0x00,0x00,0x00,0x00,0x13,0x01,
0x00,0x00,0x00,0x00,0x00,0x00,0x68,0x00,0x00,0x00,0x12,0x00,0x01,0x00,0x0d,0x34,
0x00,0x00,0x00,0x00,0x00,0x00,0x0e,0x01,0x00,0x00,0x00,0x00,0x00,0x00,0x00,0x63,
0x6f,0x6d,0x70,0x6c,0x65,0x78,0x2e,0x63,0x00,0x6d,0x63,0x63,0x5f,0x64,0x69,0x6e,
0x66,0x00,0x5f,0x5f,0x6d,0x63,0x63,0x5f,0x63,0x6d,0x75,0x6c,0x66,0x00,0x5f,0x5f,
0x6d,0x63,0x63,0x5f,0x63,0x6d,0x75,0x6c,0x00,0x5f,0x5f,0x6d,0x63,0x63,0x5f,0x63,
0x6d,0x75,0x6c,0x6c,0x00,0x5f,0x5f,0x6d,0x63,0x63,0x5f,0x63,0x64,0x69,0x76,0x66,
0x00,0x5f,0x5f,0x6d,0x63,0x63,0x5f,0x63,0x64,0x69,0x76,0x00,0x5f,0x5f,0x6d,0x63,
0x63,0x5f,0x63,0x64,0x69,0x76,0x6c,0x00,0x5f,0x5f,0x6d,0x63,0x63,0x5f,0x63,0x64,
0x69,0x76,0x69,0x36,0x34,0x00,0x5f,0x5f,0x6d,0x63,0x63,0x5f,0x63,0x64,0x69,0x76,
0x75,0x36,0x34,0x00,0x00,0x00,0x4f,0x01,0x00,0x00,0x00,0x00,0x00,0x00,0x02,0x00,
0x00,0x00,0x04,0x00,0x00,0x00,0xfc,0xff,0xff,0xff,0xff,0xff,0xff,0xff,0x90,0x01,
0x00,0x00,0x00,0x00,0x00,0x00,0x02,0x00,0x00,0x00,0x04,0x00,0x00,0x00,0x04,0x00,
0x00,0x00,0x00,0x00,0x00,0x00,0x9f,0x01,0x00,0x00,0x00,0x00,0x00,0x00,0x02,0x00,
0x00,0x00,0x04,0x00,0x00,0x00,0x08,0x00,0x00,0x00,0x00,0x00,0x00,0x00,0xd5,0x01,
0x00,0x00,0x00,0x00,0x00,0x00,0x02,0x00,0x00,0x00,0x04,0x00,0x00,0x00,0x0c,0x00,
0x00,0x00,0x00,0x00,0x00,0x00,0x14,0x02,0x00,0x00,0x00,0x00,0x00,0x00,0x02,0x00,
0x00,0x00,0x04,0x00,0x00,0x00,0xfc,0xff,0xff,0xff,0xff,0xff,0xff,0xff,0x55,0x02,
0x00,0x00,0x00,0x00,0x00,0x00,0x02,0x00,0x00,0x00,0x04,0x00,0x00,0x00,0x04,0x00,
0x00,0x00,0x00,0x00,0x00,0x00,0x64,0x02,0x00,0x00,0x00,0x00,0x00,0x00,0x02,0x00,
0x00,0x00,0x04,0x00,0x00,0x00,0x08,0x00,0x00,0x00,0x00,0x00,0x00,0x00,0x9a,0x02,
0x00,0x00,0x00,0x00,0x00,0x00,0x02,0x00,0x00,0x00,0x04,0x00,0x00,0x00,0x0c,0x00,
0x00,0x00,0x00,0x00,0x00,0x00,0xe4,0x02,0x00,0x00,0x00,0x00,0x00,0x00,0x02,0x00,
0x00,0x00,0x04,0x00,0x00,0x00,0xfc,0xff,0xff,0xff,0xff,0xff,0xff,0xff,0xfe,0x02,
0x00,0x00,0x00,0x00,0x00,0x00,0x02,0x00,0x00,0x00,0x04,0x00,0x00,0x00,0x08,0x00,
0x00,0x00,0x00,0x00,0x00,0x00,0x48,0x03,0x00,0x00,0x00,0x00,0x00,0x00,0x02,0x00,
0x00,0x00,0x04,0x00,0x00,0x00,0xfc,0xff,0xff,0xff,0xff,0xff,0xff,0xff,0x62,0x03,
0x00,0x00,0x00,0x00,0x00,0x00,0x02,0x00,0x00,0x00,0x04,0x00,0x00,0x00,0x08,0x00,
0x00,0x00,0x00,0x00,0x00,0x00,0xfe,0x03,0x00,0x00,0x00,0x00,0x00,0x00,0x02,0x00,
0x00,0x00,0x04,0x00,0x00,0x00,0xfc,0xff,0xff,0xff,0xff,0xff,0xff,0xff,0x3f,0x04,
0x00,0x00,0x00,0x00,0x00,0x00,0x02,0x00,0x00,0x00,0x04,0x00,0x00,0x00,0x04,0x00,
0x00,0x00,0x00,0x00,0x00,0x00,0x4e,0x04,0x00,0x00,0x00,0x00,0x00,0x00,0x02,0x00,
0x00,0x00,0x04,0x00,0x00,0x00,0x08,0x00,0x00,0x00,0x00,0x00,0x00,0x00,0x84,0x04,
0x00,0x00,0x00,0x00,0x00,0x00,0x02,0x00,0x00,0x00,0x04,0x00,0x00,0x00,0x0c,0x00,
0x00,0x00,0x00,0x00,0x00,0x00,0xc3,0x04,0x00,0x00,0x00,0x00,0x00,0x00,0x02,0x00,
0x00,0x00,0x04,0x00,0x00,0x00,0xfc,0xff,0xff,0xff,0xff,0xff,0xff,0xff,0x04,0x05,
0x00,0x00,0x00,0x00,0x00,0x00,0x02,0x00,0x00,0x00,0x04,0x00,0x00,0x00,0x04,0x00,
0x00,0x00,0x00,0x00,0x00,0x00,0x13,0x05,0x00,0x00,0x00,0x00,0x00,0x00,0x02,0x00,
0x00,0x00,0x04,0x00,0x00,0x00,0x08,0x00,0x00,0x00,0x00,0x00,0x00,0x00,0x49,0x05,
0x00,0x00,0x00,0x00,0x00,0x00,0x02,0x00,0x00,0x00,0x04,0x00,0x00,0x00,0x0c,0x00,
0x00,0x00,0x00,0x00,0x00,0x00,0x93,0x05,0x00,0x00,0x00,0x00,0x00,0x00,0x02,0x00,
0x00,0x00,0x04,0x00,0x00,0x00,0xfc,0xff,0xff,0xff,0xff,0xff,0xff,0xff,0xad,0x05,
0x00,0x00,0x00,0x00,0x00,0x00,0x02,0x00,0x00,0x00,0x04,0x00,0x00,0x00,0x08,0x00,
0x00,0x00,0x00,0x00,0x00,0x00,0xf7,0x05,0x00,0x00,0x00,0x00,0x00,0x00,0x02,0x00,
0x00,0x00,0x04,0x00,0x00,0x00,0xfc,0xff,0xff,0xff,0xff,0xff,0xff,0xff,0x11,0x06,
0x00,0x00,0x00,0x00,0x00,0x00,0x02,0x00,0x00,0x00,0x04,0x00,0x00,0x00,0x08,0x00,
0x00,0x00,0x00,0x00,0x00,0x00,0x14,0x07,0x00,0x00,0x00,0x00,0x00,0x00,0x02,0x00,
0x00,0x00,0x04,0x00,0x00,0x00,0xfc,0xff,0xff,0xff,0xff,0xff,0xff,0xff,0x2e,0x07,
0x00,0x00,0x00,0x00,0x00,0x00,0x02,0x00,0x00,0x00,0x04,0x00,0x00,0x00,0x08,0x00,
0x00,0x00,0x00,0x00,0x00,0x00,0x78,0x07,0x00,0x00,0x00,0x00,0x00,0x00,0x02,0x00,
0x00,0x00,0x04,0x00,0x00,0x00,0xfc,0xff,0xff,0xff,0xff,0xff,0xff,0xff,0x92,0x07,
0x00,0x00,0x00,0x00,0x00,0x00,0x02,0x00,0x00,0x00,0x04,0x00,0x00,0x00,0x08,0x00,
0x00,0x00,0x00,0x00,0x00,0x00,0xdc,0x07,0x00,0x00,0x00,0x00,0x00,0x00,0x02,0x00,
0x00,0x00,0x04,0x00,0x00,0x00,0xfc,0xff,0xff,0xff,0xff,0xff,0xff,0xff,0xf6,0x07,
0x00,0x00,0x00,0x00,0x00,0x00,0x02,0x00,0x00,0x00,0x04,0x00,0x00,0x00,0x08,0x00,
0x00,0x00,0x00,0x00,0x00,0x00,0x40,0x08,0x00,0x00,0x00,0x00,0x00,0x00,0x02,0x00,
0x00,0x00,0x04,0x00,0x00,0x00,0xfc,0xff,0xff,0xff,0xff,0xff,0xff,0xff,0x5a,0x08,
0x00,0x00,0x00,0x00,0x00,0x00,0x02,0x00,0x00,0x00,0x04,0x00,0x00,0x00,0x08,0x00,
0x00,0x00,0x00,0x00,0x00,0x00,0x1e,0x0a,0x00,0x00,0x00,0x00,0x00,0x00,0x02,0x00,
0x00,0x00,0x04,0x00,0x00,0x00,0xfc,0xff,0xff,0xff,0xff,0xff,0xff,0xff,0x63,0x0a,
0x00,0x00,0x00,0x00,0x00,0x00,0x02,0x00,0x00,0x00,0x04,0x00,0x00,0x00,0x14,0x00,
0x00,0x00,0x00,0x00,0x00,0x00,0x72,0x0a,0x00,0x00,0x00,0x00,0x00,0x00,0x02,0x00,
0x00,0x00,0x04,0x00,0x00,0x00,0x1c,0x00,0x00,0x00,0x00,0x00,0x00,0x00,0xab,0x0a,
0x00,0x00,0x00,0x00,0x00,0x00,0x02,0x00,0x00,0x00,0x04,0x00,0x00,0x00,0xfc,0xff,
0xff,0xff,0xff,0xff,0xff,0xff,0xe4,0x0a,0x00,0x00,0x00,0x00,0x00,0x00,0x02,0x00,
0x00,0x00,0x04,0x00,0x00,0x00,0xfc,0xff,0xff,0xff,0xff,0xff,0xff,0xff,0x29,0x0b,
0x00,0x00,0x00,0x00,0x00,0x00,0x02,0x00,0x00,0x00,0x04,0x00,0x00,0x00,0x14,0x00,
0x00,0x00,0x00,0x00,0x00,0x00,0x38,0x0b,0x00,0x00,0x00,0x00,0x00,0x00,0x02,0x00,
0x00,0x00,0x04,0x00,0x00,0x00,0x1c,0x00,0x00,0x00,0x00,0x00,0x00,0x00,0x71,0x0b,
0x00,0x00,0x00,0x00,0x00,0x00,0x02,0x00,0x00,0x00,0x04,0x00,0x00,0x00,0xfc,0xff,
0xff,0xff,0xff,0xff,0xff,0xff,0xb6,0x0b,0x00,0x00,0x00,0x00,0x00,0x00,0x02,0x00,
0x00,0x00,0x04,0x00,0x00,0x00,0xfc,0xff,0xff,0xff,0xff,0xff,0xff,0xff,0xd1,0x0b,
0x00,0x00,0x00,0x00,0x00,0x00,0x02,0x00,0x00,0x00,0x04,0x00,0x00,0x00,0x1c,0x00,
0x00,0x00,0x00,0x00,0x00,0x00,0x16,0x0c,0x00,0x00,0x00,0x00,0x00,0x00,0x02,0x00,
0x00,0x00,0x04,0x00,0x00,0x00,0xfc,0xff,0xff,0xff,0xff,0xff,0xff,0xff,0x31,0x0c,
0x00,0x00,0x00,0x00,0x00,0x00,0x02,0x00,0x00,0x00,0x04,0x00,0x00,0x00,0x1c,0x00,
0x00,0x00,0x00,0x00,0x00,0x00,0xcd,0x0c,0x00,0x00,0x00,0x00,0x00,0x00,0x02,0x00,
0x00,0x00,0x04,0x00,0x00,0x00,0xfc,0xff,0xff,0xff,0xff,0xff,0xff,0xff,0x12,0x0d,
0x00,0x00,0x00,0x00,0x00,0x00,0x02,0x00,0x00,0x00,0x04,0x00,0x00,0x00,0x14,0x00,
0x00,0x00,0x00,0x00,0x00,0x00,0x21,0x0d,0x00,0x00,0x00,0x00,0x00,0x00,0x02,0x00,
0x00,0x00,0x04,0x00,0x00,0x00,0x1c,0x00,0x00,0x00,0x00,0x00,0x00,0x00,0x5a,0x0d,
0x00,0x00,0x00,0x00,0x00,0x00,0x02,0x00,0x00,0x00,0x04,0x00,0x00,0x00,0xfc,0xff,
0xff,0xff,0xff,0xff,0xff,0xff,0x93,0x0d,0x00,0x00,0x00,0x00,0x00,0x00,0x02,0x00,
0x00,0x00,0x04,0x00,0x00,0x00,0xfc,0xff,0xff,0xff,0xff,0xff,0xff,0xff,0xd8,0x0d,
0x00,0x00,0x00,0x00,0x00,0x00,0x02,0x00,0x00,0x00,0x04,0x00,0x00,0x00,0x14,0x00,
0x00,0x00,0x00,0x00,0x00,0x00,0xe7,0x0d,0x00,0x00,0x00,0x00,0x00,0x00,0x02,0x00,
0x00,0x00,0x04,0x00,0x00,0x00,0x1c,0x00,0x00,0x00,0x00,0x00,0x00,0x00,0x20,0x0e,
0x00,0x00,0x00,0x00,0x00,0x00,0x02,0x00,0x00,0x00,0x04,0x00,0x00,0x00,0xfc,0xff,
0xff,0xff,0xff,0xff,0xff,0xff,0x65,0x0e,0x00,0x00,0x00,0x00,0x00,0x00,0x02,0x00,
0x00,0x00,0x04,0x00,0x00,0x00,0xfc,0xff,0xff,0xff,0xff,0xff,0xff,0xff,0x80,0x0e,
0x00,0x00,0x00,0x00,0x00,0x00,0x02,0x00,0x00,0x00,0x04,0x00,0x00,0x00,0x1c,0x00,
0x00,0x00,0x00,0x00,0x00,0x00,0xc5,0x0e,0x00,0x00,0x00,0x00,0x00,0x00,0x02,0x00,
0x00,0x00,0x04,0x00,0x00,0x00,0xfc,0xff,0xff,0xff,0xff,0xff,0xff,0xff,0xe0,0x0e,
0x00,0x00,0x00,0x00,0x00,0x00,0x02,0x00,0x00,0x00,0x04,0x00,0x00,0x00,0x1c,0x00,
0x00,0x00,0x00,0x00,0x00,0x00,0xee,0x0f,0x00,0x00,0x00,0x00,0x00,0x00,0x02,0x00,
0x00,0x00,0x04,0x00,0x00,0x00,0xfc,0xff,0xff,0xff,0xff,0xff,0xff,0xff,0x09,0x10,
0x00,0x00,0x00,0x00,0x00,0x00,0x02,0x00,0x00,0x00,0x04,0x00,0x00,0x00,0x1c,0x00,
0x00,0x00,0x00,0x00,0x00,0x00,0x4e,0x10,0x00,0x00,0x00,0x00,0x00,0x00,0x02,0x00,
0x00,0x00,0x04,0x00,0x00,0x00,0xfc,0xff,0xff,0xff,0xff,0xff,0xff,0xff,0x69,0x10,
0x00,0x00,0x00,0x00,0x00,0x00,0x02,0x00,0x00,0x00,0x04,0x00,0x00,0x00,0x1c,0x00,
0x00,0x00,0x00,0x00,0x00,0x00,0xae,0x10,0x00,0x00,0x00,0x00,0x00,0x00,0x02,0x00,
0x00,0x00,0x04,0x00,0x00,0x00,0xfc,0xff,0xff,0xff,0xff,0xff,0xff,0xff,0xc9,0x10,
0x00,0x00,0x00,0x00,0x00,0x00,0x02,0x00,0x00,0x00,0x04,0x00,0x00,0x00,0x1c,0x00,
0x00,0x00,0x00,0x00,0x00,0x00,0x0e,0x11,0x00,0x00,0x00,0x00,0x00,0x00,0x02,0x00,
0x00,0x00,0x04,0x00,0x00,0x00,0xfc,0xff,0xff,0xff,0xff,0xff,0xff,0xff,0x29,0x11,
0x00,0x00,0x00,0x00,0x00,0x00,0x02,0x00,0x00,0x00,0x04,0x00,0x00,0x00,0x1c,0x00,
0x00,0x00,0x00,0x00,0x00,0x00,0x39,0x19,0x00,0x00,0x00,0x00,0x00,0x00,0x02,0x00,
0x00,0x00,0x04,0x00,0x00,0x00,0xfc,0xff,0xff,0xff,0xff,0xff,0xff,0xff,0x58,0x19,
0x00,0x00,0x00,0x00,0x00,0x00,0x02,0x00,0x00,0x00,0x04,0x00,0x00,0x00,0x2c,0x00,
0x00,0x00,0x00,0x00,0x00,0x00,0x91,0x19,0x00,0x00,0x00,0x00,0x00,0x00,0x02,0x00,
0x00,0x00,0x04,0x00,0x00,0x00,0xfc,0xff,0xff,0xff,0xff,0xff,0xff,0xff,0xb0,0x19,
0x00,0x00,0x00,0x00,0x00,0x00,0x02,0x00,0x00,0x00,0x04,0x00,0x00,0x00,0x2c,0x00,
0x00,0x00,0x00,0x00,0x00,0x00,0x2f,0x1b,0x00,0x00,0x00,0x00,0x00,0x00,0x02,0x00,
0x00,0x00,0x04,0x00,0x00,0x00,0xfc,0xff,0xff,0xff,0xff,0xff,0xff,0xff,0x78,0x1b,
0x00,0x00,0x00,0x00,0x00,0x00,0x02,0x00,0x00,0x00,0x04,0x00,0x00,0x00,0xfc,0xff,
0xff,0xff,0xff,0xff,0xff,0xff,0x9f,0x1b,0x00,0x00,0x00,0x00,0x00,0x00,0x02,0x00,
0x00,0x00,0x04,0x00,0x00,0x00,0x2c,0x00,0x00,0x00,0x00,0x00,0x00,0x00,0xda,0x1b,
0x00,0x00,0x00,0x00,0x00,0x00,0x02,0x00,0x00,0x00,0x04,0x00,0x00,0x00,0xfc,0xff,
0xff,0xff,0xff,0xff,0xff,0xff,0xf9,0x1b,0x00,0x00,0x00,0x00,0x00,0x00,0x02,0x00,
0x00,0x00,0x04,0x00,0x00,0x00,0x2c,0x00,0x00,0x00,0x00,0x00,0x00,0x00,0x44,0x1c,
0x00,0x00,0x00,0x00,0x00,0x00,0x02,0x00,0x00,0x00,0x04,0x00,0x00,0x00,0xfc,0xff,
0xff,0xff,0xff,0xff,0xff,0xff,0x8d,0x1c,0x00,0x00,0x00,0x00,0x00,0x00,0x02,0x00,
0x00,0x00,0x04,0x00,0x00,0x00,0xfc,0xff,0xff,0xff,0xff,0xff,0xff,0xff,0xb4,0x1c,
0x00,0x00,0x00,0x00,0x00,0x00,0x02,0x00,0x00,0x00,0x04,0x00,0x00,0x00,0x2c,0x00,
0x00,0x00,0x00,0x00,0x00,0x00,0xef,0x1c,0x00,0x00,0x00,0x00,0x00,0x00,0x02,0x00,
0x00,0x00,0x04,0x00,0x00,0x00,0xfc,0xff,0xff,0xff,0xff,0xff,0xff,0xff,0x0e,0x1d,
0x00,0x00,0x00,0x00,0x00,0x00,0x02,0x00,0x00,0x00,0x04,0x00,0x00,0x00,0x2c,0x00,
0x00,0x00,0x00,0x00,0x00,0x00,0xf4,0x1d,0x00,0x00,0x00,0x00,0x00,0x00,0x02,0x00,
0x00,0x00,0x04,0x00,0x00,0x00,0xfc,0xff,0xff,0xff,0xff,0xff,0xff,0xff,0x35,0x1e,
0x00,0x00,0x00,0x00,0x00,0x00,0x02,0x00,0x00,0x00,0x04,0x00,0x00,0x00,0x04,0x00,
0x00,0x00,0x00,0x00,0x00,0x00,0x44,0x1e,0x00,0x00,0x00,0x00,0x00,0x00,0x02,0x00,
0x00,0x00,0x04,0x00,0x00,0x00,0x08,0x00,0x00,0x00,0x00,0x00,0x00,0x00,0x7a,0x1e,
0x00,0x00,0x00,0x00,0x00,0x00,0x02,0x00,0x00,0x00,0x04,0x00,0x00,0x00,0x0c,0x00,
0x00,0x00,0x00,0x00,0x00,0x00,0xb9,0x1e,0x00,0x00,0x00,0x00,0x00,0x00,0x02,0x00,
0x00,0x00,0x04,0x00,0x00,0x00,0xfc,0xff,0xff,0xff,0xff,0xff,0xff,0xff,0xfa,0x1e,
0x00,0x00,0x00,0x00,0x00,0x00,0x02,0x00,0x00,0x00,0x04,0x00,0x00,0x00,0x04,0x00,
0x00,0x00,0x00,0x00,0x00,0x00,0x09,0x1f,0x00,0x00,0x00,0x00,0x00,0x00,0x02,0x00,
0x00,0x00,0x04,0x00,0x00,0x00,0x08,0x00,0x00,0x00,0x00,0x00,0x00,0x00,0x3f,0x1f,
0x00,0x00,0x00,0x00,0x00,0x00,0x02,0x00,0x00,0x00,0x04,0x00,0x00,0x00,0x0c,0x00,
0x00,0x00,0x00,0x00,0x00,0x00,0x70,0x20,0x00,0x00,0x00,0x00,0x00,0x00,0x02,0x00,
0x00,0x00,0x04,0x00,0x00,0x00,0xfc,0xff,0xff,0xff,0xff,0xff,0xff,0xff,0xb1,0x20,
0x00,0x00,0x00,0x00,0x00,0x00,0x02,0x00,0x00,0x00,0x04,0x00,0x00,0x00,0x04,0x00,
0x00,0x00,0x00,0x00,0x00,0x00,0xc0,0x20,0x00,0x00,0x00,0x00,0x00,0x00,0x02,0x00,
0x00,0x00,0x04,0x00,0x00,0x00,0x08,0x00,0x00,0x00,0x00,0x00,0x00,0x00,0xf6,0x20,
0x00,0x00,0x00,0x00,0x00,0x00,0x02,0x00,0x00,0x00,0x04,0x00,0x00,0x00,0x0c,0x00,
0x00,0x00,0x00,0x00,0x00,0x00,0x35,0x21,0x00,0x00,0x00,0x00,0x00,0x00,0x02,0x00,
0x00,0x00,0x04,0x00,0x00,0x00,0xfc,0xff,0xff,0xff,0xff,0xff,0xff,0xff,0x76,0x21,
0x00,0x00,0x00,0x00,0x00,0x00,0x02,0x00,0x00,0x00,0x04,0x00,0x00,0x00,0x04,0x00,
0x00,0x00,0x00,0x00,0x00,0x00,0x85,0x21,0x00,0x00,0x00,0x00,0x00,0x00,0x02,0x00,
0x00,0x00,0x04,0x00,0x00,0x00,0x08,0x00,0x00,0x00,0x00,0x00,0x00,0x00,0xbb,0x21,
0x00,0x00,0x00,0x00,0x00,0x00,0x02,0x00,0x00,0x00,0x04,0x00,0x00,0x00,0x0c,0x00,
0x00,0x00,0x00,0x00,0x00,0x00,0x8b,0x22,0x00,0x00,0x00,0x00,0x00,0x00,0x02,0x00,
0x00,0x00,0x04,0x00,0x00,0x00,0xfc,0xff,0xff,0xff,0xff,0xff,0xff,0xff,0xab,0x22,
0x00,0x00,0x00,0x00,0x00,0x00,0x02,0x00,0x00,0x00,0x04,0x00,0x00,0x00,0x3c,0x00,
0x00,0x00,0x00,0x00,0x00,0x00,0xdf,0x22,0x00,0x00,0x00,0x00,0x00,0x00,0x02,0x00,
0x00,0x00,0x04,0x00,0x00,0x00,0xfc,0xff,0xff,0xff,0xff,0xff,0xff,0xff,0xff,0x22,
0x00,0x00,0x00,0x00,0x00,0x00,0x02,0x00,0x00,0x00,0x04,0x00,0x00,0x00,0x3c,0x00,
0x00,0x00,0x00,0x00,0x00,0x00,0x83,0x24,0x00,0x00,0x00,0x00,0x00,0x00,0x02,0x00,
0x00,0x00,0x04,0x00,0x00,0x00,0xfc,0xff,0xff,0xff,0xff,0xff,0xff,0xff,0xc7,0x24,
0x00,0x00,0x00,0x00,0x00,0x00,0x02,0x00,0x00,0x00,0x04,0x00,0x00,0x00,0xfc,0xff,
0xff,0xff,0xff,0xff,0xff,0xff,0xef,0x24,0x00,0x00,0x00,0x00,0x00,0x00,0x02,0x00,
0x00,0x00,0x04,0x00,0x00,0x00,0x3c,0x00,0x00,0x00,0x00,0x00,0x00,0x00,0x25,0x25,
0x00,0x00,0x00,0x00,0x00,0x00,0x02,0x00,0x00,0x00,0x04,0x00,0x00,0x00,0xfc,0xff,
0xff,0xff,0xff,0xff,0xff,0xff,0x45,0x25,0x00,0x00,0x00,0x00,0x00,0x00,0x02,0x00,
0x00,0x00,0x04,0x00,0x00,0x00,0x3c,0x00,0x00,0x00,0x00,0x00,0x00,0x00,0x8b,0x25,
0x00,0x00,0x00,0x00,0x00,0x00,0x02,0x00,0x00,0x00,0x04,0x00,0x00,0x00,0xfc,0xff,
0xff,0xff,0xff,0xff,0xff,0xff,0xcf,0x25,0x00,0x00,0x00,0x00,0x00,0x00,0x02,0x00,
0x00,0x00,0x04,0x00,0x00,0x00,0xfc,0xff,0xff,0xff,0xff,0xff,0xff,0xff,0xf7,0x25,
0x00,0x00,0x00,0x00,0x00,0x00,0x02,0x00,0x00,0x00,0x04,0x00,0x00,0x00,0x3c,0x00,
0x00,0x00,0x00,0x00,0x00,0x00,0x2d,0x26,0x00,0x00,0x00,0x00,0x00,0x00,0x02,0x00,
0x00,0x00,0x04,0x00,0x00,0x00,0xfc,0xff,0xff,0xff,0xff,0xff,0xff,0xff,0x4d,0x26,
0x00,0x00,0x00,0x00,0x00,0x00,0x02,0x00,0x00,0x00,0x04,0x00,0x00,0x00,0x3c,0x00,
0x00,0x00,0x00,0x00,0x00,0x00,0x38,0x27,0x00,0x00,0x00,0x00,0x00,0x00,0x02,0x00,
0x00,0x00,0x04,0x00,0x00,0x00,0xfc,0xff,0xff,0xff,0xff,0xff,0xff,0xff,0x7d,0x27,
0x00,0x00,0x00,0x00,0x00,0x00,0x02,0x00,0x00,0x00,0x04,0x00,0x00,0x00,0x14,0x00,
0x00,0x00,0x00,0x00,0x00,0x00,0x8c,0x27,0x00,0x00,0x00,0x00,0x00,0x00,0x02,0x00,
0x00,0x00,0x04,0x00,0x00,0x00,0x1c,0x00,0x00,0x00,0x00,0x00,0x00,0x00,0xc5,0x27,
0x00,0x00,0x00,0x00,0x00,0x00,0x02,0x00,0x00,0x00,0x04,0x00,0x00,0x00,0xfc,0xff,
0xff,0xff,0xff,0xff,0xff,0xff,0xfe,0x27,0x00,0x00,0x00,0x00,0x00,0x00,0x02,0x00,
0x00,0x00,0x04,0x00,0x00,0x00,0xfc,0xff,0xff,0xff,0xff,0xff,0xff,0xff,0x43,0x28,
0x00,0x00,0x00,0x00,0x00,0x00,0x02,0x00,0x00,0x00,0x04,0x00,0x00,0x00,0x14,0x00,
0x00,0x00,0x00,0x00,0x00,0x00,0x52,0x28,0x00,0x00,0x00,0x00,0x00,0x00,0x02,0x00,
0x00,0x00,0x04,0x00,0x00,0x00,0x1c,0x00,0x00,0x00,0x00,0x00,0x00,0x00,0x8b,0x28,
0x00,0x00,0x00,0x00,0x00,0x00,0x02,0x00,0x00,0x00,0x04,0x00,0x00,0x00,0xfc,0xff,
0xff,0xff,0xff,0xff,0xff,0xff,0xc1,0x29,0x00,0x00,0x00,0x00,0x00,0x00,0x02,0x00,
0x00,0x00,0x04,0x00,0x00,0x00,0xfc,0xff,0xff,0xff,0xff,0xff,0xff,0xff,0x06,0x2a,
0x00,0x00,0x00,0x00,0x00,0x00,0x02,0x00,0x00,0x00,0x04,0x00,0x00,0x00,0x14,0x00,
0x00,0x00,0x00,0x00,0x00,0x00,0x15,0x2a,0x00,0x00,0x00,0x00,0x00,0x00,0x02,0x00,
0x00,0x00,0x04,0x00,0x00,0x00,0x1c,0x00,0x00,0x00,0x00,0x00,0x00,0x00,0x4e,0x2a,
0x00,0x00,0x00,0x00,0x00,0x00,0x02,0x00,0x00,0x00,0x04,0x00,0x00,0x00,0xfc,0xff,
0xff,0xff,0xff,0xff,0xff,0xff,0x87,0x2a,0x00,0x00,0x00,0x00,0x00,0x00,0x02,0x00,
0x00,0x00,0x04,0x00,0x00,0x00,0xfc,0xff,0xff,0xff,0xff,0xff,0xff,0xff,0xcc,0x2a,
0x00,0x00,0x00,0x00,0x00,0x00,0x02,0x00,0x00,0x00,0x04,0x00,0x00,0x00,0x14,0x00,
0x00,0x00,0x00,0x00,0x00,0x00,0xdb,0x2a,0x00,0x00,0x00,0x00,0x00,0x00,0x02,0x00,
0x00,0x00,0x04,0x00,0x00,0x00,0x1c,0x00,0x00,0x00,0x00,0x00,0x00,0x00,0x14,0x2b,
0x00,0x00,0x00,0x00,0x00,0x00,0x02,0x00,0x00,0x00,0x04,0x00,0x00,0x00,0xfc,0xff,
0xff,0xff,0xff,0xff,0xff,0xff,0x20,0x00,0x00,0x00,0x00,0x00,0x00,0x00,0x02,0x00,
0x00,0x00,0x02,0x00,0x00,0x00,0x00,0x00,0x00,0x00,0x00,0x00,0x00,0x00,0x40,0x00,
0x00,0x00,0x00,0x00,0x00,0x00,0x02,0x00,0x00,0x00,0x02,0x00,0x00,0x00,0x1d,0x00,
0x00,0x00,0x00,0x00,0x00,0x00,0x60,0x00,0x00,0x00,0x00,0x00,0x00,0x00,0x02,0x00,
0x00,0x00,0x02,0x00,0x00,0x00,0xea,0x08,0x00,0x00,0x00,0x00,0x00,0x00,0x80,0x00,
0x00,0x00,0x00,0x00,0x00,0x00,0x02,0x00,0x00,0x00,0x02,0x00,0x00,0x00,0xba,0x11,
0x00,0x00,0x00,0x00,0x00,0x00,0xa0,0x00,0x00,0x00,0x00,0x00,0x00,0x00,0x02,0x00,
0x00,0x00,0x02,0x00,0x00,0x00,0xea,0x18,0x00,0x00,0x00,0x00,0x00,0x00,0xc0,0x00,
0x00,0x00,0x00,0x00,0x00,0x00,0x02,0x00,0x00,0x00,0x02,0x00,0x00,0x00,0x42,0x22,
0x00,0x00,0x00,0x00,0x00,0x00,0xe0,0x00,0x00,0x00,0x00,0x00,0x00,0x00,0x02,0x00,
0x00,0x00,0x02,0x00,0x00,0x00,0x9e,0x2b,0x00,0x00,0x00,0x00,0x00,0x00,0x00,0x01,
0x00,0x00,0x00,0x00,0x00,0x00,0x02,0x00,0x00,0x00,0x02,0x00,0x00,0x00,0xfa,0x32,
0x00,0x00,0x00,0x00,0x00,0x00,0x20,0x01,0x00,0x00,0x00,0x00,0x00,0x00,0x02,0x00,
0x00,0x00,0x02,0x00,0x00,0x00,0x0d,0x34,0x00,0x00,0x00,0x00,0x00,0x00,0x00,0x2e,
0x73,0x79,0x6d,0x74,0x61,0x62,0x00,0x2e,0x73,0x74,0x72,0x74,0x61,0x62,0x00,0x2e,
0x73,0x68,0x73,0x74,0x72,0x74,0x61,0x62,0x00,0x2e,0x72,0x65,0x6c,0x61,0x2e,0x74,
0x65,0x78,0x74,0x00,0x2e,0x64,0x61,0x74,0x61,0x00,0x2e,0x62,0x73,0x73,0x00,0x2e,
0x72,0x6f,0x64,0x61,0x74,0x61,0x00,0x2e,0x63,0x6f,0x6d,0x6d,0x65,0x6e,0x74,0x00,
0x2e,0x6e,0x6f,0x74,0x65,0x2e,0x47,0x4e,0x55,0x2d,0x73,0x74,0x61,0x63,0x6b,0x00,
0x2e,0x6e,0x6f,0x74,0x65,0x2e,0x67,0x6e,0x75,0x2e,0x70,0x72,0x6f,0x70,0x65,0x72,
0x74,0x79,0x00,0x2e,0x72,0x65,0x6c,0x61,0x2e,0x65,0x68,0x5f,0x66,0x72,0x61,0x6d,
0x65,0x00,0x00,0x00,0x00,0x00,0x00,0x00,0x00,0x00,0x00,0x00,0x00,0x00,0x00,0x00,
0x00,0x00,0x00,0x00,0x00,0x00,0x00,0x00,0x00,0x00,0x00,0x00,0x00,0x00,0x00,0x00,
0x00,0x00,0x00,0x00,0x00,0x00,0x00,0x00,0x00,0x00,0x00,0x00,0x00,0x00,0x00,0x00,
0x00,0x00,0x00,0x00,0x00,0x00,0x00,0x00,0x00,0x00,0x00,0x00,0x00,0x00,0x00,0x00,
0x00,0x00,0x00,0x00,0x00,0x00,0x20,0x00,0x00,0x00,0x01,0x00,0x00,0x00,0x06,0x00,
0x00,0x00,0x00,0x00,0x00,0x00,0x00,0x00,0x00,0x00,0x00,0x00,0x00,0x00,0x40,0x00,
0x00,0x00,0x00,0x00,0x00,0x00,0x1b,0x35,0x00,0x00,0x00,0x00,0x00,0x00,0x00,0x00,
0x00,0x00,0x00,0x00,0x00,0x00,0x01,0x00,0x00,0x00,0x00,0x00,0x00,0x00,0x00,0x00,
0x00,0x00,0x00,0x00,0x00,0x00,0x1b,0x00,0x00,0x00,0x04,0x00,0x00,0x00,0x40,0x00,
0x00,0x00,0x00,0x00,0x00,0x00,0x00,0x00,0x00,0x00,0x00,0x00,0x00,0x00,0x08,0x39,
0x00,0x00,0x00,0x00,0x00,0x00,0xa0,0x0b,0x00,0x00,0x00,0x00,0x00,0x00,0x0b,0x00,
0x00,0x00,0x01,0x00,0x00,0x00,0x08,0x00,0x00,0x00,0x00,0x00,0x00,0x00,0x18,0x00,
0x00,0x00,0x00,0x00,0x00,0x00,0x26,0x00,0x00,0x00,0x01,0x00,0x00,0x00,0x03,0x00,
0x00,0x00,0x00,0x00,0x00,0x00,0x00,0x00,0x00,0x00,0x00,0x00,0x00,0x00,0x5b,0x35,
0x00,0x00,0x00,0x00,0x00,0x00,0x00,0x00,0x00,0x00,0x00,0x00,0x00,0x00,0x00,0x00,
0x00,0x00,0x00,0x00,0x00,0x00,0x01,0x00,0x00,0x00,0x00,0x00,0x00,0x00,0x00,0x00,
0x00,0x00,0x00,0x00,0x00,0x00,0x2c,0x00,0x00,0x00,0x08,0x00,0x00,0x00,0x03,0x00,
0x00,0x00,0x00,0x00,0x00,0x00,0x00,0x00,0x00,0x00,0x00,0x00,0x00,0x00,0x5b,0x35,
0x00,0x00,0x00,0x00,0x00,0x00,0x00,0x00,0x00,0x00,0x00,0x00,0x00,0x00,0x00,0x00,
0x00,0x00,0x00,0x00,0x00,0x00,0x01,0x00,0x00,0x00,0x00,0x00,0x00,0x00,0x00,0x00,
0x00,0x00,0x00,0x00,0x00,0x00,0x31,0x00,0x00,0x00,0x01,0x00,0x00,0x00,0x02,0x00,
0x00,0x00,0x00,0x00,0x00,0x00,0x00,0x00,0x00,0x00,0x00,0x00,0x00,0x00,0x60,0x35,
0x00,0x00,0x00,0x00,0x00,0x00,0x50,0x00,0x00,0x00,0x00,0x00,0x00,0x00,0x00,0x00,
0x00,0x00,0x00,0x00,0x00,0x00,0x10,0x00,0x00,0x00,0x00,0x00,0x00,0x00,0x00,0x00,
0x00,0x00,0x00,0x00,0x00,0x00,0x39,0x00,0x00,0x00,0x01,0x00,0x00,0x00,0x30,0x00,
0x00,0x00,0x00,0x00,0x00,0x00,0x00,0x00,0x00,0x00,0x00,0x00,0x00,0x00,0xb0,0x35,
0x00,0x00,0x00,0x00,0x00,0x00,0x20,0x00,0x00,0x00,0x00,0x00,0x00,0x00,0x00,0x00,
0x00,0x00,0x00,0x00,0x00,0x00,0x01,0x00,0x00,0x00,0x00,0x00,0x00,0x00,0x01,0x00,
0x00,0x00,0x00,0x00,0x00,0x00,0x42,0x00,0x00,0x00,0x01,0x00,0x00,0x00,0x00,0x00,
0x00,0x00,0x00,0x00,0x00,0x00,0x00,0x00,0x00,0x00,0x00,0x00,0x00,0x00,0xd0,0x35,
0x00,0x00,0x00,0x00,0x00,0x00,0x00,0x00,0x00,0x00,0x00,0x00,0x00,0x00,0x00,0x00,
0x00,0x00,0x00,0x00,0x00,0x00,0x01,0x00,0x00,0x00,0x00,0x00,0x00,0x00,0x00,0x00,
0x00,0x00,0x00,0x00,0x00,0x00,0x52,0x00,0x00,0x00,0x07,0x00,0x00,0x00,0x02,0x00,
0x00,0x00,0x00,0x00,0x00,0x00,0x00,0x00,0x00,0x00,0x00,0x00,0x00,0x00,0xd0,0x35,
0x00,0x00,0x00,0x00,0x00,0x00,0x50,0x00,0x00,0x00,0x00,0x00,0x00,0x00,0x00,0x00,
0x00,0x00,0x00,0x00,0x00,0x00,0x08,0x00,0x00,0x00,0x00,0x00,0x00,0x00,0x00,0x00,
0x00,0x00,0x00,0x00,0x00,0x00,0x6a,0x00,0x00,0x00,0x01,0x00,0x00,0x00,0x02,0x00,
0x00,0x00,0x00,0x00,0x00,0x00,0x00,0x00,0x00,0x00,0x00,0x00,0x00,0x00,0x20,0x36,
0x00,0x00,0x00,0x00,0x00,0x00,0x38,0x01,0x00,0x00,0x00,0x00,0x00,0x00,0x00,0x00,
0x00,0x00,0x00,0x00,0x00,0x00,0x08,0x00,0x00,0x00,0x00,0x00,0x00,0x00,0x00,0x00,
0x00,0x00,0x00,0x00,0x00,0x00,0x65,0x00,0x00,0x00,0x04,0x00,0x00,0x00,0x40,0x00,
0x00,0x00,0x00,0x00,0x00,0x00,0x00,0x00,0x00,0x00,0x00,0x00,0x00,0x00,0xa8,0x44,
0x00,0x00,0x00,0x00,0x00,0x00,0xd8,0x00,0x00,0x00,0x00,0x00,0x00,0x00,0x0b,0x00,
0x00,0x00,0x09,0x00,0x00,0x00,0x08,0x00,0x00,0x00,0x00,0x00,0x00,0x00,0x18,0x00,
0x00,0x00,0x00,0x00,0x00,0x00,0x01,0x00,0x00,0x00,0x02,0x00,0x00,0x00,0x00,0x00,
0x00,0x00,0x00,0x00,0x00,0x00,0x00,0x00,0x00,0x00,0x00,0x00,0x00,0x00,0x58,0x37,
0x00,0x00,0x00,0x00,0x00,0x00,0x38,0x01,0x00,0x00,0x00,0x00,0x00,0x00,0x0c,0x00,
0x00,0x00,0x05,0x00,0x00,0x00,0x08,0x00,0x00,0x00,0x00,0x00,0x00,0x00,0x18,0x00,
0x00,0x00,0x00,0x00,0x00,0x00,0x09,0x00,0x00,0x00,0x03,0x00,0x00,0x00,0x00,0x00,
0x00,0x00,0x00,0x00,0x00,0x00,0x00,0x00,0x00,0x00,0x00,0x00,0x00,0x00,0x90,0x38,
0x00,0x00,0x00,0x00,0x00,0x00,0x76,0x00,0x00,0x00,0x00,0x00,0x00,0x00,0x00,0x00,
0x00,0x00,0x00,0x00,0x00,0x00,0x01,0x00,0x00,0x00,0x00,0x00,0x00,0x00,0x00,0x00,
0x00,0x00,0x00,0x00,0x00,0x00,0x11,0x00,0x00,0x00,0x03,0x00,0x00,0x00,0x00,0x00,
0x00,0x00,0x00,0x00,0x00,0x00,0x00,0x00,0x00,0x00,0x00,0x00,0x00,0x00,0x80,0x45,
0x00,0x00,0x00,0x00,0x00,0x00,0x74,0x00,0x00,0x00,0x00,0x00,0x00,0x00,0x00,0x00,
0x00,0x00,0x00,0x00,0x00,0x00,0x01,0x00,0x00,0x00,0x00,0x00,0x00,0x00,0x00,0x00,
0x00,0x00,0x00,0x00,0x00,0x00,0x63,0x6f,0x6d,0x70,0x6c,0x65,0x78,0x61,0x62,0x69,
0x2e,0x6f,0x2f,0x20,0x20,0x20,0x31,0x37,0x38,0x35,0x37,0x37,0x39,0x35,0x35,0x32,
0x20,0x20,0x31,0x30,0x30,0x30,0x20,0x20,0x31,0x30,0x30,0x30,0x20,0x20,0x31,0x30,
0x30,0x36,0x34,0x34,0x20,0x20,0x33,0x34,0x30,0x38,0x20,0x20,0x20,0x20,0x20,0x20,
0x60,0x0a,0x7f,0x45,0x4c,0x46,0x02,0x01,0x01,0x00,0x00,0x00,0x00,0x00,0x00,0x00,
0x00,0x00,0x01,0x00,0x3e,0x00,0x01,0x00,0x00,0x00,0x00,0x00,0x00,0x00,0x00,0x00,
0x00,0x00,0x00,0x00,0x00,0x00,0x00,0x00,0x00,0x00,0xd0,0x09,0x00,0x00,0x00,0x00,
0x00,0x00,0x00,0x00,0x00,0x00,0x40,0x00,0x00,0x00,0x00,0x00,0x40,0x00,0x0e,0x00,
0x0d,0x00,0xf3,0x0f,0x1e,0xfa,0x55,0x48,0x89,0xe5,0x48,0x83,0xec,0x40,0xf3,0x0f,
0x11,0x45,0xdc,0xf3,0x0f,0x11,0x4d,0xd8,0xf3,0x0f,0x11,0x55,0xd4,0xf3,0x0f,0x11,
0x5d,0xd0,0x64,0x48,0x8b,0x04,0x25,0x28,0x00,0x00,0x00,0x48,0x89,0x45,0xf8,0x31,
0xc0,0xf3,0x0f,0x10,0x55,0xd0,0xf3,0x0f,0x10,0x4d,0xd4,0xf3,0x0f,0x10,0x45,0xd8,
0x8b,0x55,0xdc,0x48,0x8d,0x45,0xf0,0x0f,0x28,0xda,0x0f,0x28,0xd1,0x0f,0x28,0xc8,
0x66,0x0f,0x6e,0xc2,0x48,0x89,0xc7,0xe8,0x00,0x00,0x00,0x00,0xf3,0x0f,0x10,0x45,
0xf0,0xf3,0x0f,0x11,0x45,0xe8,0xf3,0x0f,0x10,0x45,0xf4,0xf3,0x0f,0x11,0x45,0xec,
0xf3,0x0f,0x10,0x4d,0xe8,0xf3,0x0f,0x10,0x45,0xec,0xf3,0x0f,0x11,0x4d,0xc8,0xf3,
0x0f,0x11,0x45,0xcc,0x48,0x8b,0x45,0xc8,0x48,0x8b,0x55,0xf8,0x64,0x48,0x2b,0x14,
0x25,0x28,0x00,0x00,0x00,0x74,0x05,0xe8,0x00,0x00,0x00,0x00,0x66,0x48,0x0f,0x6e,
0xc0,0xc9,0xc3,0xf3,0x0f,0x1e,0xfa,0x55,0x48,0x89,0xe5,0x48,0x83,0xec,0x50,0xf2,
0x0f,0x11,0x45,0xc8,0xf2,0x0f,0x11,0x4d,0xc0,0xf2,0x0f,0x11,0x55,0xb8,0xf2,0x0f,
0x11,0x5d,0xb0,0x64,0x48,0x8b,0x04,0x25,0x28,0x00,0x00,0x00,0x48,0x89,0x45,0xf8,
0x31,0xc0,0xf2,0x0f,0x10,0x55,0xb0,0xf2,0x0f,0x10,0x4d,0xb8,0xf2,0x0f,0x10,0x45,
0xc0,0x48,0x8b,0x55,0xc8,0x48,0x8d,0x45,0xe0,0x66,0x0f,0x28,0xda,0x66,0x0f,0x28,
0xd1,0x66,0x0f,0x28,0xc8,0x66,0x48,0x0f,0x6e,0xc2,0x48,0x89,0xc7,0xe8,0x00,0x00,
0x00,0x00,0xf2,0x0f,0x10,0x45,0xe0,0xf2,0x0f,0x11,0x45,0xd0,0xf2,0x0f,0x10,0x45,
0xe8,0xf2,0x0f,0x11,0x45,0xd8,0xf2,0x0f,0x10,0x4d,0xd0,0xf2,0x0f,0x10,0x45,0xd8,
0x66,0x0f,0x28,0xd1,0x66,0x0f,0x28,0xc8,0x66,0x0f,0x28,0xc2,0x48,0x8b,0x45,0xf8,
0x64,0x48,0x2b,0x04,0x25,0x28,0x00,0x00,0x00,0x74,0x05,0xe8,0x00,0x00,0x00,0x00,
0xc9,0xc3,0xf3,0x0f,0x1e,0xfa,0x55,0x48,0x89,0xe5,0x48,0x83,0xec,0x40,0xf3,0x0f,
0x11,0x45,0xdc,0xf3,0x0f,0x11,0x4d,0xd8,0xf3,0x0f,0x11,0x55,0xd4,0xf3,0x0f,0x11,
0x5d,0xd0,0x64,0x48,0x8b,0x04,0x25,0x28,0x00,0x00,0x00,0x48,0x89,0x45,0xf8,0x31,
0xc0,0xf3,0x0f,0x10,0x55,0xd0,0xf3,0x0f,0x10,0x4d,0xd4,0xf3,0x0f,0x10,0x45,0xd8,
0x8b,0x55,0xdc,0x48,0x8d,0x45,0xf0,0x0f,0x28,0xda,0x0f,0x28,0xd1,0x0f,0x28,0xc8,
0x66,0x0f,0x6e,0xc2,0x48,0x89,0xc7,0xe8,0x00,0x00,0x00,0x00,0xf3,0x0f,0x10,0x45,
0xf0,0xf3,0x0f,0x11,0x45,0xe8,0xf3,0x0f,0x10,0x45,0xf4,0xf3,0x0f,0x11,0x45,0xec,
0xf3,0x0f,0x10,0x4d,0xe8,0xf3,0x0f,0x10,0x45,0xec,0xf3,0x0f,0x11,0x4d,0xc8,0xf3,
0x0f,0x11,0x45,0xcc,0x48,0x8b,0x45,0xc8,0x48,0x8b,0x55,0xf8,0x64,0x48,0x2b,0x14,
0x25,0x28,0x00,0x00,0x00,0x74,0x05,0xe8,0x00,0x00,0x00,0x00,0x66,0x48,0x0f,0x6e,
0xc0,0xc9,0xc3,0xf3,0x0f,0x1e,0xfa,0x55,0x48,0x89,0xe5,0x48,0x83,0xec,0x50,0xf2,
0x0f,0x11,0x45,0xc8,0xf2,0x0f,0x11,0x4d,0xc0,0xf2,0x0f,0x11,0x55,0xb8,0xf2,0x0f,
0x11,0x5d,0xb0,0x64,0x48,0x8b,0x04,0x25,0x28,0x00,0x00,0x00,0x48,0x89,0x45,0xf8,
0x31,0xc0,0xf2,0x0f,0x10,0x55,0xb0,0xf2,0x0f,0x10,0x4d,0xb8,0xf2,0x0f,0x10,0x45,
0xc0,0x48,0x8b,0x55,0xc8,0x48,0x8d,0x45,0xe0,0x66,0x0f,0x28,0xda,0x66,0x0f,0x28,
0xd1,0x66,0x0f,0x28,0xc8,0x66,0x48,0x0f,0x6e,0xc2,0x48,0x89,0xc7,0xe8,0x00,0x00,
0x00,0x00,0xf2,0x0f,0x10,0x45,0xe0,0xf2,0x0f,0x11,0x45,0xd0,0xf2,0x0f,0x10,0x45,
0xe8,0xf2,0x0f,0x11,0x45,0xd8,0xf2,0x0f,0x10,0x4d,0xd0,0xf2,0x0f,0x10,0x45,0xd8,
0x66,0x0f,0x28,0xd1,0x66,0x0f,0x28,0xc8,0x66,0x0f,0x28,0xc2,0x48,0x8b,0x45,0xf8,
0x64,0x48,0x2b,0x04,0x25,0x28,0x00,0x00,0x00,0x74,0x05,0xe8,0x00,0x00,0x00,0x00,
0xc9,0xc3,0xf3,0x0f,0x1e,0xfa,0x55,0x48,0x89,0xe5,0x48,0x83,0xec,0x50,0x64,0x48,
0x8b,0x04,0x25,0x28,0x00,0x00,0x00,0x48,0x89,0x45,0xf8,0x31,0xc0,0x48,0x8d,0x45,
0xd0,0xff,0x75,0x48,0xff,0x75,0x40,0xff,0x75,0x38,0xff,0x75,0x30,0xff,0x75,0x28,
0xff,0x75,0x20,0xff,0x75,0x18,0xff,0x75,0x10,0x48,0x89,0xc7,0xe8,0x00,0x00,0x00,
0x00,0x48,0x83,0xc4,0x40,0xdb,0x6d,0xd0,0xdb,0x7d,0xb0,0xdb,0x6d,0xe0,0xdb,0x7d,
0xc0,0xdb,0x6d,0xb0,0xdb,0x6d,0xc0,0x48,0x8b,0x45,0xf8,0x64,0x48,0x2b,0x04,0x25,
0x28,0x00,0x00,0x00,0x74,0x09,0xdd,0xd8,0xdd,0xd8,0xe8,0x00,0x00,0x00,0x00,0xd9,
0x05,0x00,0x00,0x00,0x00,0xd9,0x05,0x00,0x00,0x00,0x00,0xdd,0xd8,0xdd,0xd8,0xd9,
0xc9,0xc9,0xc3,0xf3,0x0f,0x1e,0xfa,0x55,0x48,0x89,0xe5,0x48,0x83,0xec,0x50,0x64,
0x48,0x8b,0x04,0x25,0x28,0x00,0x00,0x00,0x48,0x89,0x45,0xf8,0x31,0xc0,0x48,0x8d,
0x45,0xd0,0xff,0x75,0x48,0xff,0x75,0x40,0xff,0x75,0x38,0xff,0x75,0x30,0xff,0x75,
0x28,0xff,0x75,0x20,0xff,0x75,0x18,0xff,0x75,0x10,0x48,0x89,0xc7,0xe8,0x00,0x00,
0x00,0x00,0x48,0x83,0xc4,0x40,0xdb,0x6d,0xd0,0xdb,0x7d,0xb0,0xdb,0x6d,0xe0,0xdb,
0x7d,0xc0,0xdb,0x6d,0xb0,0xdb,0x6d,0xc0,0x48,0x8b,0x45,0xf8,0x64,0x48,0x2b,0x04,
0x25,0x28,0x00,0x00,0x00,0x74,0x09,0xdd,0xd8,0xdd,0xd8,0xe8,0x00,0x00,0x00,0x00,
0xd9,0x05,0x00,0x00,0x00,0x00,0xd9,0x05,0x00,0x00,0x00,0x00,0xdd,0xd8,0xdd,0xd8,
0xd9,0xc9,0xc9,0xc3,0x00,0x00,0x00,0x00,0xc0,0x7f,0x00,0x47,0x43,0x43,0x3a,0x20,
0x28,0x47,0x65,0x6e,0x74,0x6f,0x6f,0x20,0x31,0x35,0x2e,0x33,0x2e,0x30,0x20,0x70,
0x38,0x29,0x20,0x31,0x35,0x2e,0x33,0x2e,0x30,0x00,0x04,0x00,0x00,0x00,0x10,0x00,
0x00,0x00,0x05,0x00,0x00,0x00,0x47,0x4e,0x55,0x00,0x02,0x00,0x00,0xc0,0x04,0x00,
0x00,0x00,0x03,0x00,0x00,0x00,0x00,0x00,0x00,0x00,0x04,0x00,0x00,0x00,0x20,0x00,
0x00,0x00,0x05,0x00,0x00,0x00,0x47,0x4e,0x55,0x00,0x02,0x00,0x01,0xc0,0x04,0x00,
0x00,0x00,0x01,0x00,0x00,0x00,0x00,0x00,0x00,0x00,0x01,0x00,0x01,0xc0,0x04,0x00,
0x00,0x00,0x09,0x00,0x00,0x00,0x00,0x00,0x00,0x00,0x14,0x00,0x00,0x00,0x00,0x00,
0x00,0x00,0x01,0x7a,0x52,0x00,0x01,0x78,0x10,0x01,0x1b,0x0c,0x07,0x08,0x90,0x01,
0x00,0x00,0x1c,0x00,0x00,0x00,0x1c,0x00,0x00,0x00,0x00,0x00,0x00,0x00,0xa1,0x00,
0x00,0x00,0x00,0x45,0x0e,0x10,0x86,0x02,0x43,0x0d,0x06,0x02,0x98,0x0c,0x07,0x08,
0x00,0x00,0x1c,0x00,0x00,0x00,0x3c,0x00,0x00,0x00,0x00,0x00,0x00,0x00,0x9f,0x00,
0x00,0x00,0x00,0x45,0x0e,0x10,0x86,0x02,0x43,0x0d,0x06,0x02,0x96,0x0c,0x07,0x08,
0x00,0x00,0x1c,0x00,0x00,0x00,0x5c,0x00,0x00,0x00,0x00,0x00,0x00,0x00,0xa1,0x00,
0x00,0x00,0x00,0x45,0x0e,0x10,0x86,0x02,0x43,0x0d,0x06,0x02,0x98,0x0c,0x07,0x08,
0x00,0x00,0x1c,0x00,0x00,0x00,0x7c,0x00,0x00,0x00,0x00,0x00,0x00,0x00,0x9f,0x00,
0x00,0x00,0x00,0x45,0x0e,0x10,0x86,0x02,0x43,0x0d,0x06,0x02,0x96,0x0c,0x07,0x08,
0x00,0x00,0x1c,0x00,0x00,0x00,0x9c,0x00,0x00,0x00,0x00,0x00,0x00,0x00,0x81,0x00,
0x00,0x00,0x00,0x45,0x0e,0x10,0x86,0x02,0x43,0x0d,0x06,0x02,0x78,0x0c,0x07,0x08,
0x00,0x00,0x1c,0x00,0x00,0x00,0xbc,0x00,0x00,0x00,0x00,0x00,0x00,0x00,0x81,0x00,
0x00,0x00,0x00,0x45,0x0e,0x10,0x86,0x02,0x43,0x0d,0x06,0x02,0x78,0x0c,0x07,0x08,
0x00,0x00,0x00,0x00,0x00,0x00,0x00,0x00,0x00,0x00,0x00,0x00,0x00,0x00,0x00,0x00,
0x00,0x00,0x00,0x00,0x00,0x00,0x00,0x00,0x00,0x00,0x01,0x00,0x00,0x00,0x04,0x00,
0xf1,0xff,0x00,0x00,0x00,0x00,0x00,0x00,0x00,0x00,0x00,0x00,0x00,0x00,0x00,0x00,
0x00,0x00,0x00,0x00,0x00,0x00,0x03,0x00,0x01,0x00,0x00,0x00,0x00,0x00,0x00,0x00,
0x00,0x00,0x00,0x00,0x00,0x00,0x00,0x00,0x00,0x00,0x00,0x00,0x00,0x00,0x03,0x00,
0x05,0x00,0x00,0x00,0x00,0x00,0x00,0x00,0x00,0x00,0x00,0x00,0x00,0x00,0x00,0x00,
0x00,0x00,0x0e,0x00,0x00,0x00,0x12,0x00,0x01,0x00,0x00,0x00,0x00,0x00,0x00,0x00,
0x00,0x00,0xa1,0x00,0x00,0x00,0x00,0x00,0x00,0x00,0x17,0x00,0x00,0x00,0x10,0x00,
0x00,0x00,0x00,0x00,0x00,0x00,0x00,0x00,0x00,0x00,0x00,0x00,0x00,0x00,0x00,0x00,
0x00,0x00,0x23,0x00,0x00,0x00,0x10,0x00,0x00,0x00,0x00,0x00,0x00,0x00,0x00,0x00,
0x00,0x00,0x00,0x00,0x00,0x00,0x00,0x00,0x00,0x00,0x34,0x00,0x00,0x00,0x12,0x00,
0x01,0x00,0xa1,0x00,0x00,0x00,0x00,0x00,0x00,0x00,0x9f,0x00,0x00,0x00,0x00,0x00,
0x00,0x00,0x3d,0x00,0x00,0x00,0x10,0x00,0x00,0x00,0x00,0x00,0x00,0x00,0x00,0x00,
0x00,0x00,0x00,0x00,0x00,0x00,0x00,0x00,0x00,0x00,0x48,0x00,0x00,0x00,0x12,0x00,
0x01,0x00,0x40,0x01,0x00,0x00,0x00,0x00,0x00,0x00,0xa1,0x00,0x00,0x00,0x00,0x00,
0x00,0x00,0x51,0x00,0x00,0x00,0x10,0x00,0x00,0x00,0x00,0x00,0x00,0x00,0x00,0x00,
0x00,0x00,0x00,0x00,0x00,0x00,0x00,0x00,0x00,0x00,0x5d,0x00,0x00,0x00,0x12,0x00,
0x01,0x00,0xe1,0x01,0x00,0x00,0x00,0x00,0x00,0x00,0x9f,0x00,0x00,0x00,0x00,0x00,
0x00,0x00,0x66,0x00,0x00,0x00,0x10,0x00,0x00,0x00,0x00,0x00,0x00,0x00,0x00,0x00,
0x00,0x00,0x00,0x00,0x00,0x00,0x00,0x00,0x00,0x00,0x71,0x00,0x00,0x00,0x12,0x00,
0x01,0x00,0x80,0x02,0x00,0x00,0x00,0x00,0x00,0x00,0x81,0x00,0x00,0x00,0x00,0x00,
0x00,0x00,0x7a,0x00,0x00,0x00,0x10,0x00,0x00,0x00,0x00,0x00,0x00,0x00,0x00,0x00,
0x00,0x00,0x00,0x00,0x00,0x00,0x00,0x00,0x00,0x00,0x86,0x00,0x00,0x00,0x12,0x00,
0x01,0x00,0x01,0x03,0x00,0x00,0x00,0x00,0x00,0x00,0x81,0x00,0x00,0x00,0x00,0x00,
0x00,0x00,0x8f,0x00,0x00,0x00,0x10,0x00,0x00,0x00,0x00,0x00,0x00,0x00,0x00,0x00,
0x00,0x00,0x00,0x00,0x00,0x00,0x00,0x00,0x00,0x00,0x00,0x63,0x6f,0x6d,0x70,0x6c,
0x65,0x78,0x61,0x62,0x69,0x2e,0x63,0x00,0x5f,0x5f,0x6d,0x75,0x6c,0x73,0x63,0x33,
0x00,0x5f,0x5f,0x6d,0x63,0x63,0x5f,0x63,0x6d,0x75,0x6c,0x66,0x00,0x5f,0x5f,0x73,
0x74,0x61,0x63,0x6b,0x5f,0x63,0x68,0x6b,0x5f,0x66,0x61,0x69,0x6c,0x00,0x5f,0x5f,
0x6d,0x75,0x6c,0x64,0x63,0x33,0x00,0x5f,0x5f,0x6d,0x63,0x63,0x5f,0x63,0x6d,0x75,
0x6c,0x00,0x5f,0x5f,0x64,0x69,0x76,0x73,0x63,0x33,0x00,0x5f,0x5f,0x6d,0x63,0x63,
0x5f,0x63,0x64,0x69,0x76,0x66,0x00,0x5f,0x5f,0x64,0x69,0x76,0x64,0x63,0x33,0x00,
0x5f,0x5f,0x6d,0x63,0x63,0x5f,0x63,0x64,0x69,0x76,0x00,0x5f,0x5f,0x6d,0x75,0x6c,
0x78,0x63,0x33,0x00,0x5f,0x5f,0x6d,0x63,0x63,0x5f,0x63,0x6d,0x75,0x6c,0x6c,0x00,
0x5f,0x5f,0x64,0x69,0x76,0x78,0x63,0x33,0x00,0x5f,0x5f,0x6d,0x63,0x63,0x5f,0x63,
0x64,0x69,0x76,0x6c,0x00,0x00,0x00,0x00,0x00,0x00,0x56,0x00,0x00,0x00,0x00,0x00,
0x00,0x00,0x04,0x00,0x00,0x00,0x05,0x00,0x00,0x00,0xfc,0xff,0xff,0xff,0xff,0xff,
0xff,0xff,0x96,0x00,0x00,0x00,0x00,0x00,0x00,0x00,0x04,0x00,0x00,0x00,0x06,0x00,
0x00,0x00,0xfc,0xff,0xff,0xff,0xff,0xff,0xff,0xff,0xfc,0x00,0x00,0x00,0x00,0x00,
0x00,0x00,0x04,0x00,0x00,0x00,0x08,0x00,0x00,0x00,0xfc,0xff,0xff,0xff,0xff,0xff,
0xff,0xff,0x3a,0x01,0x00,0x00,0x00,0x00,0x00,0x00,0x04,0x00,0x00,0x00,0x06,0x00,
0x00,0x00,0xfc,0xff,0xff,0xff,0xff,0xff,0xff,0xff,0x96,0x01,0x00,0x00,0x00,0x00,
0x00,0x00,0x04,0x00,0x00,0x00,0x0a,0x00,0x00,0x00,0xfc,0xff,0xff,0xff,0xff,0xff,
0xff,0xff,0xd6,0x01,0x00,0x00,0x00,0x00,0x00,0x00,0x04,0x00,0x00,0x00,0x06,0x00,
0x00,0x00,0xfc,0xff,0xff,0xff,0xff,0xff,0xff,0xff,0x3c,0x02,0x00,0x00,0x00,0x00,
0x00,0x00,0x04,0x00,0x00,0x00,0x0c,0x00,0x00,0x00,0xfc,0xff,0xff,0xff,0xff,0xff,
0xff,0xff,0x7a,0x02,0x00,0x00,0x00,0x00,0x00,0x00,0x04,0x00,0x00,0x00,0x06,0x00,
0x00,0x00,0xfc,0xff,0xff,0xff,0xff,0xff,0xff,0xff,0xbb,0x02,0x00,0x00,0x00,0x00,
0x00,0x00,0x04,0x00,0x00,0x00,0x0e,0x00,0x00,0x00,0xfc,0xff,0xff,0xff,0xff,0xff,
0xff,0xff,0xe9,0x02,0x00,0x00,0x00,0x00,0x00,0x00,0x04,0x00,0x00,0x00,0x06,0x00,
0x00,0x00,0xfc,0xff,0xff,0xff,0xff,0xff,0xff,0xff,0xef,0x02,0x00,0x00,0x00,0x00,
0x00,0x00,0x02,0x00,0x00,0x00,0x03,0x00,0x00,0x00,0xfc,0xff,0xff,0xff,0xff,0xff,
0xff,0xff,0xf5,0x02,0x00,0x00,0x00,0x00,0x00,0x00,0x02,0x00,0x00,0x00,0x03,0x00,
0x00,0x00,0xfc,0xff,0xff,0xff,0xff,0xff,0xff,0xff,0x3c,0x03,0x00,0x00,0x00,0x00,
0x00,0x00,0x04,0x00,0x00,0x00,0x10,0x00,0x00,0x00,0xfc,0xff,0xff,0xff,0xff,0xff,
0xff,0xff,0x6a,0x03,0x00,0x00,0x00,0x00,0x00,0x00,0x04,0x00,0x00,0x00,0x06,0x00,
0x00,0x00,0xfc,0xff,0xff,0xff,0xff,0xff,0xff,0xff,0x70,0x03,0x00,0x00,0x00,0x00,
0x00,0x00,0x02,0x00,0x00,0x00,0x03,0x00,0x00,0x00,0xfc,0xff,0xff,0xff,0xff,0xff,
0xff,0xff,0x76,0x03,0x00,0x00,0x00,0x00,0x00,0x00,0x02,0x00,0x00,0x00,0x03,0x00,
0x00,0x00,0xfc,0xff,0xff,0xff,0xff,0xff,0xff,0xff,0x20,0x00,0x00,0x00,0x00,0x00,
0x00,0x00,0x02,0x00,0x00,0x00,0x02,0x00,0x00,0x00,0x00,0x00,0x00,0x00,0x00,0x00,
0x00,0x00,0x40,0x00,0x00,0x00,0x00,0x00,0x00,0x00,0x02,0x00,0x00,0x00,0x02,0x00,
0x00,0x00,0xa1,0x00,0x00,0x00,0x00,0x00,0x00,0x00,0x60,0x00,0x00,0x00,0x00,0x00,
0x00,0x00,0x02,0x00,0x00,0x00,0x02,0x00,0x00,0x00,0x40,0x01,0x00,0x00,0x00,0x00,
0x00,0x00,0x80,0x00,0x00,0x00,0x00,0x00,0x00,0x00,0x02,0x00,0x00,0x00,0x02,0x00,
0x00,0x00,0xe1,0x01,0x00,0x00,0x00,0x00,0x00,0x00,0xa0,0x00,0x00,0x00,0x00,0x00,
0x00,0x00,0x02,0x00,0x00,0x00,0x02,0x00,0x00,0x00,0x80,0x02,0x00,0x00,0x00,0x00,
0x00,0x00,0xc0,0x00,0x00,0x00,0x00,0x00,0x00,0x00,0x02,0x00,0x00,0x00,0x02,0x00,
0x00,0x00,0x01,0x03,0x00,0x00,0x00,0x00,0x00,0x00,0x00,0x2e,0x73,0x79,0x6d,0x74,
0x61,0x62,0x00,0x2e,0x73,0x74,0x72,0x74,0x61,0x62,0x00,0x2e,0x73,0x68,0x73,0x74,
0x72,0x74,0x61,0x62,0x00,0x2e,0x72,0x65,0x6c,0x61,0x2e,0x74,0x65,0x78,0x74,0x00,
0x2e,0x64,0x61,0x74,0x61,0x00,0x2e,0x62,0x73,0x73,0x00,0x2e,0x72,0x6f,0x64,0x61,
0x74,0x61,0x00,0x2e,0x63,0x6f,0x6d,0x6d,0x65,0x6e,0x74,0x00,0x2e,0x6e,0x6f,0x74,
0x65,0x2e,0x47,0x4e,0x55,0x2d,0x73,0x74,0x61,0x63,0x6b,0x00,0x2e,0x6e,0x6f,0x74,
0x65,0x2e,0x67,0x6e,0x75,0x2e,0x70,0x72,0x6f,0x70,0x65,0x72,0x74,0x79,0x00,0x2e,
0x72,0x65,0x6c,0x61,0x2e,0x65,0x68,0x5f,0x66,0x72,0x61,0x6d,0x65,0x00,0x00,0x00,
0x00,0x00,0x00,0x00,0x00,0x00,0x00,0x00,0x00,0x00,0x00,0x00,0x00,0x00,0x00,0x00,
0x00,0x00,0x00,0x00,0x00,0x00,0x00,0x00,0x00,0x00,0x00,0x00,0x00,0x00,0x00,0x00,
0x00,0x00,0x00,0x00,0x00,0x00,0x00,0x00,0x00,0x00,0x00,0x00,0x00,0x00,0x00,0x00,
0x00,0x00,0x00,0x00,0x00,0x00,0x00,0x00,0x00,0x00,0x00,0x00,0x00,0x00,0x00,0x00,
0x00,0x00,0x20,0x00,0x00,0x00,0x01,0x00,0x00,0x00,0x06,0x00,0x00,0x00,0x00,0x00,
0x00,0x00,0x00,0x00,0x00,0x00,0x00,0x00,0x00,0x00,0x40,0x00,0x00,0x00,0x00,0x00,
0x00,0x00,0x82,0x03,0x00,0x00,0x00,0x00,0x00,0x00,0x00,0x00,0x00,0x00,0x00,0x00,
0x00,0x00,0x01,0x00,0x00,0x00,0x00,0x00,0x00,0x00,0x00,0x00,0x00,0x00,0x00,0x00,
0x00,0x00,0x1b,0x00,0x00,0x00,0x04,0x00,0x00,0x00,0x40,0x00,0x00,0x00,0x00,0x00,
0x00,0x00,0x00,0x00,0x00,0x00,0x00,0x00,0x00,0x00,0x48,0x07,0x00,0x00,0x00,0x00,
0x00,0x00,0x80,0x01,0x00,0x00,0x00,0x00,0x00,0x00,0x0b,0x00,0x00,0x00,0x01,0x00,
0x00,0x00,0x08,0x00,0x00,0x00,0x00,0x00,0x00,0x00,0x18,0x00,0x00,0x00,0x00,0x00,
0x00,0x00,0x26,0x00,0x00,0x00,0x01,0x00,0x00,0x00,0x03,0x00,0x00,0x00,0x00,0x00,
0x00,0x00,0x00,0x00,0x00,0x00,0x00,0x00,0x00,0x00,0xc2,0x03,0x00,0x00,0x00,0x00,
0x00,0x00,0x00,0x00,0x00,0x00,0x00,0x00,0x00,0x00,0x00,0x00,0x00,0x00,0x00,0x00,
0x00,0x00,0x01,0x00,0x00,0x00,0x00,0x00,0x00,0x00,0x00,0x00,0x00,0x00,0x00,0x00,
0x00,0x00,0x2c,0x00,0x00,0x00,0x08,0x00,0x00,0x00,0x03,0x00,0x00,0x00,0x00,0x00,
0x00,0x00,0x00,0x00,0x00,0x00,0x00,0x00,0x00,0x00,0xc2,0x03,0x00,0x00,0x00,0x00,
0x00,0x00,0x00,0x00,0x00,0x00,0x00,0x00,0x00,0x00,0x00,0x00,0x00,0x00,0x00,0x00,
0x00,0x00,0x01,0x00,0x00,0x00,0x00,0x00,0x00,0x00,0x00,0x00,0x00,0x00,0x00,0x00,
0x00,0x00,0x31,0x00,0x00,0x00,0x01,0x00,0x00,0x00,0x02,0x00,0x00,0x00,0x00,0x00,
0x00,0x00,0x00,0x00,0x00,0x00,0x00,0x00,0x00,0x00,0xc4,0x03,0x00,0x00,0x00,0x00,
0x00,0x00,0x04,0x00,0x00,0x00,0x00,0x00,0x00,0x00,0x00,0x00,0x00,0x00,0x00,0x00,
0x00,0x00,0x04,0x00,0x00,0x00,0x00,0x00,0x00,0x00,0x00,0x00,0x00,0x00,0x00,0x00,
0x00,0x00,0x39,0x00,0x00,0x00,0x01,0x00,0x00,0x00,0x30,0x00,0x00,0x00,0x00,0x00,
0x00,0x00,0x00,0x00,0x00,0x00,0x00,0x00,0x00,0x00,0xc8,0x03,0x00,0x00,0x00,0x00,
0x00,0x00,0x20,0x00,0x00,0x00,0x00,0x00,0x00,0x00,0x00,0x00,0x00,0x00,0x00,0x00,
0x00,0x00,0x01,0x00,0x00,0x00,0x00,0x00,0x00,0x00,0x01,0x00,0x00,0x00,0x00,0x00,
0x00,0x00,0x42,0x00,0x00,0x00,0x01,0x00,0x00,0x00,0x00,0x00,0x00,0x00,0x00,0x00,
0x00,0x00,0x00,0x00,0x00,0x00,0x00,0x00,0x00,0x00,0xe8,0x03,0x00,0x00,0x00,0x00,
0x00,0x00,0x00,0x00,0x00,0x00,0x00,0x00,0x00,0x00,0x00,0x00,0x00,0x00,0x00,0x00,
0x00,0x00,0x01,0x00,0x00,0x00,0x00,0x00,0x00,0x00,0x00,0x00,0x00,0x00,0x00,0x00,
0x00,0x00,0x52,0x00,0x00,0x00,0x07,0x00,0x00,0x00,0x02,0x00,0x00,0x00,0x00,0x00,
0x00,0x00,0x00,0x00,0x00,0x00,0x00,0x00,0x00,0x00,0xe8,0x03,0x00,0x00,0x00,0x00,
0x00,0x00,0x50,0x00,0x00,0x00,0x00,0x00,0x00,0x00,0x00,0x00,0x00,0x00,0x00,0x00,
0x00,0x00,0x08,0x00,0x00,0x00,0x00,0x00,0x00,0x00,0x00,0x00,0x00,0x00,0x00,0x00,
0x00,0x00,0x6a,0x00,0x00,0x00,0x01,0x00,0x00,0x00,0x02,0x00,0x00,0x00,0x00,0x00,
0x00,0x00,0x00,0x00,0x00,0x00,0x00,0x00,0x00,0x00,0x38,0x04,0x00,0x00,0x00,0x00,
0x00,0x00,0xd8,0x00,0x00,0x00,0x00,0x00,0x00,0x00,0x00,0x00,0x00,0x00,0x00,0x00,
0x00,0x00,0x08,0x00,0x00,0x00,0x00,0x00,0x00,0x00,0x00,0x00,0x00,0x00,0x00,0x00,
0x00,0x00,0x65,0x00,0x00,0x00,0x04,0x00,0x00,0x00,0x40,0x00,0x00,0x00,0x00,0x00,
0x00,0x00,0x00,0x00,0x00,0x00,0x00,0x00,0x00,0x00,0xc8,0x08,0x00,0x00,0x00,0x00,
0x00,0x00,0x90,0x00,0x00,0x00,0x00,0x00,0x00,0x00,0x0b,0x00,0x00,0x00,0x09,0x00,
0x00,0x00,0x08,0x00,0x00,0x00,0x00,0x00,0x00,0x00,0x18,0x00,0x00,0x00,0x00,0x00,
0x00,0x00,0x01,0x00,0x00,0x00,0x02,0x00,0x00,0x00,0x00,0x00,0x00,0x00,0x00,0x00,
0x00,0x00,0x00,0x00,0x00,0x00,0x00,0x00,0x00,0x00,0x10,0x05,0x00,0x00,0x00,0x00,
0x00,0x00,0x98,0x01,0x00,0x00,0x00,0x00,0x00,0x00,0x0c,0x00,0x00,0x00,0x04,0x00,
0x00,0x00,0x08,0x00,0x00,0x00,0x00,0x00,0x00,0x00,0x18,0x00,0x00,0x00,0x00,0x00,
0x00,0x00,0x09,0x00,0x00,0x00,0x03,0x00,0x00,0x00,0x00,0x00,0x00,0x00,0x00,0x00,
0x00,0x00,0x00,0x00,0x00,0x00,0x00,0x00,0x00,0x00,0xa8,0x06,0x00,0x00,0x00,0x00,
0x00,0x00,0x9b,0x00,0x00,0x00,0x00,0x00,0x00,0x00,0x00,0x00,0x00,0x00,0x00,0x00,
0x00,0x00,0x01,0x00,0x00,0x00,0x00,0x00,0x00,0x00,0x00,0x00,0x00,0x00,0x00,0x00,
0x00,0x00,0x11,0x00,0x00,0x00,0x03,0x00,0x00,0x00,0x00,0x00,0x00,0x00,0x00,0x00,
0x00,0x00,0x00,0x00,0x00,0x00,0x00,0x00,0x00,0x00,0x58,0x09,0x00,0x00,0x00,0x00,
0x00,0x00,0x74,0x00,0x00,0x00,0x00,0x00,0x00,0x00,0x00,0x00,0x00,0x00,0x00,0x00,
0x00,0x00,0x01,0x00,0x00,0x00,0x00,0x00,0x00,0x00,0x00,0x00,0x00,0x00,0x00,0x00,
0x00,0x00,0x6d,0x63,0x63,0x63,0x68,0x6b,0x2e,0x6f,0x2f,0x20,0x20,0x20,0x20,0x20,
0x20,0x20,0x31,0x37,0x38,0x35,0x37,0x37,0x39,0x35,0x35,0x32,0x20,0x20,0x31,0x30,
0x30,0x30,0x20,0x20,0x31,0x30,0x30,0x30,0x20,0x20,0x31,0x30,0x30,0x36,0x34,0x34,
0x20,0x20,0x31,0x33,0x39,0x32,0x20,0x20,0x20,0x20,0x20,0x20,0x60,0x0a,0x7f,0x45,
0x4c,0x46,0x02,0x01,0x01,0x00,0x00,0x00,0x00,0x00,0x00,0x00,0x00,0x00,0x01,0x00,
0x3e,0x00,0x01,0x00,0x00,0x00,0x00,0x00,0x00,0x00,0x00,0x00,0x00,0x00,0x00,0x00,
0x00,0x00,0x00,0x00,0x00,0x00,0x30,0x02,0x00,0x00,0x00,0x00,0x00,0x00,0x00,0x00,
0x00,0x00,0x40,0x00,0x00,0x00,0x00,0x00,0x40,0x00,0x0d,0x00,0x0c,0x00,0xf3,0x0f,
0x1e,0xfa,0x55,0x48,0x89,0xe5,0xe8,0x00,0x00,0x00,0x00,0x00,0x47,0x43,0x43,0x3a,
0x20,0x28,0x47,0x65,0x6e,0x74,0x6f,0x6f,0x20,0x31,0x35,0x2e,0x33,0x2e,0x30,0x20,
0x70,0x38,0x29,0x20,0x31,0x35,0x2e,0x33,0x2e,0x30,0x00,0x00,0x00,0x00,0x04,0x00,
0x00,0x00,0x10,0x00,0x00,0x00,0x05,0x00,0x00,0x00,0x47,0x4e,0x55,0x00,0x02,0x00,
0x00,0xc0,0x04,0x00,0x00,0x00,0x03,0x00,0x00,0x00,0x00,0x00,0x00,0x00,0x04,0x00,
0x00,0x00,0x20,0x00,0x00,0x00,0x05,0x00,0x00,0x00,0x47,0x4e,0x55,0x00,0x02,0x00,
0x01,0xc0,0x04,0x00,0x00,0x00,0x01,0x00,0x00,0x00,0x00,0x00,0x00,0x00,0x01,0x00,
0x01,0xc0,0x04,0x00,0x00,0x00,0x01,0x00,0x00,0x00,0x00,0x00,0x00,0x00,0x14,0x00,
0x00,0x00,0x00,0x00,0x00,0x00,0x01,0x7a,0x52,0x00,0x01,0x78,0x10,0x01,0x1b,0x0c,
0x07,0x08,0x90,0x01,0x00,0x00,0x1c,0x00,0x00,0x00,0x1c,0x00,0x00,0x00,0x00,0x00,
0x00,0x00,0x0d,0x00,0x00,0x00,0x00,0x45,0x0e,0x10,0x86,0x02,0x43,0x0d,0x06,0x00,
0x00,0x00,0x00,0x00,0x00,0x00,0x00,0x00,0x00,0x00,0x00,0x00,0x00,0x00,0x00,0x00,
0x00,0x00,0x00,0x00,0x00,0x00,0x00,0x00,0x00,0x00,0x00,0x00,0x00,0x00,0x01,0x00,
0x00,0x00,0x04,0x00,0xf1,0xff,0x00,0x00,0x00,0x00,0x00,0x00,0x00,0x00,0x00,0x00,
0x00,0x00,0x00,0x00,0x00,0x00,0x00,0x00,0x00,0x00,0x03,0x00,0x01,0x00,0x00,0x00,
0x00,0x00,0x00,0x00,0x00,0x00,0x00,0x00,0x00,0x00,0x00,0x00,0x00,0x00,0x0a,0x00,
0x00,0x00,0x12,0x00,0x01,0x00,0x00,0x00,0x00,0x00,0x00,0x00,0x00,0x00,0x0d,0x00,
0x00,0x00,0x00,0x00,0x00,0x00,0x15,0x00,0x00,0x00,0x10,0x00,0x00,0x00,0x00,0x00,
0x00,0x00,0x00,0x00,0x00,0x00,0x00,0x00,0x00,0x00,0x00,0x00,0x00,0x00,0x00,0x6d,
0x63,0x63,0x63,0x68,0x6b,0x2e,0x63,0x00,0x5f,0x5f,0x63,0x68,0x6b,0x5f,0x66,0x61,
0x69,0x6c,0x00,0x61,0x62,0x6f,0x72,0x74,0x00,0x00,0x00,0x00,0x00,0x00,0x09,0x00,
0x00,0x00,0x00,0x00,0x00,0x00,0x04,0x00,0x00,0x00,0x04,0x00,0x00,0x00,0xfc,0xff,
0xff,0xff,0xff,0xff,0xff,0xff,0x20,0x00,0x00,0x00,0x00,0x00,0x00,0x00,0x02,0x00,
0x00,0x00,0x02,0x00,0x00,0x00,0x00,0x00,0x00,0x00,0x00,0x00,0x00,0x00,0x00,0x2e,
0x73,0x79,0x6d,0x74,0x61,0x62,0x00,0x2e,0x73,0x74,0x72,0x74,0x61,0x62,0x00,0x2e,
0x73,0x68,0x73,0x74,0x72,0x74,0x61,0x62,0x00,0x2e,0x72,0x65,0x6c,0x61,0x2e,0x74,
0x65,0x78,0x74,0x00,0x2e,0x64,0x61,0x74,0x61,0x00,0x2e,0x62,0x73,0x73,0x00,0x2e,
0x63,0x6f,0x6d,0x6d,0x65,0x6e,0x74,0x00,0x2e,0x6e,0x6f,0x74,0x65,0x2e,0x47,0x4e,
0x55,0x2d,0x73,0x74,0x61,0x63,0x6b,0x00,0x2e,0x6e,0x6f,0x74,0x65,0x2e,0x67,0x6e,
0x75,0x2e,0x70,0x72,0x6f,0x70,0x65,0x72,0x74,0x79,0x00,0x2e,0x72,0x65,0x6c,0x61,
0x2e,0x65,0x68,0x5f,0x66,0x72,0x61,0x6d,0x65,0x00,0x00,0x00,0x00,0x00,0x00,0x00,
0x00,0x00,0x00,0x00,0x00,0x00,0x00,0x00,0x00,0x00,0x00,0x00,0x00,0x00,0x00,0x00,
0x00,0x00,0x00,0x00,0x00,0x00,0x00,0x00,0x00,0x00,0x00,0x00,0x00,0x00,0x00,0x00,
0x00,0x00,0x00,0x00,0x00,0x00,0x00,0x00,0x00,0x00,0x00,0x00,0x00,0x00,0x00,0x00,
0x00,0x00,0x00,0x00,0x00,0x00,0x00,0x00,0x00,0x00,0x00,0x00,0x00,0x00,0x20,0x00,
0x00,0x00,0x01,0x00,0x00,0x00,0x06,0x00,0x00,0x00,0x00,0x00,0x00,0x00,0x00,0x00,
0x00,0x00,0x00,0x00,0x00,0x00,0x40,0x00,0x00,0x00,0x00,0x00,0x00,0x00,0x0d,0x00,
0x00,0x00,0x00,0x00,0x00,0x00,0x00,0x00,0x00,0x00,0x00,0x00,0x00,0x00,0x01,0x00,
0x00,0x00,0x00,0x00,0x00,0x00,0x00,0x00,0x00,0x00,0x00,0x00,0x00,0x00,0x1b,0x00,
0x00,0x00,0x04,0x00,0x00,0x00,0x40,0x00,0x00,0x00,0x00,0x00,0x00,0x00,0x00,0x00,
0x00,0x00,0x00,0x00,0x00,0x00,0x90,0x01,0x00,0x00,0x00,0x00,0x00,0x00,0x18,0x00,
0x00,0x00,0x00,0x00,0x00,0x00,0x0a,0x00,0x00,0x00,0x01,0x00,0x00,0x00,0x08,0x00,
0x00,0x00,0x00,0x00,0x00,0x00,0x18,0x00,0x00,0x00,0x00,0x00,0x00,0x00,0x26,0x00,
0x00,0x00,0x01,0x00,0x00,0x00,0x03,0x00,0x00,0x00,0x00,0x00,0x00,0x00,0x00,0x00,
0x00,0x00,0x00,0x00,0x00,0x00,0x4d,0x00,0x00,0x00,0x00,0x00,0x00,0x00,0x00,0x00,
0x00,0x00,0x00,0x00,0x00,0x00,0x00,0x00,0x00,0x00,0x00,0x00,0x00,0x00,0x01,0x00,
0x00,0x00,0x00,0x00,0x00,0x00,0x00,0x00,0x00,0x00,0x00,0x00,0x00,0x00,0x2c,0x00,
0x00,0x00,0x08,0x00,0x00,0x00,0x03,0x00,0x00,0x00,0x00,0x00,0x00,0x00,0x00,0x00,
0x00,0x00,0x00,0x00,0x00,0x00,0x4d,0x00,0x00,0x00,0x00,0x00,0x00,0x00,0x00,0x00,
0x00,0x00,0x00,0x00,0x00,0x00,0x00,0x00,0x00,0x00,0x00,0x00,0x00,0x00,0x01,0x00,
0x00,0x00,0x00,0x00,0x00,0x00,0x00,0x00,0x00,0x00,0x00,0x00,0x00,0x00,0x31,0x00,
0x00,0x00,0x01,0x00,0x00,0x00,0x30,0x00,0x00,0x00,0x00,0x00,0x00,0x00,0x00,0x00,
0x00,0x00,0x00,0x00,0x00,0x00,0x4d,0x00,0x00,0x00,0x00,0x00,0x00,0x00,0x20,0x00,
0x00,0x00,0x00,0x00,0x00,0x00,0x00,0x00,0x00,0x00,0x00,0x00,0x00,0x00,0x01,0x00,
0x00,0x00,0x00,0x00,0x00,0x00,0x01,0x00,0x00,0x00,0x00,0x00,0x00,0x00,0x3a,0x00,
0x00,0x00,0x01,0x00,0x00,0x00,0x00,0x00,0x00,0x00,0x00,0x00,0x00,0x00,0x00,0x00,
0x00,0x00,0x00,0x00,0x00,0x00,0x6d,0x00,0x00,0x00,0x00,0x00,0x00,0x00,0x00,0x00,
0x00,0x00,0x00,0x00,0x00,0x00,0x00,0x00,0x00,0x00,0x00,0x00,0x00,0x00,0x01,0x00,
0x00,0x00,0x00,0x00,0x00,0x00,0x00,0x00,0x00,0x00,0x00,0x00,0x00,0x00,0x4a,0x00,
0x00,0x00,0x07,0x00,0x00,0x00,0x02,0x00,0x00,0x00,0x00,0x00,0x00,0x00,0x00,0x00,
0x00,0x00,0x00,0x00,0x00,0x00,0x70,0x00,0x00,0x00,0x00,0x00,0x00,0x00,0x50,0x00,
0x00,0x00,0x00,0x00,0x00,0x00,0x00,0x00,0x00,0x00,0x00,0x00,0x00,0x00,0x08,0x00,
0x00,0x00,0x00,0x00,0x00,0x00,0x00,0x00,0x00,0x00,0x00,0x00,0x00,0x00,0x62,0x00,
0x00,0x00,0x01,0x00,0x00,0x00,0x02,0x00,0x00,0x00,0x00,0x00,0x00,0x00,0x00,0x00,
0x00,0x00,0x00,0x00,0x00,0x00,0xc0,0x00,0x00,0x00,0x00,0x00,0x00,0x00,0x38,0x00,
0x00,0x00,0x00,0x00,0x00,0x00,0x00,0x00,0x00,0x00,0x00,0x00,0x00,0x00,0x08,0x00,
0x00,0x00,0x00,0x00,0x00,0x00,0x00,0x00,0x00,0x00,0x00,0x00,0x00,0x00,0x5d,0x00,
0x00,0x00,0x04,0x00,0x00,0x00,0x40,0x00,0x00,0x00,0x00,0x00,0x00,0x00,0x00,0x00,
0x00,0x00,0x00,0x00,0x00,0x00,0xa8,0x01,0x00,0x00,0x00,0x00,0x00,0x00,0x18,0x00,
0x00,0x00,0x00,0x00,0x00,0x00,0x0a,0x00,0x00,0x00,0x08,0x00,0x00,0x00,0x08,0x00,
0x00,0x00,0x00,0x00,0x00,0x00,0x18,0x00,0x00,0x00,0x00,0x00,0x00,0x00,0x01,0x00,
0x00,0x00,0x02,0x00,0x00,0x00,0x00,0x00,0x00,0x00,0x00,0x00,0x00,0x00,0x00,0x00,
0x00,0x00,0x00,0x00,0x00,0x00,0xf8,0x00,0x00,0x00,0x00,0x00,0x00,0x00,0x78,0x00,
0x00,0x00,0x00,0x00,0x00,0x00,0x0b,0x00,0x00,0x00,0x03,0x00,0x00,0x00,0x08,0x00,
0x00,0x00,0x00,0x00,0x00,0x00,0x18,0x00,0x00,0x00,0x00,0x00,0x00,0x00,0x09,0x00,
0x00,0x00,0x03,0x00,0x00,0x00,0x00,0x00,0x00,0x00,0x00,0x00,0x00,0x00,0x00,0x00,
0x00,0x00,0x00,0x00,0x00,0x00,0x70,0x01,0x00,0x00,0x00,0x00,0x00,0x00,0x1b,0x00,
0x00,0x00,0x00,0x00,0x00,0x00,0x00,0x00,0x00,0x00,0x00,0x00,0x00,0x00,0x01,0x00,
0x00,0x00,0x00,0x00,0x00,0x00,0x00,0x00,0x00,0x00,0x00,0x00,0x00,0x00,0x11,0x00,
0x00,0x00,0x03,0x00,0x00,0x00,0x00,0x00,0x00,0x00,0x00,0x00,0x00,0x00,0x00,0x00,
0x00,0x00,0x00,0x00,0x00,0x00,0xc0,0x01,0x00,0x00,0x00,0x00,0x00,0x00,0x6c,0x00,
0x00,0x00,0x00,0x00,0x00,0x00,0x00,0x00,0x00,0x00,0x00,0x00,0x00,0x00,0x01,0x00,
0x00,0x00,0x00,0x00,0x00,0x00,0x00,0x00,0x00,0x00,0x00,0x00,0x00,0x00,0x69,0x6e,
0x74,0x31,0x32,0x38,0x2e,0x6f,0x2f,0x20,0x20,0x20,0x20,0x20,0x20,0x20,0x31,0x37,
0x38,0x35,0x37,0x37,0x39,0x35,0x35,0x32,0x20,0x20,0x31,0x30,0x30,0x30,0x20,0x20,
0x31,0x30,0x30,0x30,0x20,0x20,0x31,0x30,0x30,0x36,0x34,0x34,0x20,0x20,0x32,0x31,
0x35,0x37,0x36,0x20,0x20,0x20,0x20,0x20,0x60,0x0a,0x7f,0x45,0x4c,0x46,0x02,0x01,
0x01,0x00,0x00,0x00,0x00,0x00,0x00,0x00,0x00,0x00,0x01,0x00,0x3e,0x00,0x01,0x00,
0x00,0x00,0x00,0x00,0x00,0x00,0x00,0x00,0x00,0x00,0x00,0x00,0x00,0x00,0x00,0x00,
0x00,0x00,0xc8,0x50,0x00,0x00,0x00,0x00,0x00,0x00,0x00,0x00,0x00,0x00,0x40,0x00,
0x00,0x00,0x00,0x00,0x40,0x00,0x0e,0x00,0x0d,0x00,0xf3,0x0f,0x1e,0xfa,0x55,0x48,
0x89,0xe5,0xe8,0x00,0x00,0x00,0x00,0xf3,0x0f,0x1e,0xfa,0x55,0x48,0x89,0xe5,0x48,
0x89,0x7d,0xe8,0x48,0x89,0x75,0xe0,0x48,0x8b,0x45,0xe0,0x48,0x89,0x45,0xf0,0x48,
0x8b,0x45,0xe8,0x48,0x89,0x45,0xf8,0x48,0x8b,0x45,0xf0,0x48,0x8b,0x55,0xf8,0x5d,
0xc3,0xf3,0x0f,0x1e,0xfa,0x55,0x48,0x89,0xe5,0x48,0x89,0xf8,0x48,0x89,0xf1,0x48,
0x89,0xc0,0xba,0x00,0x00,0x00,0x00,0x48,0x89,0xca,0x48,0x89,0x45,0xf0,0x48,0x89,
0x55,0xf8,0x48,0x8b,0x45,0xf8,0x48,0xc1,0xe8,0x3f,0x0f,0xb6,0xc0,0x5d,0xc3,0xf3,
0x0f,0x1e,0xfa,0x55,0x48,0x89,0xe5,0x48,0x89,0xf8,0x48,0x89,0xf1,0x48,0x89,0xc0,
0xba,0x00,0x00,0x00,0x00,0x48,0x89,0xca,0x48,0x89,0x45,0xe0,0x48,0x89,0x55,0xe8,
0x48,0x8b,0x45,0xe0,0x48,0xf7,0xd8,0x48,0x89,0x45,0xf0,0x48,0x8b,0x45,0xf0,0x48,
0x85,0xc0,0x75,0x07,0xba,0x01,0x00,0x00,0x00,0xeb,0x05,0xba,0x00,0x00,0x00,0x00,
0x48,0x8b,0x45,0xe8,0x48,0x29,0xc2,0x48,0x8d,0x42,0xff,0x48,0x89,0x45,0xf8,0x48,
0x8b,0x45,0xf0,0x48,0x8b,0x55,0xf8,0x5d,0xc3,0xf3,0x0f,0x1e,0xfa,0x55,0x48,0x89,
0xe5,0x48,0x89,0xf8,0x49,0x89,0xf0,0x48,0x89,0xc6,0xbf,0x00,0x00,0x00,0x00,0x4c,
0x89,0xc7,0x48,0x89,0x75,0xe0,0x48,0x89,0x7d,0xe8,0x48,0x89,0x55,0xd0,0x48,0x89,
0x4d,0xd8,0x48,0x8b,0x55,0xe0,0x48,0x8b,0x45,0xd0,0x48,0x01,0xd0,0x48,0x89,0x45,
0xf0,0x48,0x8b,0x55,0xe8,0x48,0x8b,0x45,0xd8,0x48,0x8d,0x0c,0x02,0x48,0x8b,0x55,
0xf0,0x48,0x8b,0x45,0xe0,0x48,0x39,0xc2,0x73,0x07,0xb8,0x01,0x00,0x00,0x00,0xeb,
0x05,0xb8,0x00,0x00,0x00,0x00,0x48,0x01,0xc8,0x48,0x89,0x45,0xf8,0x48,0x8b,0x45,
0xf0,0x48,0x8b,0x55,0xf8,0x5d,0xc3,0xf3,0x0f,0x1e,0xfa,0x55,0x48,0x89,0xe5,0x48,
0x89,0xf8,0x49,0x89,0xf0,0x48,0x89,0xc6,0xbf,0x00,0x00,0x00,0x00,0x4c,0x89,0xc7,
0x48,0x89,0x75,0xe0,0x48,0x89,0x7d,0xe8,0x48,0x89,0x55,0xd0,0x48,0x89,0x4d,0xd8,
0x48,0x8b,0x55,0xe0,0x48,0x8b,0x45,0xd0,0x48,0x29,0xc2,0x48,0x89,0x55,0xf0,0x48,
0x8b,0x55,0xe8,0x48,0x8b,0x45,0xd8,0x48,0x89,0xd1,0x48,0x29,0xc1,0x48,0x8b,0x55,
0xe0,0x48,0x8b,0x45,0xd0,0x48,0x39,0xc2,0x73,0x07,0xba,0x01,0x00,0x00,0x00,0xeb,
0x05,0xba,0x00,0x00,0x00,0x00,0x48,0x89,0xc8,0x48,0x29,0xd0,0x48,0x89,0x45,0xf8,
0x48,0x8b,0x45,0xf0,0x48,0x8b,0x55,0xf8,0x5d,0xc3,0xf3,0x0f,0x1e,0xfa,0x55,0x48,
0x89,0xe5,0x48,0x89,0xf8,0x49,0x89,0xf0,0x48,0x89,0xc6,0xbf,0x00,0x00,0x00,0x00,
0x4c,0x89,0xc7,0x48,0x89,0x75,0xf0,0x48,0x89,0x7d,0xf8,0x48,0x89,0x55,0xe0,0x48,
0x89,0x4d,0xe8,0x48,0x8b,0x55,0xf8,0x48,0x8b,0x45,0xe8,0x48,0x39,0xc2,0x74,0x13,
0x48,0x8b,0x55,0xf8,0x48,0x8b,0x45,0xe8,0x48,0x39,0xc2,0x0f,0x92,0xc0,0x0f,0xb6,
0xc0,0xeb,0x11,0x48,0x8b,0x55,0xf0,0x48,0x8b,0x45,0xe0,0x48,0x39,0xc2,0x0f,0x92,
0xc0,0x0f,0xb6,0xc0,0x5d,0xc3,0xf3,0x0f,0x1e,0xfa,0x55,0x48,0x89,0xe5,0x48,0x89,
0xf8,0x49,0x89,0xf0,0x48,0x89,0xc6,0xbf,0x00,0x00,0x00,0x00,0x4c,0x89,0xc7,0x48,
0x89,0x75,0xf0,0x48,0x89,0x7d,0xf8,0x48,0x89,0x55,0xe0,0x48,0x89,0x4d,0xe8,0x48,
0x8b,0x55,0xf0,0x48,0x8b,0x45,0xe0,0x48,0x39,0xc2,0x75,0x14,0x48,0x8b,0x55,0xf8,
0x48,0x8b,0x45,0xe8,0x48,0x39,0xc2,0x75,0x07,0xb8,0x01,0x00,0x00,0x00,0xeb,0x05,
0xb8,0x00,0x00,0x00,0x00,0x5d,0xc3,0xf3,0x0f,0x1e,0xfa,0x55,0x48,0x89,0xe5,0x48,
0x89,0xf8,0x48,0x89,0xf1,0x48,0x89,0xc0,0xba,0x00,0x00,0x00,0x00,0x48,0x89,0xca,
0x48,0x89,0x45,0xf0,0x48,0x89,0x55,0xf8,0x48,0x8b,0x45,0xf0,0x48,0x85,0xc0,0x75,
0x10,0x48,0x8b,0x45,0xf8,0x48,0x85,0xc0,0x75,0x07,0xb8,0x01,0x00,0x00,0x00,0xeb,
0x05,0xb8,0x00,0x00,0x00,0x00,0x5d,0xc3,0xf3,0x0f,0x1e,0xfa,0x55,0x48,0x89,0xe5,
0x48,0x89,0xf8,0x48,0x89,0xf1,0x48,0x89,0xc0,0xba,0x00,0x00,0x00,0x00,0x48,0x89,
0xca,0x48,0x89,0x45,0xf0,0x48,0x89,0x55,0xf8,0x48,0x8b,0x45,0xf0,0x48,0x83,0xf8,
0xff,0x75,0x11,0x48,0x8b,0x45,0xf8,0x48,0x83,0xf8,0xff,0x75,0x07,0xb8,0x01,0x00,
0x00,0x00,0xeb,0x05,0xb8,0x00,0x00,0x00,0x00,0x5d,0xc3,0xf3,0x0f,0x1e,0xfa,0x55,
0x48,0x89,0xe5,0x48,0x89,0xf8,0x48,0x89,0xf1,0x48,0x89,0xc0,0xba,0x00,0x00,0x00,
0x00,0x48,0x89,0xca,0x48,0x89,0x45,0xf0,0x48,0x89,0x55,0xf8,0x48,0x8b,0x45,0xf0,
0x48,0x85,0xc0,0x75,0x1a,0x48,0x8b,0x55,0xf8,0x48,0xb8,0x00,0x00,0x00,0x00,0x00,
0x00,0x00,0x80,0x48,0x39,0xc2,0x75,0x07,0xb8,0x01,0x00,0x00,0x00,0xeb,0x05,0xb8,
0x00,0x00,0x00,0x00,0x5d,0xc3,0xf3,0x0f,0x1e,0xfa,0x55,0x48,0x89,0xe5,0x48,0x89,
0xf8,0x48,0x89,0xf1,0x48,0x89,0xc0,0xba,0x00,0x00,0x00,0x00,0x48,0x89,0xca,0x48,
0x89,0x45,0xe0,0x48,0x89,0x55,0xe8,0x48,0x8b,0x45,0xe8,0x48,0x8d,0x14,0x00,0x48,
0x8b,0x45,0xe0,0x48,0xc1,0xe8,0x3f,0x48,0x09,0xd0,0x48,0x89,0x45,0xf8,0x48,0x8b,
0x45,0xe0,0x48,0x01,0xc0,0x48,0x89,0x45,0xf0,0x48,0x8b,0x45,0xf0,0x48,0x8b,0x55,
0xf8,0x5d,0xc3,0xf3,0x0f,0x1e,0xfa,0x55,0x48,0x89,0xe5,0x53,0x48,0x89,0xf8,0x48,
0x89,0xc1,0xbb,0x00,0x00,0x00,0x00,0x48,0x89,0xf3,0x48,0x89,0x4d,0xe0,0x48,0x89,
0x5d,0xe8,0x89,0x55,0xdc,0x83,0x7d,0xdc,0x3f,0x7e,0x17,0x48,0x8b,0x55,0xe8,0x8b,
0x45,0xdc,0x83,0xe8,0x40,0x89,0xc1,0x48,0xd3,0xea,0x48,0x89,0xd0,0x83,0xe0,0x01,
0xeb,0x12,0x48,0x8b,0x55,0xe0,0x8b,0x45,0xdc,0x89,0xc1,0x48,0xd3,0xea,0x48,0x89,
0xd0,0x83,0xe0,0x01,0x48,0x8b,0x5d,0xf8,0xc9,0xc3,0xf3,0x0f,0x1e,0xfa,0x55,0x48,
0x89,0xe5,0x48,0x83,0xec,0x60,0x48,0x89,0xf8,0x49,0x89,0xf2,0x48,0x89,0xc6,0xbf,
0x00,0x00,0x00,0x00,0x4c,0x89,0xd7,0x48,0x89,0x75,0xc0,0x48,0x89,0x7d,0xc8,0x48,
0x89,0x55,0xb0,0x48,0x89,0x4d,0xb8,0x4c,0x89,0x45,0xa8,0x4c,0x89,0x4d,0xa0,0xbe,
0x00,0x00,0x00,0x00,0xbf,0x00,0x00,0x00,0x00,0xe8,0x09,0xfc,0xff,0xff,0x48,0x89,
0x45,0xe0,0x48,0x89,0x55,0xe8,0xbe,0x00,0x00,0x00,0x00,0xbf,0x00,0x00,0x00,0x00,
0xe8,0xf2,0xfb,0xff,0xff,0x48,0x89,0x45,0xf0,0x48,0x89,0x55,0xf8,0xc7,0x45,0xdc,
0x7f,0x00,0x00,0x00,0xe9,0xc3,0x00,0x00,0x00,0x48,0x8b,0x55,0xf0,0x48,0x8b,0x45,
0xf8,0x48,0x89,0xd7,0x48,0x89,0xc6,0xe8,0xda,0xfe,0xff,0xff,0x48,0x89,0x45,0xf0,
0x48,0x89,0x55,0xf8,0x8b,0x55,0xdc,0x48,0x8b,0x4d,0xc0,0x48,0x8b,0x45,0xc8,0x48,
0x89,0xcf,0x48,0x89,0xc6,0xe8,0x09,0xff,0xff,0xff,0x48,0x8b,0x55,0xf0,0x48,0x09,
0xd0,0x48,0x89,0x45,0xf0,0x48,0x8b,0x45,0xb0,0x48,0x8b,0x55,0xb8,0x48,0x8b,0x7d,
0xf0,0x48,0x8b,0x75,0xf8,0x48,0x89,0xd1,0x48,0x89,0xc2,0xe8,0x1a,0xfd,0xff,0xff,
0x85,0xc0,0x75,0x64,0x48,0x8b,0x45,0xb0,0x48,0x8b,0x55,0xb8,0x48,0x8b,0x7d,0xf0,
0x48,0x8b,0x75,0xf8,0x48,0x89,0xd1,0x48,0x89,0xc2,0xe8,0x88,0xfc,0xff,0xff,0x48,
0x89,0x45,0xf0,0x48,0x89,0x55,0xf8,0x83,0x7d,0xdc,0x3f,0x7e,0x20,0x48,0x8b,0x45,
0xe8,0x8b,0x55,0xdc,0x83,0xea,0x40,0xbe,0x01,0x00,0x00,0x00,0x89,0xd1,0x48,0xd3,
0xe6,0x48,0x89,0xf2,0x48,0x09,0xd0,0x48,0x89,0x45,0xe8,0xeb,0x1b,0x48,0x8b,0x55,
0xe0,0x8b,0x45,0xdc,0xbe,0x01,0x00,0x00,0x00,0x89,0xc1,0x48,0xd3,0xe6,0x48,0x89,
0xf0,0x48,0x09,0xd0,0x48,0x89,0x45,0xe0,0x83,0x6d,0xdc,0x01,0x83,0x7d,0xdc,0x00,
0x0f,0x89,0x33,0xff,0xff,0xff,0x48,0x8b,0x4d,0xa8,0x48,0x8b,0x45,0xe0,0x48,0x8b,
0x55,0xe8,0x48,0x89,0x01,0x48,0x89,0x51,0x08,0x48,0x8b,0x4d,0xa0,0x48,0x8b,0x45,
0xf0,0x48,0x8b,0x55,0xf8,0x48,0x89,0x01,0x48,0x89,0x51,0x08,0x90,0xc9,0xc3,0xf3,
0x0f,0x1e,0xfa,0x55,0x48,0x89,0xe5,0x48,0x89,0x7d,0xa8,0x48,0x89,0x75,0xa0,0x48,
0x8b,0x45,0xa8,0x89,0xc0,0x48,0x89,0x45,0xb0,0x48,0x8b,0x45,0xa8,0x48,0xc1,0xe8,
0x20,0x48,0x89,0x45,0xb8,0x48,0x8b,0x45,0xa0,0x89,0xc0,0x48,0x89,0x45,0xc0,0x48,
0x8b,0x45,0xa0,0x48,0xc1,0xe8,0x20,0x48,0x89,0x45,0xc8,0x48,0x8b,0x45,0xb0,0x48,
0x0f,0xaf,0x45,0xc0,0x48,0x89,0x45,0xd0,0x48,0x8b,0x45,0xb8,0x48,0x0f,0xaf,0x45,
0xc0,0x48,0x89,0x45,0xd8,0x48,0x8b,0x45,0xb0,0x48,0x0f,0xaf,0x45,0xc8,0x48,0x89,
0x45,0xe0,0x48,0x8b,0x45,0xd0,0x48,0xc1,0xe8,0x20,0x48,0x8b,0x55,0xd8,0x89,0xd2,
0x48,0x01,0xd0,0x48,0x8b,0x55,0xe0,0x89,0xd2,0x48,0x01,0xd0,0x48,0x89,0x45,0xe8,
0x48,0x8b,0x45,0xe8,0x48,0xc1,0xe0,0x20,0x48,0x8b,0x55,0xd0,0x89,0xd2,0x48,0x09,
0xd0,0x48,0x89,0x45,0xf0,0x48,0x8b,0x45,0xb8,0x48,0x0f,0xaf,0x45,0xc8,0x48,0x8b,
0x55,0xd8,0x48,0xc1,0xea,0x20,0x48,0x01,0xc2,0x48,0x8b,0x45,0xe0,0x48,0xc1,0xe8,
0x20,0x48,0x01,0xc2,0x48,0x8b,0x45,0xe8,0x48,0xc1,0xe8,0x20,0x48,0x01,0xd0,0x48,
0x89,0x45,0xf8,0x48,0x8b,0x45,0xf0,0x48,0x8b,0x55,0xf8,0x5d,0xc3,0xf3,0x0f,0x1e,
0xfa,0x55,0x48,0x89,0xe5,0x48,0x89,0x7d,0xf8,0x48,0x8b,0x45,0xf8,0x48,0x85,0xc0,
0x79,0x09,0x48,0xc7,0xc0,0xff,0xff,0xff,0xff,0xeb,0x05,0xb8,0x00,0x00,0x00,0x00,
0x5d,0xc3,0xf3,0x0f,0x1e,0xfa,0x55,0x48,0x89,0xe5,0x53,0x48,0x83,0xec,0x10,0x48,
0x89,0x7d,0xf0,0x89,0x75,0xec,0x83,0x7d,0xec,0x00,0x75,0x06,0x48,0x8b,0x45,0xf0,
0xeb,0x31,0x8b,0x45,0xec,0x48,0x8b,0x55,0xf0,0x48,0x89,0xd3,0x89,0xc1,0x48,0xd3,
0xeb,0x48,0x8b,0x45,0xf0,0x48,0x89,0xc7,0xe8,0xa0,0xff,0xff,0xff,0x48,0x89,0xc2,
0xb8,0x40,0x00,0x00,0x00,0x2b,0x45,0xec,0x89,0xc1,0x48,0xd3,0xe2,0x48,0x89,0xd0,
0x48,0x09,0xd8,0x48,0x8b,0x5d,0xf8,0xc9,0xc3,0xf3,0x0f,0x1e,0xfa,0x55,0x48,0x89,
0xe5,0x48,0x89,0x7d,0xe8,0xc7,0x45,0xfc,0x00,0x00,0x00,0x00,0x48,0x83,0x7d,0xe8,
0x00,0x75,0x07,0xb8,0x40,0x00,0x00,0x00,0xeb,0x7e,0x48,0x8b,0x45,0xe8,0x48,0xc1,
0xe8,0x20,0x48,0x85,0xc0,0x75,0x09,0x83,0x45,0xfc,0x20,0x48,0xc1,0x65,0xe8,0x20,
0x48,0x8b,0x45,0xe8,0x48,0xc1,0xe8,0x30,0x48,0x85,0xc0,0x75,0x09,0x83,0x45,0xfc,
0x10,0x48,0xc1,0x65,0xe8,0x10,0x48,0x8b,0x45,0xe8,0x48,0xc1,0xe8,0x38,0x48,0x85,
0xc0,0x75,0x09,0x83,0x45,0xfc,0x08,0x48,0xc1,0x65,0xe8,0x08,0x48,0x8b,0x45,0xe8,
0x48,0xc1,0xe8,0x3c,0x48,0x85,0xc0,0x75,0x09,0x83,0x45,0xfc,0x04,0x48,0xc1,0x65,
0xe8,0x04,0x48,0x8b,0x45,0xe8,0x48,0xc1,0xe8,0x3e,0x48,0x85,0xc0,0x75,0x09,0x83,
0x45,0xfc,0x02,0x48,0xc1,0x65,0xe8,0x02,0x48,0x8b,0x45,0xe8,0x48,0x85,0xc0,0x78,
0x04,0x83,0x45,0xfc,0x01,0x8b,0x45,0xfc,0x5d,0xc3,0xf3,0x0f,0x1e,0xfa,0x55,0x48,
0x89,0xe5,0x48,0x89,0x7d,0xe8,0xc7,0x45,0xfc,0x00,0x00,0x00,0x00,0x48,0x83,0x7d,
0xe8,0x00,0x75,0x07,0xb8,0x40,0x00,0x00,0x00,0xeb,0x7b,0x48,0x8b,0x45,0xe8,0x89,
0xc0,0x48,0x85,0xc0,0x75,0x09,0x83,0x45,0xfc,0x20,0x48,0xc1,0x6d,0xe8,0x20,0x48,
0x8b,0x45,0xe8,0x0f,0xb7,0xc0,0x48,0x85,0xc0,0x75,0x09,0x83,0x45,0xfc,0x10,0x48,
0xc1,0x6d,0xe8,0x10,0x48,0x8b,0x45,0xe8,0x0f,0xb6,0xc0,0x48,0x85,0xc0,0x75,0x09,
0x83,0x45,0xfc,0x08,0x48,0xc1,0x6d,0xe8,0x08,0x48,0x8b,0x45,0xe8,0x83,0xe0,0x0f,
0x48,0x85,0xc0,0x75,0x09,0x83,0x45,0xfc,0x04,0x48,0xc1,0x6d,0xe8,0x04,0x48,0x8b,
0x45,0xe8,0x83,0xe0,0x03,0x48,0x85,0xc0,0x75,0x09,0x83,0x45,0xfc,0x02,0x48,0xc1,
0x6d,0xe8,0x02,0x48,0x8b,0x45,0xe8,0x83,0xe0,0x01,0x48,0x85,0xc0,0x75,0x04,0x83,
0x45,0xfc,0x01,0x8b,0x45,0xfc,0x5d,0xc3,0xf3,0x0f,0x1e,0xfa,0x55,0x48,0x89,0xe5,
0x48,0x89,0x7d,0xf8,0x48,0x8b,0x45,0xf8,0x48,0xd1,0xe8,0x48,0x89,0xc2,0x48,0xb8,
0x55,0x55,0x55,0x55,0x55,0x55,0x55,0x55,0x48,0x21,0xd0,0x48,0x29,0x45,0xf8,0x48,
0xb8,0x33,0x33,0x33,0x33,0x33,0x33,0x33,0x33,0x48,0x23,0x45,0xf8,0x48,0x8b,0x55,
0xf8,0x48,0x89,0xd1,0x48,0xc1,0xe9,0x02,0x48,0xba,0x33,0x33,0x33,0x33,0x33,0x33,
0x33,0x33,0x48,0x21,0xca,0x48,0x01,0xd0,0x48,0x89,0x45,0xf8,0x48,0x8b,0x45,0xf8,
0x48,0xc1,0xe8,0x04,0x48,0x89,0xc2,0x48,0x8b,0x45,0xf8,0x48,0x01,0xc2,0x48,0xb8,
0x0f,0x0f,0x0f,0x0f,0x0f,0x0f,0x0f,0x0f,0x48,0x21,0xd0,0x48,0x89,0x45,0xf8,0x48,
0x8b,0x45,0xf8,0x48,0xba,0x01,0x01,0x01,0x01,0x01,0x01,0x01,0x01,0x48,0x0f,0xaf,
0xc2,0x48,0xc1,0xe8,0x38,0x5d,0xc3,0xf3,0x0f,0x1e,0xfa,0x55,0x48,0x89,0xe5,0x48,
0x89,0x7d,0xf8,0x48,0x8b,0x45,0xf8,0x48,0xc1,0xe0,0x08,0x48,0x89,0xc2,0x48,0xb8,
0x00,0xff,0x00,0xff,0x00,0xff,0x00,0xff,0x48,0x21,0xc2,0x48,0x8b,0x45,0xf8,0x48,
0xc1,0xe8,0x08,0x48,0x89,0xc1,0x48,0xb8,0xff,0x00,0xff,0x00,0xff,0x00,0xff,0x00,
0x48,0x21,0xc8,0x48,0x09,0xd0,0x48,0x89,0x45,0xf8,0x48,0x8b,0x45,0xf8,0x48,0xc1,
0xe0,0x10,0x48,0x89,0xc2,0x48,0xb8,0x00,0x00,0xff,0xff,0x00,0x00,0xff,0xff,0x48,
0x21,0xc2,0x48,0x8b,0x45,0xf8,0x48,0xc1,0xe8,0x10,0x48,0x89,0xc1,0x48,0xb8,0xff,
0xff,0x00,0x00,0xff,0xff,0x00,0x00,0x48,0x21,0xc8,0x48,0x09,0xd0,0x48,0x89,0x45,
0xf8,0x48,0x8b,0x45,0xf8,0x48,0xc1,0xc0,0x20,0x5d,0xc3,0xf3,0x0f,0x1e,0xfa,0x55,
0x48,0x89,0xe5,0x48,0x83,0xec,0x10,0x48,0x89,0xf8,0x48,0x89,0xf1,0x48,0x89,0xc0,
0xba,0x00,0x00,0x00,0x00,0x48,0x89,0xca,0x48,0x89,0x45,0xf0,0x48,0x89,0x55,0xf8,
0x48,0x8b,0x45,0xf8,0x48,0x85,0xc0,0x74,0x0e,0x48,0x8b,0x45,0xf8,0x48,0x89,0xc7,
0xe8,0x74,0xfd,0xff,0xff,0xeb,0x0f,0x48,0x8b,0x45,0xf0,0x48,0x89,0xc7,0xe8,0x66,
0xfd,0xff,0xff,0x83,0xc0,0x40,0xc9,0xc3,0xf3,0x0f,0x1e,0xfa,0x55,0x48,0x89,0xe5,
0x48,0x83,0xec,0x10,0x48,0x89,0xf8,0x48,0x89,0xf1,0x48,0x89,0xc0,0xba,0x00,0x00,
0x00,0x00,0x48,0x89,0xca,0x48,0x89,0x45,0xf0,0x48,0x89,0x55,0xf8,0x48,0x8b,0x45,
0xf0,0x48,0x85,0xc0,0x74,0x0e,0x48,0x8b,0x45,0xf0,0x48,0x89,0xc7,0xe8,0xc8,0xfd,
0xff,0xff,0xeb,0x0f,0x48,0x8b,0x45,0xf8,0x48,0x89,0xc7,0xe8,0xba,0xfd,0xff,0xff,
0x83,0xc0,0x40,0xc9,0xc3,0xf3,0x0f,0x1e,0xfa,0x55,0x48,0x89,0xe5,0x53,0x48,0x89,
0xf8,0x48,0x89,0xc1,0xbb,0x00,0x00,0x00,0x00,0x48,0x89,0xf3,0x48,0x89,0x4d,0xe0,
0x48,0x89,0x5d,0xe8,0x89,0x55,0xdc,0x83,0x7d,0xdc,0x00,0x75,0x06,0x48,0x8b,0x45,
0xe0,0xeb,0x40,0x83,0x7d,0xdc,0x3f,0x7e,0x14,0x48,0x8b,0x55,0xe8,0x8b,0x45,0xdc,
0x83,0xe8,0x40,0x89,0xc1,0x48,0xd3,0xea,0x48,0x89,0xd0,0xeb,0x26,0x48,0x8b,0x55,
0xe0,0x8b,0x45,0xdc,0x48,0x89,0xd6,0x89,0xc1,0x48,0xd3,0xee,0x48,0x8b,0x55,0xe8,
0xb8,0x40,0x00,0x00,0x00,0x2b,0x45,0xdc,0x89,0xc1,0x48,0xd3,0xe2,0x48,0x89,0xd0,
0x48,0x09,0xf0,0x48,0x8b,0x5d,0xf8,0xc9,0xc3,0xf3,0x0f,0x1e,0xfa,0x55,0x48,0x89,
0xe5,0x53,0x48,0x89,0xf8,0x48,0x89,0xc1,0xbb,0x00,0x00,0x00,0x00,0x48,0x89,0xf3,
0x48,0x89,0x4d,0xe0,0x48,0x89,0x5d,0xe8,0x89,0x55,0xdc,0x83,0x7d,0xdc,0x00,0x7f,
0x07,0xb8,0x00,0x00,0x00,0x00,0xeb,0x72,0x83,0x7d,0xdc,0x3f,0x7e,0x47,0x48,0x8b,
0x45,0xe0,0x48,0x85,0xc0,0x74,0x07,0xb8,0x01,0x00,0x00,0x00,0xeb,0x5c,0x83,0x7d,
0xdc,0x40,0x75,0x07,0xb8,0x00,0x00,0x00,0x00,0xeb,0x4f,0x48,0x8b,0x55,0xe8,0x8b,
0x45,0xdc,0x83,0xe8,0x40,0x48,0xc7,0xc6,0xff,0xff,0xff,0xff,0x89,0xc1,0x48,0xd3,
0xe6,0x48,0x89,0xf0,0x48,0xf7,0xd0,0x48,0x21,0xd0,0x48,0x85,0xc0,0x0f,0x95,0xc0,
0x0f,0xb6,0xc0,0xeb,0x25,0x48,0x8b,0x55,0xe0,0x8b,0x45,0xdc,0x48,0xc7,0xc6,0xff,
0xff,0xff,0xff,0x89,0xc1,0x48,0xd3,0xe6,0x48,0x89,0xf0,0x48,0xf7,0xd0,0x48,0x21,
0xd0,0x48,0x85,0xc0,0x0f,0x95,0xc0,0x0f,0xb6,0xc0,0x48,0x8b,0x5d,0xf8,0xc9,0xc3,
0xf3,0x0f,0x1e,0xfa,0x55,0x48,0x89,0xe5,0x53,0x48,0x83,0xec,0x38,0x48,0x89,0xf8,
0x48,0x89,0xc1,0xbb,0x00,0x00,0x00,0x00,0x48,0x89,0xf3,0x48,0x89,0x4d,0xd0,0x48,
0x89,0x5d,0xd8,0x48,0x89,0x55,0xc8,0x48,0x8b,0x55,0xd0,0x48,0x8b,0x45,0xd8,0x48,
0x89,0xd7,0x48,0x89,0xc6,0xe8,0x11,0xfe,0xff,0xff,0xba,0x80,0x00,0x00,0x00,0x29,
0xc2,0x89,0x55,0xe0,0x8b,0x45,0xe0,0x83,0xe8,0x40,0x89,0x45,0xe4,0x83,0x7d,0xe4,
0x00,0x7f,0x10,0x48,0x8b,0x45,0xc8,0xc7,0x00,0x00,0x00,0x00,0x00,0x48,0x8b,0x45,
0xd0,0xeb,0x46,0x8b,0x55,0xe4,0x48,0x8b,0x4d,0xd0,0x48,0x8b,0x45,0xd8,0x48,0x89,
0xcf,0x48,0x89,0xc6,0xe8,0x6c,0xfe,0xff,0xff,0x48,0x89,0x45,0xe8,0x8b,0x55,0xe4,
0x48,0x8b,0x4d,0xd0,0x48,0x8b,0x45,0xd8,0x48,0x89,0xcf,0x48,0x89,0xc6,0xe8,0xc6,
0xfe,0xff,0xff,0x85,0xc0,0x74,0x05,0x48,0x83,0x4d,0xe8,0x01,0x48,0x8b,0x45,0xc8,
0x8b,0x55,0xe4,0x89,0x10,0x48,0x8b,0x45,0xe8,0x48,0x8b,0x5d,0xf8,0xc9,0xc3,0xf3,
0x0f,0x1e,0xfa,0x55,0x48,0x89,0xe5,0x53,0x48,0x83,0xec,0x48,0x48,0x89,0xf8,0x48,
0x89,0xc1,0xbb,0x00,0x00,0x00,0x00,0x48,0x89,0xf3,0x48,0x89,0x4d,0xc0,0x48,0x89,
0x5d,0xc8,0x48,0x89,0x55,0xb8,0x48,0x8b,0x55,0xc0,0x48,0x8b,0x45,0xc8,0x48,0x89,
0xd7,0x48,0x89,0xc6,0xe8,0x62,0xfd,0xff,0xff,0xba,0x80,0x00,0x00,0x00,0x29,0xc2,
0x89,0x55,0xe0,0x8b,0x45,0xe0,0x83,0xe8,0x40,0x89,0x45,0xdc,0x83,0x7d,0xdc,0x00,
0x7f,0x13,0x48,0x8b,0x45,0xb8,0xc7,0x00,0x00,0x00,0x00,0x00,0x48,0x8b,0x45,0xc0,
0xe9,0xa1,0x00,0x00,0x00,0x8b,0x55,0xdc,0x48,0x8b,0x4d,0xc0,0x48,0x8b,0x45,0xc8,
0x48,0x89,0xcf,0x48,0x89,0xc6,0xe8,0xba,0xfd,0xff,0xff,0x48,0x89,0x45,0xe8,0x8b,
0x45,0xdc,0x8d,0x50,0xff,0x48,0x8b,0x4d,0xc0,0x48,0x8b,0x45,0xc8,0x48,0x89,0xcf,
0x48,0x89,0xc6,0xe8,0xab,0xf7,0xff,0xff,0x48,0x85,0xc0,0x74,0x30,0x8b,0x45,0xdc,
0x8d,0x50,0xff,0x48,0x8b,0x4d,0xc0,0x48,0x8b,0x45,0xc8,0x48,0x89,0xcf,0x48,0x89,
0xc6,0xe8,0xf3,0xfd,0xff,0xff,0x85,0xc0,0x75,0x0c,0x48,0x8b,0x45,0xe8,0x83,0xe0,
0x01,0x48,0x85,0xc0,0x74,0x07,0xb8,0x01,0x00,0x00,0x00,0xeb,0x05,0xb8,0x00,0x00,
0x00,0x00,0x89,0x45,0xe4,0x83,0x7d,0xe4,0x00,0x74,0x1e,0x48,0x83,0x45,0xe8,0x01,
0x48,0x83,0x7d,0xe8,0x00,0x75,0x12,0x48,0xb8,0x00,0x00,0x00,0x00,0x00,0x00,0x00,
0x80,0x48,0x89,0x45,0xe8,0x83,0x45,0xdc,0x01,0x48,0x8b,0x45,0xb8,0x8b,0x55,0xdc,
0x89,0x10,0x48,0x8b,0x45,0xe8,0x48,0x8b,0x5d,0xf8,0xc9,0xc3,0xf3,0x0f,0x1e,0xfa,
0x55,0x48,0x89,0xe5,0x48,0x83,0xec,0x10,0x48,0x89,0xf8,0x48,0x89,0xf1,0x48,0x89,
0xc0,0xba,0x00,0x00,0x00,0x00,0x48,0x89,0xca,0x48,0x89,0x45,0xf0,0x48,0x89,0x55,
0xf8,0x48,0x8b,0x55,0xf0,0x48,0x8b,0x45,0xf8,0x48,0x89,0xd7,0x48,0x89,0xc6,0xe8,
0xfb,0xf3,0xff,0xff,0xc9,0xc3,0xf3,0x0f,0x1e,0xfa,0x55,0x48,0x89,0xe5,0x48,0x83,
0xec,0x30,0x48,0x89,0xf8,0x49,0x89,0xf0,0x48,0x89,0xc6,0xbf,0x00,0x00,0x00,0x00,
0x4c,0x89,0xc7,0x48,0x89,0x75,0xe0,0x48,0x89,0x7d,0xe8,0x48,0x89,0x55,0xd0,0x48,
0x89,0x4d,0xd8,0x48,0x8b,0x55,0xd0,0x48,0x8b,0x45,0xe0,0x48,0x89,0xd6,0x48,0x89,
0xc7,0xe8,0x79,0xf8,0xff,0xff,0x48,0x89,0x45,0xf0,0x48,0x89,0x55,0xf8,0x48,0x8b,
0x4d,0xf8,0x48,0x8b,0x55,0xe0,0x48,0x8b,0x45,0xd8,0x48,0x0f,0xaf,0xd0,0x48,0x89,
0xd6,0x48,0x8b,0x55,0xe8,0x48,0x8b,0x45,0xd0,0x48,0x0f,0xaf,0xc2,0x48,0x01,0xf0,
0x48,0x01,0xc8,0x48,0x89,0x45,0xf8,0x48,0x8b,0x45,0xf0,0x48,0x8b,0x55,0xf8,0xc9,
0xc3,0xf3,0x0f,0x1e,0xfa,0x55,0x48,0x89,0xe5,0x48,0x83,0xec,0x60,0x48,0x89,0xf8,
0x49,0x89,0xf1,0x48,0x89,0xc6,0xbf,0x00,0x00,0x00,0x00,0x4c,0x89,0xcf,0x48,0x89,
0x75,0xc0,0x48,0x89,0x7d,0xc8,0x48,0x89,0x55,0xb0,0x48,0x89,0x4d,0xb8,0x4c,0x89,
0x45,0xa8,0x64,0x48,0x8b,0x04,0x25,0x28,0x00,0x00,0x00,0x48,0x89,0x45,0xf8,0x31,
0xc0,0x4c,0x8d,0x45,0xe0,0x48,0x8d,0x4d,0xd0,0x48,0x8b,0x45,0xb0,0x48,0x8b,0x55,
0xb8,0x48,0x8b,0x7d,0xc0,0x48,0x8b,0x75,0xc8,0x4d,0x89,0xc1,0x49,0x89,0xc8,0x48,
0x89,0xd1,0x48,0x89,0xc2,0xe8,0x70,0xf6,0xff,0xff,0x48,0x83,0x7d,0xa8,0x00,0x74,
0x13,0x48,0x8b,0x4d,0xa8,0x48,0x8b,0x45,0xe0,0x48,0x8b,0x55,0xe8,0x48,0x89,0x01,
0x48,0x89,0x51,0x08,0x48,0x8b,0x45,0xd0,0x48,0x8b,0x55,0xd8,0x48,0x8b,0x4d,0xf8,
0x64,0x48,0x2b,0x0c,0x25,0x28,0x00,0x00,0x00,0x74,0x05,0xe8,0x00,0x00,0x00,0x00,
0xc9,0xc3,0xf3,0x0f,0x1e,0xfa,0x55,0x48,0x89,0xe5,0x48,0x83,0xec,0x50,0x48,0x89,
0xf8,0x49,0x89,0xf0,0x48,0x89,0xc6,0xbf,0x00,0x00,0x00,0x00,0x4c,0x89,0xc7,0x48,
0x89,0x75,0xc0,0x48,0x89,0x7d,0xc8,0x48,0x89,0x55,0xb0,0x48,0x89,0x4d,0xb8,0x64,
0x48,0x8b,0x04,0x25,0x28,0x00,0x00,0x00,0x48,0x89,0x45,0xf8,0x31,0xc0,0x4c,0x8d,
0x45,0xe0,0x48,0x8d,0x4d,0xd0,0x48,0x8b,0x45,0xb0,0x48,0x8b,0x55,0xb8,0x48,0x8b,
0x7d,0xc0,0x48,0x8b,0x75,0xc8,0x4d,0x89,0xc1,0x49,0x89,0xc8,0x48,0x89,0xd1,0x48,
0x89,0xc2,0xe8,0xd3,0xf5,0xff,0xff,0x48,0x8b,0x45,0xd0,0x48,0x8b,0x55,0xd8,0x48,
0x8b,0x4d,0xf8,0x64,0x48,0x2b,0x0c,0x25,0x28,0x00,0x00,0x00,0x74,0x05,0xe8,0x00,
0x00,0x00,0x00,0xc9,0xc3,0xf3,0x0f,0x1e,0xfa,0x55,0x48,0x89,0xe5,0x48,0x83,0xec,
0x50,0x48,0x89,0xf8,0x49,0x89,0xf0,0x48,0x89,0xc6,0xbf,0x00,0x00,0x00,0x00,0x4c,
0x89,0xc7,0x48,0x89,0x75,0xc0,0x48,0x89,0x7d,0xc8,0x48,0x89,0x55,0xb0,0x48,0x89,
0x4d,0xb8,0x64,0x48,0x8b,0x04,0x25,0x28,0x00,0x00,0x00,0x48,0x89,0x45,0xf8,0x31,
0xc0,0x4c,0x8d,0x45,0xe0,0x48,0x8d,0x4d,0xd0,0x48,0x8b,0x45,0xb0,0x48,0x8b,0x55,
0xb8,0x48,0x8b,0x7d,0xc0,0x48,0x8b,0x75,0xc8,0x4d,0x89,0xc1,0x49,0x89,0xc8,0x48,
0x89,0xd1,0x48,0x89,0xc2,0xe8,0x50,0xf5,0xff,0xff,0x48,0x8b,0x45,0xe0,0x48,0x8b,
0x55,0xe8,0x48,0x8b,0x4d,0xf8,0x64,0x48,0x2b,0x0c,0x25,0x28,0x00,0x00,0x00,0x74,
0x05,0xe8,0x00,0x00,0x00,0x00,0xc9,0xc3,0xf3,0x0f,0x1e,0xfa,0x55,0x48,0x89,0xe5,
0x53,0x48,0x83,0xec,0x68,0x48,0x89,0xf8,0x49,0x89,0xf0,0x48,0x89,0xc6,0xbf,0x00,
0x00,0x00,0x00,0x4c,0x89,0xc7,0x48,0x89,0x75,0xa0,0x48,0x89,0x7d,0xa8,0x48,0x89,
0x55,0x90,0x48,0x89,0x4d,0x98,0x64,0x48,0x8b,0x04,0x25,0x28,0x00,0x00,0x00,0x48,
0x89,0x45,0xe8,0x31,0xc0,0x48,0x8b,0x55,0xa0,0x48,0x8b,0x45,0xa8,0x48,0x89,0xd7,
0x48,0x89,0xc6,0xe8,0x59,0xf1,0xff,0xff,0x89,0xc3,0x48,0x8b,0x55,0x90,0x48,0x8b,
0x45,0x98,0x48,0x89,0xd7,0x48,0x89,0xc6,0xe8,0x44,0xf1,0xff,0xff,0x31,0xd8,0x89,
0x45,0xbc,0x48,0x8b,0x55,0xa0,0x48,0x8b,0x45,0xa8,0x48,0x89,0xd7,0x48,0x89,0xc6,
0xe8,0x2c,0xf1,0xff,0xff,0x85,0xc0,0x74,0x1b,0x48,0x8b,0x55,0xa0,0x48,0x8b,0x45,
0xa8,0x48,0x89,0xd7,0x48,0x89,0xc6,0xe8,0x43,0xf1,0xff,0xff,0x48,0x89,0x45,0xa0,
0x48,0x89,0x55,0xa8,0x48,0x8b,0x55,0x90,0x48,0x8b,0x45,0x98,0x48,0x89,0xd7,0x48,
0x89,0xc6,0xe8,0xfa,0xf0,0xff,0xff,0x85,0xc0,0x74,0x1b,0x48,0x8b,0x55,0x90,0x48,
0x8b,0x45,0x98,0x48,0x89,0xd7,0x48,0x89,0xc6,0xe8,0x11,0xf1,0xff,0xff,0x48,0x89,
0x45,0x90,0x48,0x89,0x55,0x98,0x4c,0x8d,0x45,0xd0,0x48,0x8d,0x4d,0xc0,0x48,0x8b,
0x45,0x90,0x48,0x8b,0x55,0x98,0x48,0x8b,0x7d,0xa0,0x48,0x8b,0x75,0xa8,0x4d,0x89,
0xc1,0x49,0x89,0xc8,0x48,0x89,0xd1,0x48,0x89,0xc2,0xe8,0x3b,0xf4,0xff,0xff,0x83,
0x7d,0xbc,0x00,0x74,0x15,0x48,0x8b,0x55,0xc0,0x48,0x8b,0x45,0xc8,0x48,0x89,0xd7,
0x48,0x89,0xc6,0xe8,0xc7,0xf0,0xff,0xff,0xeb,0x08,0x48,0x8b,0x45,0xc0,0x48,0x8b,
0x55,0xc8,0x48,0x8b,0x4d,0xe8,0x64,0x48,0x2b,0x0c,0x25,0x28,0x00,0x00,0x00,0x74,
0x05,0xe8,0x00,0x00,0x00,0x00,0x48,0x8b,0x5d,0xf8,0xc9,0xc3,0xf3,0x0f,0x1e,0xfa,
0x55,0x48,0x89,0xe5,0x48,0x83,0xec,0x60,0x48,0x89,0xf8,0x49,0x89,0xf0,0x48,0x89,
0xc6,0xbf,0x00,0x00,0x00,0x00,0x4c,0x89,0xc7,0x48,0x89,0x75,0xb0,0x48,0x89,0x7d,
0xb8,0x48,0x89,0x55,0xa0,0x48,0x89,0x4d,0xa8,0x64,0x48,0x8b,0x04,0x25,0x28,0x00,
0x00,0x00,0x48,0x89,0x45,0xf8,0x31,0xc0,0x48,0x8b,0x55,0xb0,0x48,0x8b,0x45,0xb8,
0x48,0x89,0xd7,0x48,0x89,0xc6,0xe8,0x26,0xf0,0xff,0xff,0x89,0x45,0xcc,0x83,0x7d,
0xcc,0x00,0x74,0x1b,0x48,0x8b,0x55,0xb0,0x48,0x8b,0x45,0xb8,0x48,0x89,0xd7,0x48,
0x89,0xc6,0xe8,0x38,0xf0,0xff,0xff,0x48,0x89,0x45,0xb0,0x48,0x89,0x55,0xb8,0x48,
0x8b,0x55,0xa0,0x48,0x8b,0x45,0xa8,0x48,0x89,0xd7,0x48,0x89,0xc6,0xe8,0xef,0xef,
0xff,0xff,0x85,0xc0,0x74,0x1b,0x48,0x8b,0x55,0xa0,0x48,0x8b,0x45,0xa8,0x48,0x89,
0xd7,0x48,0x89,0xc6,0xe8,0x06,0xf0,0xff,0xff,0x48,0x89,0x45,0xa0,0x48,0x89,0x55,
0xa8,0x4c,0x8d,0x45,0xe0,0x48,0x8d,0x4d,0xd0,0x48,0x8b,0x45,0xa0,0x48,0x8b,0x55,
0xa8,0x48,0x8b,0x7d,0xb0,0x48,0x8b,0x75,0xb8,0x4d,0x89,0xc1,0x49,0x89,0xc8,0x48,
0x89,0xd1,0x48,0x89,0xc2,0xe8,0x30,0xf3,0xff,0xff,0x83,0x7d,0xcc,0x00,0x74,0x15,
0x48,0x8b,0x55,0xe0,0x48,0x8b,0x45,0xe8,0x48,0x89,0xd7,0x48,0x89,0xc6,0xe8,0xbc,
0xef,0xff,0xff,0xeb,0x08,0x48,0x8b,0x45,0xe0,0x48,0x8b,0x55,0xe8,0x48,0x8b,0x4d,
0xf8,0x64,0x48,0x2b,0x0c,0x25,0x28,0x00,0x00,0x00,0x74,0x05,0xe8,0x00,0x00,0x00,
0x00,0xc9,0xc3,0xf3,0x0f,0x1e,0xfa,0x55,0x48,0x89,0xe5,0x53,0x48,0x89,0xf8,0x48,
0x89,0xc1,0xbb,0x00,0x00,0x00,0x00,0x48,0x89,0xf3,0x48,0x89,0x4d,0xd0,0x48,0x89,
0x5d,0xd8,0x89,0x55,0xcc,0x83,0x65,0xcc,0x7f,0x83,0x7d,0xcc,0x00,0x75,0x0a,0x48,
0x8b,0x45,0xd0,0x48,0x8b,0x55,0xd8,0xeb,0x6b,0x83,0x7d,0xcc,0x3f,0x7e,0x20,0x48,
0x8b,0x55,0xd0,0x8b,0x45,0xcc,0x83,0xe8,0x40,0x89,0xc1,0x48,0xd3,0xe2,0x48,0x89,
0xd0,0x48,0x89,0x45,0xe8,0x48,0xc7,0x45,0xe0,0x00,0x00,0x00,0x00,0xeb,0x3d,0x48,
0x8b,0x55,0xd8,0x8b,0x45,0xcc,0x48,0x89,0xd6,0x89,0xc1,0x48,0xd3,0xe6,0x48,0x8b,
0x55,0xd0,0xb8,0x40,0x00,0x00,0x00,0x2b,0x45,0xcc,0x89,0xc1,0x48,0xd3,0xea,0x48,
0x89,0xd0,0x48,0x09,0xf0,0x48,0x89,0x45,0xe8,0x48,0x8b,0x55,0xd0,0x8b,0x45,0xcc,
0x89,0xc1,0x48,0xd3,0xe2,0x48,0x89,0xd0,0x48,0x89,0x45,0xe0,0x48,0x8b,0x45,0xe0,
0x48,0x8b,0x55,0xe8,0x48,0x8b,0x5d,0xf8,0xc9,0xc3,0xf3,0x0f,0x1e,0xfa,0x55,0x48,
0x89,0xe5,0x53,0x48,0x89,0xf8,0x48,0x89,0xc1,0xbb,0x00,0x00,0x00,0x00,0x48,0x89,
0xf3,0x48,0x89,0x4d,0xd0,0x48,0x89,0x5d,0xd8,0x89,0x55,0xcc,0x83,0x65,0xcc,0x7f,
0x83,0x7d,0xcc,0x00,0x75,0x0a,0x48,0x8b,0x45,0xd0,0x48,0x8b,0x55,0xd8,0xeb,0x6b,
0x83,0x7d,0xcc,0x3f,0x7e,0x20,0x48,0x8b,0x55,0xd8,0x8b,0x45,0xcc,0x83,0xe8,0x40,
0x89,0xc1,0x48,0xd3,0xea,0x48,0x89,0xd0,0x48,0x89,0x45,0xe0,0x48,0xc7,0x45,0xe8,
0x00,0x00,0x00,0x00,0xeb,0x3d,0x48,0x8b,0x55,0xd0,0x8b,0x45,0xcc,0x48,0x89,0xd6,
0x89,0xc1,0x48,0xd3,0xee,0x48,0x8b,0x55,0xd8,0xb8,0x40,0x00,0x00,0x00,0x2b,0x45,
0xcc,0x89,0xc1,0x48,0xd3,0xe2,0x48,0x89,0xd0,0x48,0x09,0xf0,0x48,0x89,0x45,0xe0,
0x48,0x8b,0x55,0xd8,0x8b,0x45,0xcc,0x89,0xc1,0x48,0xd3,0xea,0x48,0x89,0xd0,0x48,
0x89,0x45,0xe8,0x48,0x8b,0x45,0xe0,0x48,0x8b,0x55,0xe8,0x48,0x8b,0x5d,0xf8,0xc9,
0xc3,0xf3,0x0f,0x1e,0xfa,0x55,0x48,0x89,0xe5,0x53,0x48,0x83,0xec,0x38,0x48,0x89,
0xf8,0x48,0x89,0xc1,0xbb,0x00,0x00,0x00,0x00,0x48,0x89,0xf3,0x48,0x89,0x4d,0xd0,
0x48,0x89,0x5d,0xd8,0x89,0x55,0xcc,0x83,0x65,0xcc,0x7f,0x83,0x7d,0xcc,0x00,0x75,
0x0a,0x48,0x8b,0x45,0xd0,0x48,0x8b,0x55,0xd8,0xeb,0x77,0x83,0x7d,0xcc,0x3f,0x7e,
0x2a,0x8b,0x45,0xcc,0x8d,0x50,0xc0,0x48,0x8b,0x45,0xd8,0x89,0xd6,0x48,0x89,0xc7,
0xe8,0xad,0xf3,0xff,0xff,0x48,0x89,0x45,0xe0,0x48,0x8b,0x45,0xd8,0x48,0x89,0xc7,
0xe8,0x78,0xf3,0xff,0xff,0x48,0x89,0x45,0xe8,0xeb,0x3f,0x48,0x8b,0x55,0xd0,0x8b,
0x45,0xcc,0x48,0x89,0xd6,0x89,0xc1,0x48,0xd3,0xee,0x48,0x8b,0x55,0xd8,0xb8,0x40,
0x00,0x00,0x00,0x2b,0x45,0xcc,0x89,0xc1,0x48,0xd3,0xe2,0x48,0x89,0xd0,0x48,0x09,
0xf0,0x48,0x89,0x45,0xe0,0x48,0x8b,0x45,0xd8,0x8b,0x55,0xcc,0x89,0xd6,0x48,0x89,
0xc7,0xe8,0x5c,0xf3,0xff,0xff,0x48,0x89,0x45,0xe8,0x48,0x8b,0x45,0xe0,0x48,0x8b,
0x55,0xe8,0x48,0x8b,0x5d,0xf8,0xc9,0xc3,0xf3,0x0f,0x1e,0xfa,0x55,0x48,0x89,0xe5,
0x48,0x89,0xf8,0x49,0x89,0xf0,0x48,0x89,0xc6,0xbf,0x00,0x00,0x00,0x00,0x4c,0x89,
0xc7,0x48,0x89,0x75,0xe0,0x48,0x89,0x7d,0xe8,0x48,0x89,0x55,0xd0,0x48,0x89,0x4d,
0xd8,0x48,0x8b,0x45,0xe8,0x48,0xba,0x00,0x00,0x00,0x00,0x00,0x00,0x00,0x80,0x48,
0x31,0xd0,0x48,0x89,0x45,0xf0,0x48,0x8b,0x45,0xd8,0x48,0xba,0x00,0x00,0x00,0x00,
0x00,0x00,0x00,0x80,0x48,0x31,0xd0,0x48,0x89,0x45,0xf8,0x48,0x8b,0x45,0xf0,0x48,
0x3b,0x45,0xf8,0x74,0x18,0x48,0x8b,0x45,0xf0,0x48,0x3b,0x45,0xf8,0x73,0x07,0xb8,
0x00,0x00,0x00,0x00,0xeb,0x34,0xb8,0x02,0x00,0x00,0x00,0xeb,0x2d,0x48,0x8b,0x55,
0xe0,0x48,0x8b,0x45,0xd0,0x48,0x39,0xc2,0x74,0x1b,0x48,0x8b,0x55,0xe0,0x48,0x8b,
0x45,0xd0,0x48,0x39,0xc2,0x73,0x07,0xb8,0x00,0x00,0x00,0x00,0xeb,0x0c,0xb8,0x02,
0x00,0x00,0x00,0xeb,0x05,0xb8,0x01,0x00,0x00,0x00,0x5d,0xc3,0xf3,0x0f,0x1e,0xfa,
0x55,0x48,0x89,0xe5,0x48,0x89,0xf8,0x49,0x89,0xf0,0x48,0x89,0xc6,0xbf,0x00,0x00,
0x00,0x00,0x4c,0x89,0xc7,0x48,0x89,0x75,0xf0,0x48,0x89,0x7d,0xf8,0x48,0x89,0x55,
0xe0,0x48,0x89,0x4d,0xe8,0x48,0x8b,0x55,0xf8,0x48,0x8b,0x45,0xe8,0x48,0x39,0xc2,
0x74,0x1b,0x48,0x8b,0x55,0xf8,0x48,0x8b,0x45,0xe8,0x48,0x39,0xc2,0x73,0x07,0xb8,
0x00,0x00,0x00,0x00,0xeb,0x34,0xb8,0x02,0x00,0x00,0x00,0xeb,0x2d,0x48,0x8b,0x55,
0xf0,0x48,0x8b,0x45,0xe0,0x48,0x39,0xc2,0x74,0x1b,0x48,0x8b,0x55,0xf0,0x48,0x8b,
0x45,0xe0,0x48,0x39,0xc2,0x73,0x07,0xb8,0x00,0x00,0x00,0x00,0xeb,0x0c,0xb8,0x02,
0x00,0x00,0x00,0xeb,0x05,0xb8,0x01,0x00,0x00,0x00,0x5d,0xc3,0xf3,0x0f,0x1e,0xfa,
0x55,0x48,0x89,0xe5,0x48,0x83,0xec,0x10,0x48,0x89,0xf8,0x48,0x89,0xf1,0x48,0x89,
0xc0,0xba,0x00,0x00,0x00,0x00,0x48,0x89,0xca,0x48,0x89,0x45,0xf0,0x48,0x89,0x55,
0xf8,0x48,0x8b,0x55,0xf0,0x48,0x8b,0x45,0xf8,0x48,0x89,0xd7,0x48,0x89,0xc6,0xe8,
0x97,0xf4,0xff,0xff,0xc9,0xc3,0xf3,0x0f,0x1e,0xfa,0x55,0x48,0x89,0xe5,0x48,0x83,
0xec,0x10,0x48,0x89,0xf8,0x48,0x89,0xf1,0x48,0x89,0xc0,0xba,0x00,0x00,0x00,0x00,
0x48,0x89,0xca,0x48,0x89,0x45,0xf0,0x48,0x89,0x55,0xf8,0x48,0x8b,0x55,0xf0,0x48,
0x8b,0x45,0xf8,0x48,0x89,0xd7,0x48,0x89,0xc6,0xe8,0xaa,0xf4,0xff,0xff,0xc9,0xc3,
0xf3,0x0f,0x1e,0xfa,0x55,0x48,0x89,0xe5,0x48,0x83,0xec,0x10,0x48,0x89,0xf8,0x48,
0x89,0xf1,0x48,0x89,0xc0,0xba,0x00,0x00,0x00,0x00,0x48,0x89,0xca,0x48,0x89,0x45,
0xf0,0x48,0x89,0x55,0xf8,0x48,0x8b,0x45,0xf0,0x48,0x85,0xc0,0x75,0x10,0x48,0x8b,
0x45,0xf8,0x48,0x85,0xc0,0x75,0x07,0xb8,0x00,0x00,0x00,0x00,0xeb,0x16,0x48,0x8b,
0x55,0xf0,0x48,0x8b,0x45,0xf8,0x48,0x89,0xd7,0x48,0x89,0xc6,0xe8,0x57,0xf4,0xff,
0xff,0x83,0xc0,0x01,0xc9,0xc3,0xf3,0x0f,0x1e,0xfa,0x55,0x48,0x89,0xe5,0x53,0x48,
0x83,0xec,0x18,0x48,0x89,0xf8,0x48,0x89,0xf1,0x48,0x89,0xc0,0xba,0x00,0x00,0x00,
0x00,0x48,0x89,0xca,0x48,0x89,0x45,0xe0,0x48,0x89,0x55,0xe8,0x48,0x8b,0x45,0xe0,
0x48,0x89,0xc7,0xe8,0xc0,0xf2,0xff,0xff,0x89,0xc3,0x48,0x8b,0x45,0xe8,0x48,0x89,
0xc7,0xe8,0xb2,0xf2,0xff,0xff,0x01,0xd8,0x48,0x8b,0x5d,0xf8,0xc9,0xc3,0xf3,0x0f,
0x1e,0xfa,0x55,0x48,0x89,0xe5,0x53,0x48,0x83,0xec,0x18,0x48,0x89,0xf8,0x48,0x89,
0xf1,0x48,0x89,0xc0,0xba,0x00,0x00,0x00,0x00,0x48,0x89,0xca,0x48,0x89,0x45,0xe0,
0x48,0x89,0x55,0xe8,0x48,0x8b,0x45,0xe0,0x48,0x89,0xc7,0xe8,0x78,0xf2,0xff,0xff,
0x89,0xc3,0x48,0x8b,0x45,0xe8,0x48,0x89,0xc7,0xe8,0x6a,0xf2,0xff,0xff,0x01,0xd8,
0x83,0xe0,0x01,0x48,0x8b,0x5d,0xf8,0xc9,0xc3,0xf3,0x0f,0x1e,0xfa,0x55,0x48,0x89,
0xe5,0x53,0x48,0x83,0xec,0x18,0x48,0x89,0xf8,0x48,0x89,0xf1,0x48,0x89,0xc0,0xba,
0x00,0x00,0x00,0x00,0x48,0x89,0xca,0x48,0x89,0x45,0xe0,0x48,0x89,0x55,0xe8,0x48,
0x8b,0x45,0xe8,0x48,0x89,0xc7,0xe8,0xbc,0xf2,0xff,0xff,0x48,0x89,0xc3,0x48,0x8b,
0x45,0xe0,0x48,0x89,0xc7,0xe8,0xad,0xf2,0xff,0xff,0x48,0x89,0xde,0x48,0x89,0xc7,
0xe8,0x72,0xea,0xff,0xff,0x48,0x8b,0x5d,0xf8,0xc9,0xc3,0xf3,0x0f,0x1e,0xfa,0x55,
0x48,0x89,0xe5,0x48,0x83,0xec,0x30,0x48,0x89,0xf8,0x48,0x89,0xf1,0x48,0x89,0xc0,
0xba,0x00,0x00,0x00,0x00,0x48,0x89,0xca,0x48,0x89,0x45,0xd0,0x48,0x89,0x55,0xd8,
0x64,0x48,0x8b,0x04,0x25,0x28,0x00,0x00,0x00,0x48,0x89,0x45,0xf8,0x31,0xc0,0x48,
0x8d,0x55,0xe4,0x48,0x8b,0x4d,0xd0,0x48,0x8b,0x45,0xd8,0x48,0x89,0xcf,0x48,0x89,
0xc6,0xe8,0x8a,0xf4,0xff,0xff,0x48,0x89,0x45,0xf0,0xf2,0x0f,0x10,0x05,0x00,0x00,
0x00,0x00,0xf2,0x0f,0x11,0x45,0xe8,0xeb,0x0e,0xf2,0x0f,0x10,0x45,0xe8,0xf2,0x0f,
0x58,0xc0,0xf2,0x0f,0x11,0x45,0xe8,0x8b,0x45,0xe4,0x8d,0x50,0xff,0x89,0x55,0xe4,
0x85,0xc0,0x7f,0xe5,0x48,0x8b,0x45,0xf0,0x48,0x85,0xc0,0x78,0x0b,0x66,0x0f,0xef,
0xc0,0xf2,0x48,0x0f,0x2a,0xc0,0xeb,0x19,0x48,0x89,0xc2,0x48,0xd1,0xea,0x83,0xe0,
0x01,0x48,0x09,0xc2,0x66,0x0f,0xef,0xc0,0xf2,0x48,0x0f,0x2a,0xc2,0xf2,0x0f,0x58,
0xc0,0xf2,0x0f,0x59,0x45,0xe8,0x48,0x8b,0x45,0xf8,0x64,0x48,0x2b,0x04,0x25,0x28,
0x00,0x00,0x00,0x74,0x05,0xe8,0x00,0x00,0x00,0x00,0xc9,0xc3,0xf3,0x0f,0x1e,0xfa,
0x55,0x48,0x89,0xe5,0x48,0x83,0xec,0x10,0x48,0x89,0xf8,0x48,0x89,0xf1,0x48,0x89,
0xc0,0xba,0x00,0x00,0x00,0x00,0x48,0x89,0xca,0x48,0x89,0x45,0xf0,0x48,0x89,0x55,
0xf8,0x48,0x8b,0x55,0xf0,0x48,0x8b,0x45,0xf8,0x48,0x89,0xd7,0x48,0x89,0xc6,0xe8,
0x9d,0xe9,0xff,0xff,0x85,0xc0,0x74,0x40,0x48,0x8b,0x55,0xf0,0x48,0x8b,0x45,0xf8,
0x48,0x89,0xd7,0x48,0x89,0xc6,0xe8,0xb4,0xe9,0xff,0xff,0x48,0x89,0xc1,0x48,0x89,
0xd0,0x48,0x89,0xcf,0x48,0x89,0xc6,0xe8,0x00,0x00,0x00,0x00,0x66,0x48,0x0f,0x7e,
0xc0,0xf3,0x0f,0x7e,0x05,0x00,0x00,0x00,0x00,0x66,0x48,0x0f,0x6e,0xc8,0x66,0x0f,
0x57,0xc8,0x66,0x0f,0x28,0xc1,0xeb,0x13,0x48,0x8b,0x55,0xf0,0x48,0x8b,0x45,0xf8,
0x48,0x89,0xd7,0x48,0x89,0xc6,0xe8,0x00,0x00,0x00,0x00,0xc9,0xc3,0xf3,0x0f,0x1e,
0xfa,0x55,0x48,0x89,0xe5,0x48,0x83,0xec,0x30,0x48,0x89,0xf8,0x48,0x89,0xf1,0x48,
0x89,0xc0,0xba,0x00,0x00,0x00,0x00,0x48,0x89,0xca,0x48,0x89,0x45,0xd0,0x48,0x89,
0x55,0xd8,0x64,0x48,0x8b,0x04,0x25,0x28,0x00,0x00,0x00,0x48,0x89,0x45,0xf8,0x31,
0xc0,0x48,0x8d,0x55,0xe8,0x48,0x8b,0x4d,0xd0,0x48,0x8b,0x45,0xd8,0x48,0x89,0xcf,
0x48,0x89,0xc6,0xe8,0x38,0xf3,0xff,0xff,0x48,0x89,0x45,0xf0,0xf3,0x0f,0x10,0x05,
0x00,0x00,0x00,0x00,0xf3,0x0f,0x11,0x45,0xec,0xeb,0x0e,0xf3,0x0f,0x10,0x45,0xec,
0xf3,0x0f,0x58,0xc0,0xf3,0x0f,0x11,0x45,0xec,0x8b,0x45,0xe8,0x8d,0x50,0xff,0x89,
0x55,0xe8,0x85,0xc0,0x7f,0xe5,0x48,0x8b,0x45,0xf0,0x48,0x85,0xc0,0x78,0x0b,0x66,
0x0f,0xef,0xc0,0xf3,0x48,0x0f,0x2a,0xc0,0xeb,0x19,0x48,0x89,0xc2,0x48,0xd1,0xea,
0x83,0xe0,0x01,0x48,0x09,0xc2,0x66,0x0f,0xef,0xc0,0xf3,0x48,0x0f,0x2a,0xc2,0xf3,
0x0f,0x58,0xc0,0xf3,0x0f,0x59,0x45,0xec,0x48,0x8b,0x45,0xf8,0x64,0x48,0x2b,0x04,
0x25,0x28,0x00,0x00,0x00,0x74,0x05,0xe8,0x00,0x00,0x00,0x00,0xc9,0xc3,0xf3,0x0f,
0x1e,0xfa,0x55,0x48,0x89,0xe5,0x48,0x83,0xec,0x10,0x48,0x89,0xf8,0x48,0x89,0xf1,
0x48,0x89,0xc0,0xba,0x00,0x00,0x00,0x00,0x48,0x89,0xca,0x48,0x89,0x45,0xf0,0x48,
0x89,0x55,0xf8,0x48,0x8b,0x55,0xf0,0x48,0x8b,0x45,0xf8,0x48,0x89,0xd7,0x48,0x89,
0xc6,0xe8,0x4b,0xe8,0xff,0xff,0x85,0xc0,0x74,0x3c,0x48,0x8b,0x55,0xf0,0x48,0x8b,
0x45,0xf8,0x48,0x89,0xd7,0x48,0x89,0xc6,0xe8,0x62,0xe8,0xff,0xff,0x48,0x89,0xc1,
0x48,0x89,0xd0,0x48,0x89,0xcf,0x48,0x89,0xc6,0xe8,0x00,0x00,0x00,0x00,0x66,0x0f,
0x7e,0xc0,0xf3,0x0f,0x10,0x05,0x00,0x00,0x00,0x00,0x66,0x0f,0x6e,0xc8,0x0f,0x57,
0xc8,0x0f,0x28,0xc1,0xeb,0x13,0x48,0x8b,0x55,0xf0,0x48,0x8b,0x45,0xf8,0x48,0x89,
0xd7,0x48,0x89,0xc6,0xe8,0x00,0x00,0x00,0x00,0xc9,0xc3,0xf3,0x0f,0x1e,0xfa,0x55,
0x48,0x89,0xe5,0x48,0x83,0xec,0x30,0xf2,0x0f,0x11,0x45,0xd8,0xbe,0x00,0x00,0x00,
0x00,0xbf,0x00,0x00,0x00,0x00,0xe8,0xac,0xe7,0xff,0xff,0x48,0x89,0x45,0xf0,0x48,
0x89,0x55,0xf8,0xf2,0x0f,0x10,0x45,0xd8,0xf2,0x0f,0x10,0x0d,0x00,0x00,0x00,0x00,
0x66,0x0f,0x2f,0xc1,0x0f,0x93,0xc0,0x83,0xf0,0x01,0x84,0xc0,0x74,0x0d,0x48,0x8b,
0x45,0xf0,0x48,0x8b,0x55,0xf8,0xe9,0x39,0x01,0x00,0x00,0xf2,0x0f,0x10,0x0d,0x00,
0x00,0x00,0x00,0xf2,0x0f,0x10,0x45,0xd8,0x66,0x0f,0x2f,0xc1,0x0f,0x82,0xd8,0x00,
0x00,0x00,0xf2,0x0f,0x10,0x0d,0x00,0x00,0x00,0x00,0xf2,0x0f,0x10,0x05,0x00,0x00,
0x00,0x00,0xf2,0x0f,0x5e,0xc1,0xf2,0x0f,0x59,0x45,0xd8,0x66,0x0f,0x2f,0x05,0x00,
0x00,0x00,0x00,0x73,0x0b,0xf2,0x48,0x0f,0x2c,0xc0,0x48,0x89,0x45,0xe8,0xeb,0x23,
0xf2,0x0f,0x10,0x0d,0x00,0x00,0x00,0x00,0xf2,0x0f,0x5c,0xc1,0xf2,0x48,0x0f,0x2c,
0xc0,0x48,0x89,0x45,0xe8,0x48,0xb8,0x00,0x00,0x00,0x00,0x00,0x00,0x00,0x80,0x48,
0x31,0x45,0xe8,0x48,0x8b,0x45,0xe8,0x48,0x89,0x45,0xe8,0x48,0x8b,0x45,0xe8,0x48,
0x89,0x45,0xf8,0x48,0x8b,0x45,0xe8,0x48,0x85,0xc0,0x78,0x0b,0x66,0x0f,0xef,0xc0,
0xf2,0x48,0x0f,0x2a,0xc0,0xeb,0x19,0x48,0x89,0xc2,0x48,0xd1,0xea,0x83,0xe0,0x01,
0x48,0x09,0xc2,0x66,0x0f,0xef,0xc0,0xf2,0x48,0x0f,0x2a,0xc2,0xf2,0x0f,0x58,0xc0,
0xf2,0x0f,0x10,0x0d,0x00,0x00,0x00,0x00,0xf2,0x0f,0x59,0xc8,0xf2,0x0f,0x10,0x45,
0xd8,0xf2,0x0f,0x5c,0xc1,0x66,0x0f,0x2f,0x05,0x00,0x00,0x00,0x00,0x73,0x07,0xf2,
0x48,0x0f,0x2c,0xc0,0xeb,0x1e,0xf2,0x0f,0x10,0x0d,0x00,0x00,0x00,0x00,0xf2,0x0f,
0x5c,0xc1,0xf2,0x48,0x0f,0x2c,0xc0,0x48,0xba,0x00,0x00,0x00,0x00,0x00,0x00,0x00,
0x80,0x48,0x31,0xd0,0x48,0x89,0x45,0xf0,0xeb,0x42,0xf2,0x0f,0x10,0x45,0xd8,0x66,
0x0f,0x2f,0x05,0x00,0x00,0x00,0x00,0x73,0x0c,0xf2,0x0f,0x10,0x45,0xd8,0xf2,0x48,
0x0f,0x2c,0xc0,0xeb,0x23,0xf2,0x0f,0x10,0x45,0xd8,0xf2,0x0f,0x10,0x0d,0x00,0x00,
0x00,0x00,0xf2,0x0f,0x5c,0xc1,0xf2,0x48,0x0f,0x2c,0xc0,0x48,0xba,0x00,0x00,0x00,
0x00,0x00,0x00,0x00,0x80,0x48,0x31,0xd0,0x48,0x89,0x45,0xf0,0x48,0x8b,0x45,0xf0,
0x48,0x8b,0x55,0xf8,0xc9,0xc3,0xf3,0x0f,0x1e,0xfa,0x55,0x48,0x89,0xe5,0x48,0x83,
0xec,0x10,0xf2,0x0f,0x11,0x45,0xf8,0x66,0x0f,0xef,0xc0,0x66,0x0f,0x2f,0x45,0xf8,
0x76,0x33,0xf2,0x0f,0x10,0x45,0xf8,0xf3,0x0f,0x7e,0x0d,0x00,0x00,0x00,0x00,0x66,
0x0f,0x57,0xc1,0x66,0x48,0x0f,0x7e,0xc0,0x66,0x48,0x0f,0x6e,0xc0,0xe8,0x00,0x00,
0x00,0x00,0x48,0x89,0xc1,0x48,0x89,0xd0,0x48,0x89,0xcf,0x48,0x89,0xc6,0xe8,0x4c,
0xe6,0xff,0xff,0xeb,0x0e,0x48,0x8b,0x45,0xf8,0x66,0x48,0x0f,0x6e,0xc0,0xe8,0x00,
0x00,0x00,0x00,0xc9,0xc3,0xf3,0x0f,0x1e,0xfa,0x55,0x48,0x89,0xe5,0x48,0x83,0xec,
0x10,0xf3,0x0f,0x11,0x45,0xfc,0x66,0x0f,0xef,0xc9,0xf3,0x0f,0x5a,0x4d,0xfc,0x66,
0x48,0x0f,0x7e,0xc8,0x66,0x48,0x0f,0x6e,0xc0,0xe8,0x00,0x00,0x00,0x00,0xc9,0xc3,
0xf3,0x0f,0x1e,0xfa,0x55,0x48,0x89,0xe5,0x48,0x83,0xec,0x10,0xf3,0x0f,0x11,0x45,
0xfc,0x66,0x0f,0xef,0xc9,0xf3,0x0f,0x5a,0x4d,0xfc,0x66,0x48,0x0f,0x7e,0xc8,0x66,
0x48,0x0f,0x6e,0xc0,0xe8,0x00,0x00,0x00,0x00,0xc9,0xc3,0xf3,0x0f,0x1e,0xfa,0x55,
0x48,0x89,0xe5,0x48,0x83,0xec,0x40,0x48,0x89,0xf8,0x48,0x89,0xf1,0x48,0x89,0xc0,
0xba,0x00,0x00,0x00,0x00,0x48,0x89,0xca,0x48,0x89,0x45,0xc0,0x48,0x89,0x55,0xc8,
0x64,0x48,0x8b,0x04,0x25,0x28,0x00,0x00,0x00,0x48,0x89,0x45,0xf8,0x31,0xc0,0x48,
0x8d,0x55,0xd4,0x48,0x8b,0x4d,0xc0,0x48,0x8b,0x45,0xc8,0x48,0x89,0xcf,0x48,0x89,
0xc6,0xe8,0x59,0xf0,0xff,0xff,0x48,0x89,0x45,0xd8,0xd9,0xe8,0xdb,0x7d,0xe0,0xeb,
0x08,0xdb,0x6d,0xe0,0xd8,0xc0,0xdb,0x7d,0xe0,0x8b,0x45,0xd4,0x8d,0x50,0xff,0x89,
0x55,0xd4,0x85,0xc0,0x7f,0xeb,0xdf,0x6d,0xd8,0x48,0x83,0x7d,0xd8,0x00,0x79,0x08,
0xdb,0x2d,0x00,0x00,0x00,0x00,0xde,0xc1,0xdb,0x6d,0xe0,0xde,0xc9,0x48,0x8b,0x45,
0xf8,0x64,0x48,0x2b,0x04,0x25,0x28,0x00,0x00,0x00,0x74,0x07,0xdd,0xd8,0xe8,0x00,
0x00,0x00,0x00,0xc9,0xc3,0xf3,0x0f,0x1e,0xfa,0x55,0x48,0x89,0xe5,0x48,0x83,0xec,
0x20,0x48,0x89,0xf8,0x48,0x89,0xf1,0x48,0x89,0xc0,0xba,0x00,0x00,0x00,0x00,0x48,
0x89,0xca,0x48,0x89,0x45,0xf0,0x48,0x89,0x55,0xf8,0x48,0x8b,0x55,0xf0,0x48,0x8b,
0x45,0xf8,0x48,0x89,0xd7,0x48,0x89,0xc6,0xe8,0xe4,0xe4,0xff,0xff,0x85,0xc0,0x74,
0x32,0x48,0x8b,0x55,0xf0,0x48,0x8b,0x45,0xf8,0x48,0x89,0xd7,0x48,0x89,0xc6,0xe8,
0xfb,0xe4,0xff,0xff,0x48,0x89,0xc1,0x48,0x89,0xd0,0x48,0x89,0xcf,0x48,0x89,0xc6,
0xe8,0x00,0x00,0x00,0x00,0xd9,0xe0,0xdb,0x7d,0xe0,0x48,0x8b,0x45,0xe0,0x8b,0x55,
0xe8,0xeb,0x1d,0x48,0x8b,0x55,0xf0,0x48,0x8b,0x45,0xf8,0x48,0x89,0xd7,0x48,0x89,
0xc6,0xe8,0x00,0x00,0x00,0x00,0xdb,0x7d,0xe0,0x48,0x8b,0x45,0xe0,0x8b,0x55,0xe8,
0x48,0x89,0x45,0xe0,0x89,0x55,0xe8,0xdb,0x6d,0xe0,0xc9,0xc3,0xf3,0x0f,0x1e,0xfa,
0x55,0x48,0x89,0xe5,0x48,0x83,0xec,0x30,0xbe,0x00,0x00,0x00,0x00,0xbf,0x00,0x00,
0x00,0x00,0xe8,0x40,0xe4,0xff,0xff,0x48,0x89,0x45,0xf0,0x48,0x89,0x55,0xf8,0xd9,
0xe8,0xdb,0x6d,0x10,0xdf,0xf1,0xdd,0xd8,0x0f,0x93,0xc0,0x83,0xf0,0x01,0x84,0xc0,
0x74,0x0d,0x48,0x8b,0x45,0xf0,0x48,0x8b,0x55,0xf8,0xe9,0x58,0x01,0x00,0x00,0xdb,
0x2d,0x00,0x00,0x00,0x00,0xdb,0x6d,0x10,0xdf,0xf1,0xdd,0xd8,0x0f,0x82,0xd7,0x00,
0x00,0x00,0xdb,0x2d,0x00,0x00,0x00,0x00,0xd9,0xe8,0xde,0xf1,0xdb,0x6d,0x10,0xde,
0xc9,0xdb,0x2d,0x00,0x00,0x00,0x00,0xd9,0xc9,0xdb,0xf1,0xdd,0xd9,0x73,0x19,0xd9,
0x7d,0xde,0x0f,0xb7,0x45,0xde,0x80,0xcc,0x0c,0x66,0x89,0x45,0xdc,0xd9,0x6d,0xdc,
0xdf,0x7d,0xe8,0xd9,0x6d,0xde,0xeb,0x2d,0xdb,0x2d,0x00,0x00,0x00,0x00,0xde,0xe9,
0xd9,0x7d,0xde,0x0f,0xb7,0x45,0xde,0x80,0xcc,0x0c,0x66,0x89,0x45,0xdc,0xd9,0x6d,
0xdc,0xdf,0x7d,0xe8,0xd9,0x6d,0xde,0x48,0xb8,0x00,0x00,0x00,0x00,0x00,0x00,0x00,
0x80,0x48,0x31,0x45,0xe8,0x48,0x8b,0x45,0xe8,0x48,0x89,0x45,0xe8,0x48,0x8b,0x45,
0xe8,0x48,0x89,0x45,0xf8,0xdf,0x6d,0xe8,0x48,0x83,0x7d,0xe8,0x00,0x79,0x08,0xdb,
0x2d,0x00,0x00,0x00,0x00,0xde,0xc1,0xdb,0x2d,0x00,0x00,0x00,0x00,0xde,0xc9,0xdb,
0x6d,0x10,0xde,0xe1,0xdb,0x2d,0x00,0x00,0x00,0x00,0xd9,0xc9,0xdb,0xf1,0xdd,0xd9,
0x73,0x0f,0xd9,0x6d,0xdc,0xdf,0x7d,0xd0,0xd9,0x6d,0xde,0x48,0x8b,0x55,0xd0,0xeb,
0x22,0xdb,0x2d,0x00,0x00,0x00,0x00,0xde,0xe9,0xd9,0x6d,0xdc,0xdf,0x7d,0xd0,0xd9,
0x6d,0xde,0x48,0x8b,0x55,0xd0,0x48,0xb8,0x00,0x00,0x00,0x00,0x00,0x00,0x00,0x80,
0x48,0x31,0xc2,0x48,0x89,0x55,0xf0,0xeb,0x66,0xdb,0x2d,0x00,0x00,0x00,0x00,0xdb,
0x6d,0x10,0xdf,0xf1,0xdd,0xd8,0x73,0x20,0xdb,0x6d,0x10,0xd9,0x7d,0xde,0x0f,0xb7,
0x45,0xde,0x80,0xcc,0x0c,0x66,0x89,0x45,0xdc,0xd9,0x6d,0xdc,0xdf,0x7d,0xd0,0xd9,
0x6d,0xde,0x48,0x8b,0x55,0xd0,0xeb,0x33,0xdb,0x6d,0x10,0xdb,0x2d,0x00,0x00,0x00,
0x00,0xde,0xe9,0xd9,0x7d,0xde,0x0f,0xb7,0x45,0xde,0x80,0xcc,0x0c,0x66,0x89,0x45,
0xdc,0xd9,0x6d,0xdc,0xdf,0x7d,0xd0,0xd9,0x6d,0xde,0x48,0x8b,0x55,0xd0,0x48,0xb8,
0x00,0x00,0x00,0x00,0x00,0x00,0x00,0x80,0x48,0x31,0xc2,0x48,0x89,0x55,0xf0,0x48,
0x8b,0x45,0xf0,0x48,0x8b,0x55,0xf8,0xc9,0xc3,0xf3,0x0f,0x1e,0xfa,0x55,0x48,0x89,
0xe5,0x48,0x83,0xec,0x10,0xdb,0x6d,0x10,0xd9,0xee,0xdf,0xf1,0xdd,0xd8,0x76,0x2d,
0xdb,0x6d,0x10,0xd9,0xe0,0xdb,0x7d,0xf0,0x48,0x8b,0x45,0xf0,0x8b,0x55,0xf8,0x52,
0x50,0xe8,0x00,0x00,0x00,0x00,0x48,0x83,0xc4,0x10,0x48,0x89,0xc1,0x48,0x89,0xd0,
0x48,0x89,0xcf,0x48,0x89,0xc6,0xe8,0xd4,0xe2,0xff,0xff,0xeb,0x0f,0xff,0x75,0x18,
0xff,0x75,0x10,0xe8,0x00,0x00,0x00,0x00,0x48,0x83,0xc4,0x10,0xc9,0xc3,0xf3,0x0f,
0x1e,0xfa,0x55,0x48,0x89,0xe5,0x48,0x83,0xec,0x40,0x48,0x89,0xf8,0x49,0x89,0xf1,
0x48,0x89,0xc6,0xbf,0x00,0x00,0x00,0x00,0x4c,0x89,0xcf,0x48,0x89,0x75,0xe0,0x48,
0x89,0x7d,0xe8,0x48,0x89,0x55,0xd0,0x48,0x89,0x4d,0xd8,0x4c,0x89,0x45,0xc8,0x48,
0x8b,0x45,0xd0,0x48,0x8b,0x55,0xd8,0x48,0x8b,0x7d,0xe0,0x48,0x8b,0x75,0xe8,0x48,
0x89,0xd1,0x48,0x89,0xc2,0xe8,0xcf,0xe2,0xff,0xff,0x48,0x89,0x45,0xf0,0x48,0x89,
0x55,0xf8,0x48,0x8b,0x4d,0xc8,0x48,0x8b,0x45,0xf0,0x48,0x8b,0x55,0xf8,0x48,0x89,
0x01,0x48,0x89,0x51,0x08,0x48,0x8b,0x55,0xe8,0x48,0x8b,0x45,0xd8,0x48,0x31,0xd0,
0x48,0xf7,0xd0,0x48,0x89,0xc1,0x48,0x8b,0x55,0xe8,0x48,0x8b,0x45,0xf8,0x48,0x31,
0xd0,0x48,0x21,0xc8,0x48,0xc1,0xe8,0x3f,0x0f,0xb6,0xc0,0xc9,0xc3,0xf3,0x0f,0x1e,
0xfa,0x55,0x48,0x89,0xe5,0x48,0x83,0xec,0x40,0x48,0x89,0xf8,0x49,0x89,0xf1,0x48,
0x89,0xc6,0xbf,0x00,0x00,0x00,0x00,0x4c,0x89,0xcf,0x48,0x89,0x75,0xe0,0x48,0x89,
0x7d,0xe8,0x48,0x89,0x55,0xd0,0x48,0x89,0x4d,0xd8,0x4c,0x89,0x45,0xc8,0x48,0x8b,
0x45,0xd0,0x48,0x8b,0x55,0xd8,0x48,0x8b,0x7d,0xe0,0x48,0x8b,0x75,0xe8,0x48,0x89,
0xd1,0x48,0x89,0xc2,0xe8,0xae,0xe2,0xff,0xff,0x48,0x89,0x45,0xf0,0x48,0x89,0x55,
0xf8,0x48,0x8b,0x4d,0xc8,0x48,0x8b,0x45,0xf0,0x48,0x8b,0x55,0xf8,0x48,0x89,0x01,
0x48,0x89,0x51,0x08,0x48,0x8b,0x55,0xe8,0x48,0x8b,0x45,0xd8,0x48,0x89,0xd1,0x48,
0x31,0xc1,0x48,0x8b,0x55,0xe8,0x48,0x8b,0x45,0xf8,0x48,0x31,0xd0,0x48,0x21,0xc8,
0x48,0xc1,0xe8,0x3f,0x0f,0xb6,0xc0,0xc9,0xc3,0xf3,0x0f,0x1e,0xfa,0x55,0x48,0x89,
0xe5,0x53,0x48,0x83,0xec,0x48,0x48,0x89,0xf8,0x49,0x89,0xf1,0x48,0x89,0xc6,0xbf,
0x00,0x00,0x00,0x00,0x4c,0x89,0xcf,0x48,0x89,0x75,0xd0,0x48,0x89,0x7d,0xd8,0x48,
0x89,0x55,0xc0,0x48,0x89,0x4d,0xc8,0x4c,0x89,0x45,0xb8,0x48,0x8b,0x45,0xc0,0x48,
0x8b,0x55,0xc8,0x48,0x8b,0x7d,0xd0,0x48,0x8b,0x75,0xd8,0x48,0x89,0xd1,0x48,0x89,
0xc2,0xe8,0x00,0x00,0x00,0x00,0x48,0x89,0x45,0xe0,0x48,0x89,0x55,0xe8,0x48,0x8b,
0x4d,0xb8,0x48,0x8b,0x45,0xe0,0x48,0x8b,0x55,0xe8,0x48,0x89,0x01,0x48,0x89,0x51,
0x08,0x48,0x8b,0x55,0xd0,0x48,0x8b,0x45,0xd8,0x48,0x89,0xd7,0x48,0x89,0xc6,0xe8,
0x13,0xe3,0xff,0xff,0x85,0xc0,0x75,0x17,0x48,0x8b,0x55,0xc0,0x48,0x8b,0x45,0xc8,
0x48,0x89,0xd7,0x48,0x89,0xc6,0xe8,0xfc,0xe2,0xff,0xff,0x85,0xc0,0x74,0x0a,0xb8,
0x00,0x00,0x00,0x00,0xe9,0x9a,0x00,0x00,0x00,0x48,0x8b,0x55,0xd0,0x48,0x8b,0x45,
0xd8,0x48,0x89,0xd7,0x48,0x89,0xc6,0xe8,0x1c,0xe3,0xff,0xff,0x85,0xc0,0x74,0x15,
0x48,0x8b,0x55,0xc0,0x48,0x8b,0x45,0xc8,0x48,0x89,0xd7,0x48,0x89,0xc6,0xe8,0x48,
0xe3,0xff,0xff,0xeb,0x6e,0x48,0x8b,0x55,0xc0,0x48,0x8b,0x45,0xc8,0x48,0x89,0xd7,
0x48,0x89,0xc6,0xe8,0xf0,0xe2,0xff,0xff,0x85,0xc0,0x74,0x15,0x48,0x8b,0x55,0xd0,
0x48,0x8b,0x45,0xd8,0x48,0x89,0xd7,0x48,0x89,0xc6,0xe8,0x1c,0xe3,0xff,0xff,0xeb,
0x42,0x48,0x8b,0x45,0xd0,0x48,0x8b,0x55,0xd8,0x48,0x8b,0x7d,0xe0,0x48,0x8b,0x75,
0xe8,0x48,0x89,0xd1,0x48,0x89,0xc2,0xe8,0x00,0x00,0x00,0x00,0x48,0x8b,0x4d,0xc0,
0x48,0x8b,0x5d,0xc8,0x48,0x89,0xc6,0x48,0x89,0xd0,0x48,0x89,0xca,0x48,0x89,0xd9,
0x48,0x89,0xf7,0x48,0x89,0xc6,0xe8,0x0b,0xe2,0xff,0xff,0x85,0xc0,0x0f,0x94,0xc0,
0x0f,0xb6,0xc0,0x48,0x8b,0x5d,0xf8,0xc9,0xc3,0xf3,0x0f,0x1e,0xfa,0x55,0x48,0x89,
0xe5,0x48,0x83,0xec,0x40,0x48,0x89,0xf8,0x49,0x89,0xf1,0x48,0x89,0xc6,0xbf,0x00,
0x00,0x00,0x00,0x4c,0x89,0xcf,0x48,0x89,0x75,0xe0,0x48,0x89,0x7d,0xe8,0x48,0x89,
0x55,0xd0,0x48,0x89,0x4d,0xd8,0x4c,0x89,0x45,0xc8,0x48,0x8b,0x45,0xd0,0x48,0x8b,
0x55,0xd8,0x48,0x8b,0x7d,0xe0,0x48,0x8b,0x75,0xe8,0x48,0x89,0xd1,0x48,0x89,0xc2,
0xe8,0x74,0xe0,0xff,0xff,0x48,0x89,0x45,0xf0,0x48,0x89,0x55,0xf8,0x48,0x8b,0x4d,
0xc8,0x48,0x8b,0x45,0xf0,0x48,0x8b,0x55,0xf8,0x48,0x89,0x01,0x48,0x89,0x51,0x08,
0x48,0x8b,0x45,0xe0,0x48,0x8b,0x55,0xe8,0x48,0x8b,0x7d,0xf0,0x48,0x8b,0x75,0xf8,
0x48,0x89,0xd1,0x48,0x89,0xc2,0xe8,0x1f,0xe1,0xff,0xff,0xc9,0xc3,0xf3,0x0f,0x1e,
0xfa,0x55,0x48,0x89,0xe5,0x48,0x83,0xec,0x30,0x48,0x89,0xf8,0x49,0x89,0xf1,0x48,
0x89,0xc6,0xbf,0x00,0x00,0x00,0x00,0x4c,0x89,0xcf,0x48,0x89,0x75,0xf0,0x48,0x89,
0x7d,0xf8,0x48,0x89,0x55,0xe0,0x48,0x89,0x4d,0xe8,0x4c,0x89,0x45,0xd8,0x48,0x8b,
0x45,0xe0,0x48,0x8b,0x55,0xe8,0x48,0x8b,0x7d,0xf0,0x48,0x8b,0x75,0xf8,0x48,0x89,
0xd1,0x48,0x89,0xc2,0xe8,0x5e,0xe0,0xff,0xff,0x48,0x8b,0x4d,0xd8,0x48,0x89,0x01,
0x48,0x89,0x51,0x08,0x48,0x8b,0x45,0xe0,0x48,0x8b,0x55,0xe8,0x48,0x8b,0x7d,0xf0,
0x48,0x8b,0x75,0xf8,0x48,0x89,0xd1,0x48,0x89,0xc2,0xe8,0xab,0xe0,0xff,0xff,0xc9,
0xc3,0xf3,0x0f,0x1e,0xfa,0x55,0x48,0x89,0xe5,0x53,0x48,0x83,0xec,0x48,0x48,0x89,
0xf8,0x49,0x89,0xf1,0x48,0x89,0xc6,0xbf,0x00,0x00,0x00,0x00,0x4c,0x89,0xcf,0x48,
0x89,0x75,0xd0,0x48,0x89,0x7d,0xd8,0x48,0x89,0x55,0xc0,0x48,0x89,0x4d,0xc8,0x4c,
0x89,0x45,0xb8,0x48,0x8b,0x45,0xc0,0x48,0x8b,0x55,0xc8,0x48,0x8b,0x7d,0xd0,0x48,
0x8b,0x75,0xd8,0x48,0x89,0xd1,0x48,0x89,0xc2,0xe8,0x00,0x00,0x00,0x00,0x48,0x89,
0x45,0xe0,0x48,0x89,0x55,0xe8,0x48,0x8b,0x4d,0xb8,0x48,0x8b,0x45,0xe0,0x48,0x8b,
0x55,0xe8,0x48,0x89,0x01,0x48,0x89,0x51,0x08,0x48,0x8b,0x55,0xd0,0x48,0x8b,0x45,
0xd8,0x48,0x89,0xd7,0x48,0x89,0xc6,0xe8,0xdb,0xe0,0xff,0xff,0x85,0xc0,0x74,0x07,
0xb8,0x00,0x00,0x00,0x00,0xeb,0x42,0x48,0x8b,0x45,0xd0,0x48,0x8b,0x55,0xd8,0x48,
0x8b,0x7d,0xe0,0x48,0x8b,0x75,0xe8,0x48,0x89,0xd1,0x48,0x89,0xc2,0xe8,0x00,0x00,
0x00,0x00,0x48,0x8b,0x4d,0xc0,0x48,0x8b,0x5d,0xc8,0x48,0x89,0xc6,0x48,0x89,0xd0,
0x48,0x89,0xca,0x48,0x89,0xd9,0x48,0x89,0xf7,0x48,0x89,0xc6,0xe8,0x45,0xe0,0xff,
0xff,0x85,0xc0,0x0f,0x94,0xc0,0x0f,0xb6,0xc0,0x48,0x8b,0x5d,0xf8,0xc9,0xc3,0xf3,
0x0f,0x1e,0xfa,0x55,0x48,0x89,0xe5,0x48,0x83,0xec,0x10,0x48,0x89,0xf8,0x48,0x89,
0xf1,0x48,0x89,0xc0,0xba,0x00,0x00,0x00,0x00,0x48,0x89,0xca,0x48,0x89,0x45,0xf0,
0x48,0x89,0x55,0xf8,0x48,0x8b,0x4d,0xf0,0x48,0x8b,0x45,0xf0,0x48,0x8b,0x55,0xf8,
0x48,0x89,0xd0,0x31,0xd2,0x48,0x89,0xce,0x48,0x89,0xc7,0xe8,0x07,0xde,0xff,0xff,
0xc9,0xc3,0xf3,0x0f,0x1e,0xfa,0x55,0x48,0x89,0xe5,0x53,0x48,0x89,0xf8,0x48,0x89,
0xf1,0x48,0x89,0xc0,0xba,0x00,0x00,0x00,0x00,0x48,0x89,0xca,0x48,0x89,0x45,0xe0,
0x48,0x89,0x55,0xe8,0x48,0x8b,0x45,0xe8,0x48,0x89,0xc0,0xba,0x00,0x00,0x00,0x00,
0x48,0x89,0xc2,0x31,0xc0,0x48,0x8b,0x4d,0xe0,0x48,0x89,0xc9,0xbb,0x00,0x00,0x00,
0x00,0x48,0x09,0xc8,0x48,0x09,0xda,0x48,0x8b,0x5d,0xf8,0xc9,0xc3,0xf3,0x0f,0x1e,
0xfa,0x55,0x48,0x89,0xe5,0x41,0x55,0x41,0x54,0x48,0x83,0xec,0x60,0x48,0x89,0xf8,
0x49,0x89,0xf1,0x48,0x89,0xc6,0xbf,0x00,0x00,0x00,0x00,0x4c,0x89,0xcf,0x48,0x89,
0x75,0xb0,0x48,0x89,0x7d,0xb8,0x48,0x89,0x55,0xa0,0x48,0x89,0x4d,0xa8,0x4c,0x89,
0x45,0x98,0x64,0x48,0x8b,0x04,0x25,0x28,0x00,0x00,0x00,0x48,0x89,0x45,0xe8,0x31,
0xc0,0x48,0x8b,0x45,0xa0,0x48,0x8b,0x55,0xa8,0x48,0x89,0xc1,0x48,0x89,0xd0,0x48,
0x89,0xcf,0x48,0x89,0xc6,0xe8,0x15,0xff,0xff,0xff,0x49,0x89,0xc4,0x49,0x89,0xd5,
0x48,0x8b,0x45,0xb0,0x48,0x8b,0x55,0xb8,0x48,0x89,0xc1,0x48,0x89,0xd0,0x48,0x89,
0xcf,0x48,0x89,0xc6,0xe8,0xf6,0xfe,0xff,0xff,0x48,0x8d,0x4d,0xd0,0x48,0x89,0xc6,
0x48,0x89,0xd0,0x49,0x89,0xc8,0x4c,0x89,0xe2,0x4c,0x89,0xe9,0x48,0x89,0xf7,0x48,
0x89,0xc6,0xe8,0xb7,0xfa,0xff,0xff,0x89,0x45,0xcc,0x48,0x8b,0x55,0xd0,0x48,0x8b,
0x45,0xd8,0x48,0x89,0xd7,0x48,0x89,0xc6,0xe8,0x05,0xff,0xff,0xff,0x48,0x8b,0x4d,
0x98,0x48,0x89,0x01,0x48,0x89,0x51,0x08,0x8b,0x45,0xcc,0x48,0x8b,0x55,0xe8,0x64,
0x48,0x2b,0x14,0x25,0x28,0x00,0x00,0x00,0x74,0x05,0xe8,0x00,0x00,0x00,0x00,0x48,
0x83,0xc4,0x60,0x41,0x5c,0x41,0x5d,0x5d,0xc3,0xf3,0x0f,0x1e,0xfa,0x55,0x48,0x89,
0xe5,0x41,0x55,0x41,0x54,0x48,0x83,0xec,0x60,0x48,0x89,0xf8,0x49,0x89,0xf1,0x48,
0x89,0xc6,0xbf,0x00,0x00,0x00,0x00,0x4c,0x89,0xcf,0x48,0x89,0x75,0xb0,0x48,0x89,
0x7d,0xb8,0x48,0x89,0x55,0xa0,0x48,0x89,0x4d,0xa8,0x4c,0x89,0x45,0x98,0x64,0x48,
0x8b,0x04,0x25,0x28,0x00,0x00,0x00,0x48,0x89,0x45,0xe8,0x31,0xc0,0x48,0x8b,0x45,
0xa0,0x48,0x8b,0x55,0xa8,0x48,0x89,0xc1,0x48,0x89,0xd0,0x48,0x89,0xcf,0x48,0x89,
0xc6,0xe8,0x39,0xfe,0xff,0xff,0x49,0x89,0xc4,0x49,0x89,0xd5,0x48,0x8b,0x45,0xb0,
0x48,0x8b,0x55,0xb8,0x48,0x89,0xc1,0x48,0x89,0xd0,0x48,0x89,0xcf,0x48,0x89,0xc6,
0xe8,0x1a,0xfe,0xff,0xff,0x48,0x8d,0x4d,0xd0,0x48,0x89,0xc6,0x48,0x89,0xd0,0x49,
0x89,0xc8,0x4c,0x89,0xe2,0x4c,0x89,0xe9,0x48,0x89,0xf7,0x48,0x89,0xc6,0xe8,0x6a,
0xfa,0xff,0xff,0x89,0x45,0xcc,0x48,0x8b,0x55,0xd0,0x48,0x8b,0x45,0xd8,0x48,0x89,
0xd7,0x48,0x89,0xc6,0xe8,0x29,0xfe,0xff,0xff,0x48,0x8b,0x4d,0x98,0x48,0x89,0x01,
0x48,0x89,0x51,0x08,0x8b,0x45,0xcc,0x48,0x8b,0x55,0xe8,0x64,0x48,0x2b,0x14,0x25,
0x28,0x00,0x00,0x00,0x74,0x05,0xe8,0x00,0x00,0x00,0x00,0x48,0x83,0xc4,0x60,0x41,
0x5c,0x41,0x5d,0x5d,0xc3,0xf3,0x0f,0x1e,0xfa,0x55,0x48,0x89,0xe5,0x41,0x55,0x41,
0x54,0x48,0x83,0xec,0x60,0x48,0x89,0xf8,0x49,0x89,0xf1,0x48,0x89,0xc6,0xbf,0x00,
0x00,0x00,0x00,0x4c,0x89,0xcf,0x48,0x89,0x75,0xb0,0x48,0x89,0x7d,0xb8,0x48,0x89,
0x55,0xa0,0x48,0x89,0x4d,0xa8,0x4c,0x89,0x45,0x98,0x64,0x48,0x8b,0x04,0x25,0x28,
0x00,0x00,0x00,0x48,0x89,0x45,0xe8,0x31,0xc0,0x48,0x8b,0x45,0xa0,0x48,0x8b,0x55,
0xa8,0x48,0x89,0xc1,0x48,0x89,0xd0,0x48,0x89,0xcf,0x48,0x89,0xc6,0xe8,0x5d,0xfd,
0xff,0xff,0x49,0x89,0xc4,0x49,0x89,0xd5,0x48,0x8b,0x45,0xb0,0x48,0x8b,0x55,0xb8,
0x48,0x89,0xc1,0x48,0x89,0xd0,0x48,0x89,0xcf,0x48,0x89,0xc6,0xe8,0x3e,0xfd,0xff,
0xff,0x48,0x8d,0x4d,0xd0,0x48,0x89,0xc6,0x48,0x89,0xd0,0x49,0x89,0xc8,0x4c,0x89,
0xe2,0x4c,0x89,0xe9,0x48,0x89,0xf7,0x48,0x89,0xc6,0xe8,0x1a,0xfa,0xff,0xff,0x89,
0x45,0xcc,0x48,0x8b,0x55,0xd0,0x48,0x8b,0x45,0xd8,0x48,0x89,0xd7,0x48,0x89,0xc6,
0xe8,0x4d,0xfd,0xff,0xff,0x48,0x8b,0x4d,0x98,0x48,0x89,0x01,0x48,0x89,0x51,0x08,
0x8b,0x45,0xcc,0x48,0x8b,0x55,0xe8,0x64,0x48,0x2b,0x14,0x25,0x28,0x00,0x00,0x00,
0x74,0x05,0xe8,0x00,0x00,0x00,0x00,0x48,0x83,0xc4,0x60,0x41,0x5c,0x41,0x5d,0x5d,
0xc3,0xf3,0x0f,0x1e,0xfa,0x55,0x48,0x89,0xe5,0x41,0x55,0x41,0x54,0x48,0x83,0xec,
0x60,0x48,0x89,0xf8,0x49,0x89,0xf1,0x48,0x89,0xc6,0xbf,0x00,0x00,0x00,0x00,0x4c,
0x89,0xcf,0x48,0x89,0x75,0xb0,0x48,0x89,0x7d,0xb8,0x48,0x89,0x55,0xa0,0x48,0x89,
0x4d,0xa8,0x4c,0x89,0x45,0x98,0x64,0x48,0x8b,0x04,0x25,0x28,0x00,0x00,0x00,0x48,
0x89,0x45,0xe8,0x31,0xc0,0x48,0x8b,0x55,0xa0,0x48,0x8b,0x45,0xa8,0x48,0x89,0xd7,
0x48,0x89,0xc6,0xe8,0x87,0xfc,0xff,0xff,0x49,0x89,0xc4,0x49,0x89,0xd5,0x48,0x8b,
0x55,0xb0,0x48,0x8b,0x45,0xb8,0x48,0x89,0xd7,0x48,0x89,0xc6,0xe8,0x6e,0xfc,0xff,
0xff,0x48,0x8d,0x4d,0xd0,0x48,0x89,0xc6,0x48,0x89,0xd0,0x49,0x89,0xc8,0x4c,0x89,
0xe2,0x4c,0x89,0xe9,0x48,0x89,0xf7,0x48,0x89,0xc6,0xe8,0x8a,0xfa,0xff,0xff,0x89,
0x45,0xcc,0x48,0x8b,0x55,0xd0,0x48,0x8b,0x45,0xd8,0x48,0x89,0xd7,0x48,0x89,0xc6,
0xe8,0x7d,0xfc,0xff,0xff,0x48,0x8b,0x4d,0x98,0x48,0x89,0x01,0x48,0x89,0x51,0x08,
0x8b,0x45,0xcc,0x48,0x8b,0x55,0xe8,0x64,0x48,0x2b,0x14,0x25,0x28,0x00,0x00,0x00,
0x74,0x05,0xe8,0x00,0x00,0x00,0x00,0x48,0x83,0xc4,0x60,0x41,0x5c,0x41,0x5d,0x5d,
0xc3,0xf3,0x0f,0x1e,0xfa,0x55,0x48,0x89,0xe5,0x41,0x55,0x41,0x54,0x48,0x83,0xec,
0x60,0x48,0x89,0xf8,0x49,0x89,0xf1,0x48,0x89,0xc6,0xbf,0x00,0x00,0x00,0x00,0x4c,
0x89,0xcf,0x48,0x89,0x75,0xb0,0x48,0x89,0x7d,0xb8,0x48,0x89,0x55,0xa0,0x48,0x89,
0x4d,0xa8,0x4c,0x89,0x45,0x98,0x64,0x48,0x8b,0x04,0x25,0x28,0x00,0x00,0x00,0x48,
0x89,0x45,0xe8,0x31,0xc0,0x48,0x8b,0x55,0xa0,0x48,0x8b,0x45,0xa8,0x48,0x89,0xd7,
0x48,0x89,0xc6,0xe8,0xb7,0xfb,0xff,0xff,0x49,0x89,0xc4,0x49,0x89,0xd5,0x48,0x8b,
0x55,0xb0,0x48,0x8b,0x45,0xb8,0x48,0x89,0xd7,0x48,0x89,0xc6,0xe8,0x9e,0xfb,0xff,
0xff,0x48,0x8d,0x4d,0xd0,0x48,0x89,0xc6,0x48,0x89,0xd0,0x49,0x89,0xc8,0x4c,0x89,
0xe2,0x4c,0x89,0xe9,0x48,0x89,0xf7,0x48,0x89,0xc6,0xe8,0x3e,0xfa,0xff,0xff,0x89,
0x45,0xcc,0x48,0x8b,0x55,0xd0,0x48,0x8b,0x45,0xd8,0x48,0x89,0xd7,0x48,0x89,0xc6,
0xe8,0xad,0xfb,0xff,0xff,0x48,0x8b,0x4d,0x98,0x48,0x89,0x01,0x48,0x89,0x51,0x08,
0x8b,0x45,0xcc,0x48,0x8b,0x55,0xe8,0x64,0x48,0x2b,0x14,0x25,0x28,0x00,0x00,0x00,
0x74,0x05,0xe8,0x00,0x00,0x00,0x00,0x48,0x83,0xc4,0x60,0x41,0x5c,0x41,0x5d,0x5d,
0xc3,0xf3,0x0f,0x1e,0xfa,0x55,0x48,0x89,0xe5,0x41,0x55,0x41,0x54,0x48,0x83,0xec,
0x60,0x48,0x89,0xf8,0x49,0x89,0xf1,0x48,0x89,0xc6,0xbf,0x00,0x00,0x00,0x00,0x4c,
0x89,0xcf,0x48,0x89,0x75,0xb0,0x48,0x89,0x7d,0xb8,0x48,0x89,0x55,0xa0,0x48,0x89,
0x4d,0xa8,0x4c,0x89,0x45,0x98,0x64,0x48,0x8b,0x04,0x25,0x28,0x00,0x00,0x00,0x48,
0x89,0x45,0xe8,0x31,0xc0,0x48,0x8b,0x55,0xa0,0x48,0x8b,0x45,0xa8,0x48,0x89,0xd7,
0x48,0x89,0xc6,0xe8,0xe7,0xfa,0xff,0xff,0x49,0x89,0xc4,0x49,0x89,0xd5,0x48,0x8b,
0x55,0xb0,0x48,0x8b,0x45,0xb8,0x48,0x89,0xd7,0x48,0x89,0xc6,0xe8,0xce,0xfa,0xff,
0xff,0x48,0x8d,0x4d,0xd0,0x48,0x89,0xc6,0x48,0x89,0xd0,0x49,0x89,0xc8,0x4c,0x89,
0xe2,0x4c,0x89,0xe9,0x48,0x89,0xf7,0x48,0x89,0xc6,0xe8,0xe2,0xf9,0xff,0xff,0x89,
0x45,0xcc,0x48,0x8b,0x55,0xd0,0x48,0x8b,0x45,0xd8,0x48,0x89,0xd7,0x48,0x89,0xc6,
0xe8,0xdd,0xfa,0xff,0xff,0x48,0x8b,0x4d,0x98,0x48,0x89,0x01,0x48,0x89,0x51,0x08,
0x8b,0x45,0xcc,0x48,0x8b,0x55,0xe8,0x64,0x48,0x2b,0x14,0x25,0x28,0x00,0x00,0x00,
0x74,0x05,0xe8,0x00,0x00,0x00,0x00,0x48,0x83,0xc4,0x60,0x41,0x5c,0x41,0x5d,0x5d,
0xc3,0xf3,0x0f,0x1e,0xfa,0x55,0x48,0x89,0xe5,0x53,0x48,0x83,0xec,0x78,0x48,0x89,
0xf8,0x49,0x89,0xf1,0x48,0x89,0xc6,0xbf,0x00,0x00,0x00,0x00,0x4c,0x89,0xcf,0x48,
0x89,0x75,0xa0,0x48,0x89,0x7d,0xa8,0x48,0x89,0x55,0x90,0x48,0x89,0x4d,0x98,0x4c,
0x89,0x45,0x88,0x64,0x48,0x8b,0x04,0x25,0x28,0x00,0x00,0x00,0x48,0x89,0x45,0xe8,
0x31,0xc0,0x48,0x8b,0x55,0xa0,0x48,0x8b,0x45,0xa8,0x48,0x89,0xd7,0x48,0x89,0xc6,
0xe8,0x8c,0xd8,0xff,0xff,0x89,0xc3,0x48,0x8b,0x55,0x90,0x48,0x8b,0x45,0x98,0x48,
0x89,0xd7,0x48,0x89,0xc6,0xe8,0x77,0xd8,0xff,0xff,0x31,0xd8,0x89,0x45,0xb8,0x48,
0x8b,0x55,0xa0,0x48,0x8b,0x45,0xa8,0x48,0x89,0xd7,0x48,0x89,0xc6,0xe8,0x5f,0xd8,
0xff,0xff,0x89,0x45,0xbc,0x48,0x8b,0x55,0xa0,0x48,0x8b,0x45,0xa8,0x48,0x89,0xd7,
0x48,0x89,0xc6,0xe8,0x49,0xd8,0xff,0xff,0x85,0xc0,0x74,0x1b,0x48,0x8b,0x55,0xa0,
0x48,0x8b,0x45,0xa8,0x48,0x89,0xd7,0x48,0x89,0xc6,0xe8,0x60,0xd8,0xff,0xff,0x48,
0x89,0x45,0xa0,0x48,0x89,0x55,0xa8,0x48,0x8b,0x55,0x90,0x48,0x8b,0x45,0x98,0x48,
0x89,0xd7,0x48,0x89,0xc6,0xe8,0x17,0xd8,0xff,0xff,0x85,0xc0,0x74,0x1b,0x48,0x8b,
0x55,0x90,0x48,0x8b,0x45,0x98,0x48,0x89,0xd7,0x48,0x89,0xc6,0xe8,0x2e,0xd8,0xff,
0xff,0x48,0x89,0x45,0x90,0x48,0x89,0x55,0x98,0x4c,0x8d,0x45,0xd0,0x48,0x8d,0x4d,
0xc0,0x48,0x8b,0x45,0x90,0x48,0x8b,0x55,0x98,0x48,0x8b,0x7d,0xa0,0x48,0x8b,0x75,
0xa8,0x4d,0x89,0xc1,0x49,0x89,0xc8,0x48,0x89,0xd1,0x48,0x89,0xc2,0xe8,0x58,0xdb,
0xff,0xff,0x48,0x83,0x7d,0x88,0x00,0x74,0x39,0x83,0x7d,0xbc,0x00,0x74,0x20,0x48,
0x8b,0x55,0xd0,0x48,0x8b,0x45,0xd8,0x48,0x89,0xd7,0x48,0x89,0xc6,0xe8,0xdd,0xd7,
0xff,0xff,0x48,0x8b,0x4d,0x88,0x48,0x89,0x01,0x48,0x89,0x51,0x08,0xeb,0x13,0x48,
0x8b,0x4d,0x88,0x48,0x8b,0x45,0xd0,0x48,0x8b,0x55,0xd8,0x48,0x89,0x01,0x48,0x89,
0x51,0x08,0x83,0x7d,0xb8,0x00,0x74,0x15,0x48,0x8b,0x55,0xc0,0x48,0x8b,0x45,0xc8,
0x48,0x89,0xd7,0x48,0x89,0xc6,0xe8,0xa4,0xd7,0xff,0xff,0xeb,0x08,0x48,0x8b,0x45,
0xc0,0x48,0x8b,0x55,0xc8,0x48,0x8b,0x4d,0xe8,0x64,0x48,0x2b,0x0c,0x25,0x28,0x00,
0x00,0x00,0x74,0x05,0xe8,0x00,0x00,0x00,0x00,0x48,0x8b,0x5d,0xf8,0xc9,0xc3,0xf3,
0x0f,0x1e,0xfa,0x55,0x48,0x89,0xe5,0x48,0x83,0xec,0x10,0x48,0x89,0xf8,0x48,0x89,
0xf1,0x48,0x89,0xc0,0xba,0x00,0x00,0x00,0x00,0x48,0x89,0xca,0x48,0x89,0x45,0xf0,
0x48,0x89,0x55,0xf8,0x48,0x8b,0x55,0xf0,0x48,0x8b,0x45,0xf8,0x48,0x89,0xd7,0x48,
0x89,0xc6,0xe8,0xb4,0xd9,0xff,0xff,0x85,0xc0,0x74,0x05,0xe8,0xda,0xd6,0xff,0xff,
0x48,0x8b,0x55,0xf0,0x48,0x8b,0x45,0xf8,0x48,0x89,0xd7,0x48,0x89,0xc6,0xe8,0x2c,
0xd7,0xff,0xff,0xc9,0xc3,0xf3,0x0f,0x1e,0xfa,0x55,0x48,0x89,0xe5,0x48,0x83,0xec,
0x10,0x48,0x89,0xf8,0x48,0x89,0xf1,0x48,0x89,0xc0,0xba,0x00,0x00,0x00,0x00,0x48,
0x89,0xca,0x48,0x89,0x45,0xf0,0x48,0x89,0x55,0xf8,0x48,0x8b,0x55,0xf0,0x48,0x8b,
0x45,0xf8,0x48,0x89,0xd7,0x48,0x89,0xc6,0xe8,0xc4,0xd6,0xff,0xff,0x85,0xc0,0x74,
0x15,0x48,0x8b,0x55,0xf0,0x48,0x8b,0x45,0xf8,0x48,0x89,0xd7,0x48,0x89,0xc6,0xe8,
0x00,0x00,0x00,0x00,0xeb,0x08,0x48,0x8b,0x45,0xf0,0x48,0x8b,0x55,0xf8,0xc9,0xc3,
0xf3,0x0f,0x1e,0xfa,0x55,0x48,0x89,0xe5,0x48,0x83,0xec,0x40,0x48,0x89,0xf8,0x49,
0x89,0xf0,0x48,0x89,0xc6,0xbf,0x00,0x00,0x00,0x00,0x4c,0x89,0xc7,0x48,0x89,0x75,
0xd0,0x48,0x89,0x7d,0xd8,0x48,0x89,0x55,0xc0,0x48,0x89,0x4d,0xc8,0x64,0x48,0x8b,
0x04,0x25,0x28,0x00,0x00,0x00,0x48,0x89,0x45,0xf8,0x31,0xc0,0x48,0x8d,0x4d,0xe0,
0x48,0x8b,0x45,0xc0,0x48,0x8b,0x55,0xc8,0x48,0x8b,0x7d,0xd0,0x48,0x8b,0x75,0xd8,
0x49,0x89,0xc8,0x48,0x89,0xd1,0x48,0x89,0xc2,0xe8,0xb0,0xf3,0xff,0xff,0x85,0xc0,
0x74,0x05,0xe8,0x03,0xd6,0xff,0xff,0x48,0x8b,0x45,0xe0,0x48,0x8b,0x55,0xe8,0x48,
0x8b,0x4d,0xf8,0x64,0x48,0x2b,0x0c,0x25,0x28,0x00,0x00,0x00,0x74,0x05,0xe8,0x00,
0x00,0x00,0x00,0xc9,0xc3,0xf3,0x0f,0x1e,0xfa,0x55,0x48,0x89,0xe5,0x48,0x83,0xec,
0x40,0x48,0x89,0xf8,0x49,0x89,0xf0,0x48,0x89,0xc6,0xbf,0x00,0x00,0x00,0x00,0x4c,
0x89,0xc7,0x48,0x89,0x75,0xd0,0x48,0x89,0x7d,0xd8,0x48,0x89,0x55,0xc0,0x48,0x89,
0x4d,0xc8,0x64,0x48,0x8b,0x04,0x25,0x28,0x00,0x00,0x00,0x48,0x89,0x45,0xf8,0x31,
0xc0,0x48,0x8d,0x4d,0xe0,0x48,0x8b,0x45,0xc0,0x48,0x8b,0x55,0xc8,0x48,0x8b,0x7d,
0xd0,0x48,0x8b,0x75,0xd8,0x49,0x89,0xc8,0x48,0x89,0xd1,0x48,0x89,0xc2,0xe8,0xba,
0xf3,0xff,0xff,0x85,0xc0,0x74,0x05,0xe8,0x7e,0xd5,0xff,0xff,0x48,0x8b,0x45,0xe0,
0x48,0x8b,0x55,0xe8,0x48,0x8b,0x4d,0xf8,0x64,0x48,0x2b,0x0c,0x25,0x28,0x00,0x00,
0x00,0x74,0x05,0xe8,0x00,0x00,0x00,0x00,0xc9,0xc3,0xf3,0x0f,0x1e,0xfa,0x55,0x48,
0x89,0xe5,0x48,0x83,0xec,0x40,0x48,0x89,0xf8,0x49,0x89,0xf0,0x48,0x89,0xc6,0xbf,
0x00,0x00,0x00,0x00,0x4c,0x89,0xc7,0x48,0x89,0x75,0xd0,0x48,0x89,0x7d,0xd8,0x48,
0x89,0x55,0xc0,0x48,0x89,0x4d,0xc8,0x64,0x48,0x8b,0x04,0x25,0x28,0x00,0x00,0x00,
0x48,0x89,0x45,0xf8,0x31,0xc0,0x48,0x8d,0x4d,0xe0,0x48,0x8b,0x45,0xc0,0x48,0x8b,
0x55,0xc8,0x48,0x8b,0x7d,0xd0,0x48,0x8b,0x75,0xd8,0x49,0x89,0xc8,0x48,0x89,0xd1,
0x48,0x89,0xc2,0xe8,0xc1,0xf3,0xff,0xff,0x85,0xc0,0x74,0x05,0xe8,0xf9,0xd4,0xff,
0xff,0x48,0x8b,0x45,0xe0,0x48,0x8b,0x55,0xe8,0x48,0x8b,0x4d,0xf8,0x64,0x48,0x2b,
0x0c,0x25,0x28,0x00,0x00,0x00,0x74,0x05,0xe8,0x00,0x00,0x00,0x00,0xc9,0xc3,0x00,
0x00,0x00,0x00,0x00,0x00,0x00,0x00,0x00,0xf0,0x43,0x00,0x00,0x00,0x00,0x00,0x00,
0x00,0x00,0x00,0x00,0x00,0x00,0x00,0x00,0x00,0x80,0x3f,0x40,0x00,0x00,0x00,0x00,
0x00,0x00,0x00,0x00,0x00,0x00,0x00,0x00,0xf0,0x3f,0x00,0x00,0x00,0x00,0x00,0x00,
0x00,0x00,0x00,0x00,0x00,0x00,0x00,0x00,0x00,0x80,0x00,0x00,0x00,0x00,0x00,0x00,
0x00,0x00,0x00,0x00,0x80,0x3f,0x00,0x00,0x00,0x00,0x00,0x00,0x00,0x00,0x00,0x00,
0x00,0x00,0x00,0x00,0x00,0x80,0x00,0x00,0x00,0x00,0x00,0x00,0x00,0x00,0x00,0x00,
0x00,0x00,0x00,0x00,0x00,0x00,0x00,0x00,0xf0,0x43,0x00,0x00,0x00,0x00,0x00,0x00,
0xe0,0x43,0x00,0x00,0x00,0x00,0x00,0x00,0x00,0x80,0x3f,0x40,0x00,0x00,0x00,0x00,
0x00,0x00,0x00,0x00,0x00,0x00,0x00,0x00,0x00,0x80,0x3e,0x40,0x00,0x00,0x00,0x00,
0x00,0x00,0x00,0x47,0x43,0x43,0x3a,0x20,0x28,0x47,0x65,0x6e,0x74,0x6f,0x6f,0x20,
0x31,0x35,0x2e,0x33,0x2e,0x30,0x20,0x70,0x38,0x29,0x20,0x31,0x35,0x2e,0x33,0x2e,
0x30,0x00,0x04,0x00,0x00,0x00,0x10,0x00,0x00,0x00,0x05,0x00,0x00,0x00,0x47,0x4e,
0x55,0x00,0x02,0x00,0x00,0xc0,0x04,0x00,0x00,0x00,0x03,0x00,0x00,0x00,0x00,0x00,
0x00,0x00,0x04,0x00,0x00,0x00,0x20,0x00,0x00,0x00,0x05,0x00,0x00,0x00,0x47,0x4e,
0x55,0x00,0x02,0x00,0x01,0xc0,0x04,0x00,0x00,0x00,0x01,0x00,0x00,0x00,0x00,0x00,
0x00,0x00,0x01,0x00,0x01,0xc0,0x04,0x00,0x00,0x00,0x0b,0x00,0x00,0x00,0x00,0x00,
0x00,0x00,0x14,0x00,0x00,0x00,0x00,0x00,0x00,0x00,0x01,0x7a,0x52,0x00,0x01,0x78,
0x10,0x01,0x1b,0x0c,0x07,0x08,0x90,0x01,0x00,0x00,0x18,0x00,0x00,0x00,0x1c,0x00,
0x00,0x00,0x00,0x00,0x00,0x00,0x0d,0x00,0x00,0x00,0x00,0x45,0x0e,0x10,0x86,0x02,
0x43,0x0d,0x06,0x00,0x00,0x00,0x1c,0x00,0x00,0x00,0x38,0x00,0x00,0x00,0x00,0x00,
0x00,0x00,0x2a,0x00,0x00,0x00,0x00,0x45,0x0e,0x10,0x86,0x02,0x43,0x0d,0x06,0x61,
0x0c,0x07,0x08,0x00,0x00,0x00,0x1c,0x00,0x00,0x00,0x58,0x00,0x00,0x00,0x00,0x00,
0x00,0x00,0x2e,0x00,0x00,0x00,0x00,0x45,0x0e,0x10,0x86,0x02,0x43,0x0d,0x06,0x65,
0x0c,0x07,0x08,0x00,0x00,0x00,0x1c,0x00,0x00,0x00,0x78,0x00,0x00,0x00,0x00,0x00,
0x00,0x00,0x5a,0x00,0x00,0x00,0x00,0x45,0x0e,0x10,0x86,0x02,0x43,0x0d,0x06,0x02,
0x51,0x0c,0x07,0x08,0x00,0x00,0x1c,0x00,0x00,0x00,0x98,0x00,0x00,0x00,0x00,0x00,
0x00,0x00,0x6e,0x00,0x00,0x00,0x00,0x45,0x0e,0x10,0x86,0x02,0x43,0x0d,0x06,0x02,
0x65,0x0c,0x07,0x08,0x00,0x00,0x1c,0x00,0x00,0x00,0xb8,0x00,0x00,0x00,0x00,0x00,
0x00,0x00,0x73,0x00,0x00,0x00,0x00,0x45,0x0e,0x10,0x86,0x02,0x43,0x0d,0x06,0x02,
0x6a,0x0c,0x07,0x08,0x00,0x00,0x1c,0x00,0x00,0x00,0xd8,0x00,0x00,0x00,0x00,0x00,
0x00,0x00,0x5c,0x00,0x00,0x00,0x00,0x45,0x0e,0x10,0x86,0x02,0x43,0x0d,0x06,0x02,
0x53,0x0c,0x07,0x08,0x00,0x00,0x1c,0x00,0x00,0x00,0xf8,0x00,0x00,0x00,0x00,0x00,
0x00,0x00,0x51,0x00,0x00,0x00,0x00,0x45,0x0e,0x10,0x86,0x02,0x43,0x0d,0x06,0x02,
0x48,0x0c,0x07,0x08,0x00,0x00,0x1c,0x00,0x00,0x00,0x18,0x01,0x00,0x00,0x00,0x00,
0x00,0x00,0x41,0x00,0x00,0x00,0x00,0x45,0x0e,0x10,0x86,0x02,0x43,0x0d,0x06,0x78,
0x0c,0x07,0x08,0x00,0x00,0x00,0x1c,0x00,0x00,0x00,0x38,0x01,0x00,0x00,0x00,0x00,
0x00,0x00,0x43,0x00,0x00,0x00,0x00,0x45,0x0e,0x10,0x86,0x02,0x43,0x0d,0x06,0x7a,
0x0c,0x07,0x08,0x00,0x00,0x00,0x1c,0x00,0x00,0x00,0x58,0x01,0x00,0x00,0x00,0x00,
0x00,0x00,0x4b,0x00,0x00,0x00,0x00,0x45,0x0e,0x10,0x86,0x02,0x43,0x0d,0x06,0x02,
0x42,0x0c,0x07,0x08,0x00,0x00,0x1c,0x00,0x00,0x00,0x78,0x01,0x00,0x00,0x00,0x00,
0x00,0x00,0x4d,0x00,0x00,0x00,0x00,0x45,0x0e,0x10,0x86,0x02,0x43,0x0d,0x06,0x02,
0x44,0x0c,0x07,0x08,0x00,0x00,0x20,0x00,0x00,0x00,0x98,0x01,0x00,0x00,0x00,0x00,
0x00,0x00,0x57,0x00,0x00,0x00,0x00,0x45,0x0e,0x10,0x86,0x02,0x43,0x0d,0x06,0x41,
0x83,0x03,0x02,0x4d,0x0c,0x07,0x08,0x00,0x00,0x00,0x1c,0x00,0x00,0x00,0xbc,0x01,
0x00,0x00,0x00,0x00,0x00,0x00,0x65,0x01,0x00,0x00,0x00,0x45,0x0e,0x10,0x86,0x02,
0x43,0x0d,0x06,0x03,0x5c,0x01,0x0c,0x07,0x08,0x00,0x1c,0x00,0x00,0x00,0xdc,0x01,
0x00,0x00,0x00,0x00,0x00,0x00,0xce,0x00,0x00,0x00,0x00,0x45,0x0e,0x10,0x86,0x02,
0x43,0x0d,0x06,0x02,0xc5,0x0c,0x07,0x08,0x00,0x00,0x1c,0x00,0x00,0x00,0xfc,0x01,
0x00,0x00,0x00,0x00,0x00,0x00,0x25,0x00,0x00,0x00,0x00,0x45,0x0e,0x10,0x86,0x02,
0x43,0x0d,0x06,0x5c,0x0c,0x07,0x08,0x00,0x00,0x00,0x20,0x00,0x00,0x00,0x1c,0x02,
0x00,0x00,0x00,0x00,0x00,0x00,0x57,0x00,0x00,0x00,0x00,0x45,0x0e,0x10,0x86,0x02,
0x43,0x0d,0x06,0x45,0x83,0x03,0x02,0x49,0x0c,0x07,0x08,0x00,0x00,0x00,0x1c,0x00,
0x00,0x00,0x40,0x02,0x00,0x00,0x00,0x00,0x00,0x00,0xa1,0x00,0x00,0x00,0x00,0x45,
0x0e,0x10,0x86,0x02,0x43,0x0d,0x06,0x02,0x98,0x0c,0x07,0x08,0x00,0x00,0x1c,0x00,
0x00,0x00,0x60,0x02,0x00,0x00,0x00,0x00,0x00,0x00,0x9e,0x00,0x00,0x00,0x00,0x45,
0x0e,0x10,0x86,0x02,0x43,0x0d,0x06,0x02,0x95,0x0c,0x07,0x08,0x00,0x00,0x1c,0x00,
0x00,0x00,0x80,0x02,0x00,0x00,0x00,0x00,0x00,0x00,0x8f,0x00,0x00,0x00,0x00,0x45,
0x0e,0x10,0x86,0x02,0x43,0x0d,0x06,0x02,0x86,0x0c,0x07,0x08,0x00,0x00,0x1c,0x00,
0x00,0x00,0xa0,0x02,0x00,0x00,0x00,0x00,0x00,0x00,0x84,0x00,0x00,0x00,0x00,0x45,
0x0e,0x10,0x86,0x02,0x43,0x0d,0x06,0x02,0x7b,0x0c,0x07,0x08,0x00,0x00,0x1c,0x00,
0x00,0x00,0xc0,0x02,0x00,0x00,0x00,0x00,0x00,0x00,0x4d,0x00,0x00,0x00,0x00,0x45,
0x0e,0x10,0x86,0x02,0x43,0x0d,0x06,0x02,0x44,0x0c,0x07,0x08,0x00,0x00,0x1c,0x00,
0x00,0x00,0xe0,0x02,0x00,0x00,0x00,0x00,0x00,0x00,0x4d,0x00,0x00,0x00,0x00,0x45,
0x0e,0x10,0x86,0x02,0x43,0x0d,0x06,0x02,0x44,0x0c,0x07,0x08,0x00,0x00,0x20,0x00,
0x00,0x00,0x00,0x03,0x00,0x00,0x00,0x00,0x00,0x00,0x74,0x00,0x00,0x00,0x00,0x45,
0x0e,0x10,0x86,0x02,0x43,0x0d,0x06,0x41,0x83,0x03,0x02,0x6a,0x0c,0x07,0x08,0x00,
0x00,0x00,0x20,0x00,0x00,0x00,0x24,0x03,0x00,0x00,0x00,0x00,0x00,0x00,0xa7,0x00,
0x00,0x00,0x00,0x45,0x0e,0x10,0x86,0x02,0x43,0x0d,0x06,0x41,0x83,0x03,0x02,0x9d,
0x0c,0x07,0x08,0x00,0x00,0x00,0x20,0x00,0x00,0x00,0x48,0x03,0x00,0x00,0x00,0x00,
0x00,0x00,0xaf,0x00,0x00,0x00,0x00,0x45,0x0e,0x10,0x86,0x02,0x43,0x0d,0x06,0x45,
0x83,0x03,0x02,0xa1,0x0c,0x07,0x08,0x00,0x00,0x00,0x20,0x00,0x00,0x00,0x6c,0x03,
0x00,0x00,0x00,0x00,0x00,0x00,0x0d,0x01,0x00,0x00,0x00,0x45,0x0e,0x10,0x86,0x02,
0x43,0x0d,0x06,0x45,0x83,0x03,0x02,0xff,0x0c,0x07,0x08,0x00,0x00,0x00,0x1c,0x00,
0x00,0x00,0x90,0x03,0x00,0x00,0x00,0x00,0x00,0x00,0x3a,0x00,0x00,0x00,0x00,0x45,
0x0e,0x10,0x86,0x02,0x43,0x0d,0x06,0x71,0x0c,0x07,0x08,0x00,0x00,0x00,0x1c,0x00,
0x00,0x00,0xb0,0x03,0x00,0x00,0x00,0x00,0x00,0x00,0x7b,0x00,0x00,0x00,0x00,0x45,
0x0e,0x10,0x86,0x02,0x43,0x0d,0x06,0x02,0x72,0x0c,0x07,0x08,0x00,0x00,0x1c,0x00,
0x00,0x00,0xd0,0x03,0x00,0x00,0x00,0x00,0x00,0x00,0xa1,0x00,0x00,0x00,0x00,0x45,
0x0e,0x10,0x86,0x02,0x43,0x0d,0x06,0x02,0x98,0x0c,0x07,0x08,0x00,0x00,0x1c,0x00,
0x00,0x00,0xf0,0x03,0x00,0x00,0x00,0x00,0x00,0x00,0x83,0x00,0x00,0x00,0x00,0x45,
0x0e,0x10,0x86,0x02,0x43,0x0d,0x06,0x02,0x7a,0x0c,0x07,0x08,0x00,0x00,0x1c,0x00,
0x00,0x00,0x10,0x04,0x00,0x00,0x00,0x00,0x00,0x00,0x83,0x00,0x00,0x00,0x00,0x45,
0x0e,0x10,0x86,0x02,0x43,0x0d,0x06,0x02,0x7a,0x0c,0x07,0x08,0x00,0x00,0x20,0x00,
0x00,0x00,0x30,0x04,0x00,0x00,0x00,0x00,0x00,0x00,0x34,0x01,0x00,0x00,0x00,0x45,
0x0e,0x10,0x86,0x02,0x43,0x0d,0x06,0x45,0x83,0x03,0x03,0x26,0x01,0x0c,0x07,0x08,
0x00,0x00,0x1c,0x00,0x00,0x00,0x54,0x04,0x00,0x00,0x00,0x00,0x00,0x00,0x07,0x01,
0x00,0x00,0x00,0x45,0x0e,0x10,0x86,0x02,0x43,0x0d,0x06,0x02,0xfe,0x0c,0x07,0x08,
0x00,0x00,0x20,0x00,0x00,0x00,0x74,0x04,0x00,0x00,0x00,0x00,0x00,0x00,0xa7,0x00,
0x00,0x00,0x00,0x45,0x0e,0x10,0x86,0x02,0x43,0x0d,0x06,0x41,0x83,0x03,0x02,0x9d,
0x0c,0x07,0x08,0x00,0x00,0x00,0x20,0x00,0x00,0x00,0x98,0x04,0x00,0x00,0x00,0x00,
0x00,0x00,0xa7,0x00,0x00,0x00,0x00,0x45,0x0e,0x10,0x86,0x02,0x43,0x0d,0x06,0x41,
0x83,0x03,0x02,0x9d,0x0c,0x07,0x08,0x00,0x00,0x00,0x20,0x00,0x00,0x00,0xbc,0x04,
0x00,0x00,0x00,0x00,0x00,0x00,0xb7,0x00,0x00,0x00,0x00,0x45,0x0e,0x10,0x86,0x02,
0x43,0x0d,0x06,0x45,0x83,0x03,0x02,0xa9,0x0c,0x07,0x08,0x00,0x00,0x00,0x1c,0x00,
0x00,0x00,0xe0,0x04,0x00,0x00,0x00,0x00,0x00,0x00,0xa4,0x00,0x00,0x00,0x00,0x45,
0x0e,0x10,0x86,0x02,0x43,0x0d,0x06,0x02,0x9b,0x0c,0x07,0x08,0x00,0x00,0x1c,0x00,
0x00,0x00,0x00,0x05,0x00,0x00,0x00,0x00,0x00,0x00,0x80,0x00,0x00,0x00,0x00,0x45,
0x0e,0x10,0x86,0x02,0x43,0x0d,0x06,0x02,0x77,0x0c,0x07,0x08,0x00,0x00,0x1c,0x00,
0x00,0x00,0x20,0x05,0x00,0x00,0x00,0x00,0x00,0x00,0x3a,0x00,0x00,0x00,0x00,0x45,
0x0e,0x10,0x86,0x02,0x43,0x0d,0x06,0x71,0x0c,0x07,0x08,0x00,0x00,0x00,0x1c,0x00,
0x00,0x00,0x40,0x05,0x00,0x00,0x00,0x00,0x00,0x00,0x3a,0x00,0x00,0x00,0x00,0x45,
0x0e,0x10,0x86,0x02,0x43,0x0d,0x06,0x71,0x0c,0x07,0x08,0x00,0x00,0x00,0x1c,0x00,
0x00,0x00,0x60,0x05,0x00,0x00,0x00,0x00,0x00,0x00,0x56,0x00,0x00,0x00,0x00,0x45,
0x0e,0x10,0x86,0x02,0x43,0x0d,0x06,0x02,0x4d,0x0c,0x07,0x08,0x00,0x00,0x1c,0x00,
0x00,0x00,0x80,0x05,0x00,0x00,0x00,0x00,0x00,0x00,0x48,0x00,0x00,0x00,0x00,0x45,
0x0e,0x10,0x86,0x02,0x43,0x0d,0x06,0x45,0x83,0x03,0x7a,0x0c,0x07,0x08,0x1c,0x00,
0x00,0x00,0xa0,0x05,0x00,0x00,0x00,0x00,0x00,0x00,0x4b,0x00,0x00,0x00,0x00,0x45,
0x0e,0x10,0x86,0x02,0x43,0x0d,0x06,0x45,0x83,0x03,0x7d,0x0c,0x07,0x08,0x20,0x00,
0x00,0x00,0xc0,0x05,0x00,0x00,0x00,0x00,0x00,0x00,0x52,0x00,0x00,0x00,0x00,0x45,
0x0e,0x10,0x86,0x02,0x43,0x0d,0x06,0x45,0x83,0x03,0x02,0x44,0x0c,0x07,0x08,0x00,
0x00,0x00,0x1c,0x00,0x00,0x00,0xe4,0x05,0x00,0x00,0x00,0x00,0x00,0x00,0xc1,0x00,
0x00,0x00,0x00,0x45,0x0e,0x10,0x86,0x02,0x43,0x0d,0x06,0x02,0xb8,0x0c,0x07,0x08,
0x00,0x00,0x1c,0x00,0x00,0x00,0x04,0x06,0x00,0x00,0x00,0x00,0x00,0x00,0x91,0x00,
0x00,0x00,0x00,0x45,0x0e,0x10,0x86,0x02,0x43,0x0d,0x06,0x02,0x88,0x0c,0x07,0x08,
0x00,0x00,0x1c,0x00,0x00,0x00,0x24,0x06,0x00,0x00,0x00,0x00,0x00,0x00,0xc1,0x00,
0x00,0x00,0x00,0x45,0x0e,0x10,0x86,0x02,0x43,0x0d,0x06,0x02,0xb8,0x0c,0x07,0x08,
0x00,0x00,0x1c,0x00,0x00,0x00,0x44,0x06,0x00,0x00,0x00,0x00,0x00,0x00,0x8d,0x00,
0x00,0x00,0x00,0x45,0x0e,0x10,0x86,0x02,0x43,0x0d,0x06,0x02,0x84,0x0c,0x07,0x08,
0x00,0x00,0x1c,0x00,0x00,0x00,0x64,0x06,0x00,0x00,0x00,0x00,0x00,0x00,0x8b,0x01,
0x00,0x00,0x00,0x45,0x0e,0x10,0x86,0x02,0x43,0x0d,0x06,0x03,0x82,0x01,0x0c,0x07,
0x08,0x00,0x1c,0x00,0x00,0x00,0x84,0x06,0x00,0x00,0x00,0x00,0x00,0x00,0x5f,0x00,
0x00,0x00,0x00,0x45,0x0e,0x10,0x86,0x02,0x43,0x0d,0x06,0x02,0x56,0x0c,0x07,0x08,
0x00,0x00,0x1c,0x00,0x00,0x00,0xa4,0x06,0x00,0x00,0x00,0x00,0x00,0x00,0x2b,0x00,
0x00,0x00,0x00,0x45,0x0e,0x10,0x86,0x02,0x43,0x0d,0x06,0x62,0x0c,0x07,0x08,0x00,
0x00,0x00,0x1c,0x00,0x00,0x00,0xc4,0x06,0x00,0x00,0x00,0x00,0x00,0x00,0x2b,0x00,
0x00,0x00,0x00,0x45,0x0e,0x10,0x86,0x02,0x43,0x0d,0x06,0x62,0x0c,0x07,0x08,0x00,
0x00,0x00,0x1c,0x00,0x00,0x00,0xe4,0x06,0x00,0x00,0x00,0x00,0x00,0x00,0x9a,0x00,
0x00,0x00,0x00,0x45,0x0e,0x10,0x86,0x02,0x43,0x0d,0x06,0x02,0x91,0x0c,0x07,0x08,
0x00,0x00,0x1c,0x00,0x00,0x00,0x04,0x07,0x00,0x00,0x00,0x00,0x00,0x00,0x97,0x00,
0x00,0x00,0x00,0x45,0x0e,0x10,0x86,0x02,0x43,0x0d,0x06,0x02,0x8e,0x0c,0x07,0x08,
0x00,0x00,0x1c,0x00,0x00,0x00,0x24,0x07,0x00,0x00,0x00,0x00,0x00,0x00,0x9d,0x01,
0x00,0x00,0x00,0x45,0x0e,0x10,0x86,0x02,0x43,0x0d,0x06,0x03,0x94,0x01,0x0c,0x07,
0x08,0x00,0x1c,0x00,0x00,0x00,0x44,0x07,0x00,0x00,0x00,0x00,0x00,0x00,0x55,0x00,
0x00,0x00,0x00,0x45,0x0e,0x10,0x86,0x02,0x43,0x0d,0x06,0x02,0x4c,0x0c,0x07,0x08,
0x00,0x00,0x1c,0x00,0x00,0x00,0x64,0x07,0x00,0x00,0x00,0x00,0x00,0x00,0x8f,0x00,
0x00,0x00,0x00,0x45,0x0e,0x10,0x86,0x02,0x43,0x0d,0x06,0x02,0x86,0x0c,0x07,0x08,
0x00,0x00,0x1c,0x00,0x00,0x00,0x84,0x07,0x00,0x00,0x00,0x00,0x00,0x00,0x8c,0x00,
0x00,0x00,0x00,0x45,0x0e,0x10,0x86,0x02,0x43,0x0d,0x06,0x02,0x83,0x0c,0x07,0x08,
0x00,0x00,0x20,0x00,0x00,0x00,0xa4,0x07,0x00,0x00,0x00,0x00,0x00,0x00,0x40,0x01,
0x00,0x00,0x00,0x45,0x0e,0x10,0x86,0x02,0x43,0x0d,0x06,0x45,0x83,0x03,0x03,0x32,
0x01,0x0c,0x07,0x08,0x00,0x00,0x1c,0x00,0x00,0x00,0xc8,0x07,0x00,0x00,0x00,0x00,
0x00,0x00,0x84,0x00,0x00,0x00,0x00,0x45,0x0e,0x10,0x86,0x02,0x43,0x0d,0x06,0x02,
0x7b,0x0c,0x07,0x08,0x00,0x00,0x1c,0x00,0x00,0x00,0xe8,0x07,0x00,0x00,0x00,0x00,
0x00,0x00,0x74,0x00,0x00,0x00,0x00,0x45,0x0e,0x10,0x86,0x02,0x43,0x0d,0x06,0x02,
0x6b,0x0c,0x07,0x08,0x00,0x00,0x20,0x00,0x00,0x00,0x08,0x08,0x00,0x00,0x00,0x00,
0x00,0x00,0xce,0x00,0x00,0x00,0x00,0x45,0x0e,0x10,0x86,0x02,0x43,0x0d,0x06,0x45,
0x83,0x03,0x02,0xc0,0x0c,0x07,0x08,0x00,0x00,0x00,0x1c,0x00,0x00,0x00,0x2c,0x08,
0x00,0x00,0x00,0x00,0x00,0x00,0x43,0x00,0x00,0x00,0x00,0x45,0x0e,0x10,0x86,0x02,
0x43,0x0d,0x06,0x7a,0x0c,0x07,0x08,0x00,0x00,0x00,0x20,0x00,0x00,0x00,0x4c,0x08,
0x00,0x00,0x00,0x00,0x00,0x00,0x4b,0x00,0x00,0x00,0x00,0x45,0x0e,0x10,0x86,0x02,
0x43,0x0d,0x06,0x41,0x83,0x03,0x02,0x41,0x0c,0x07,0x08,0x00,0x00,0x00,0x20,0x00,
0x00,0x00,0x70,0x08,0x00,0x00,0x00,0x00,0x00,0x00,0xdc,0x00,0x00,0x00,0x00,0x45,
0x0e,0x10,0x86,0x02,0x43,0x0d,0x06,0x48,0x8d,0x03,0x8c,0x04,0x02,0xcb,0x0c,0x07,
0x08,0x00,0x20,0x00,0x00,0x00,0x94,0x08,0x00,0x00,0x00,0x00,0x00,0x00,0xdc,0x00,
0x00,0x00,0x00,0x45,0x0e,0x10,0x86,0x02,0x43,0x0d,0x06,0x48,0x8d,0x03,0x8c,0x04,
0x02,0xcb,0x0c,0x07,0x08,0x00,0x20,0x00,0x00,0x00,0xb8,0x08,0x00,0x00,0x00,0x00,
0x00,0x00,0xdc,0x00,0x00,0x00,0x00,0x45,0x0e,0x10,0x86,0x02,0x43,0x0d,0x06,0x48,
0x8d,0x03,0x8c,0x04,0x02,0xcb,0x0c,0x07,0x08,0x00,0x20,0x00,0x00,0x00,0xdc,0x08,
0x00,0x00,0x00,0x00,0x00,0x00,0xd0,0x00,0x00,0x00,0x00,0x45,0x0e,0x10,0x86,0x02,
0x43,0x0d,0x06,0x48,0x8d,0x03,0x8c,0x04,0x02,0xbf,0x0c,0x07,0x08,0x00,0x20,0x00,
0x00,0x00,0x00,0x09,0x00,0x00,0x00,0x00,0x00,0x00,0xd0,0x00,0x00,0x00,0x00,0x45,
0x0e,0x10,0x86,0x02,0x43,0x0d,0x06,0x48,0x8d,0x03,0x8c,0x04,0x02,0xbf,0x0c,0x07,
0x08,0x00,0x20,0x00,0x00,0x00,0x24,0x09,0x00,0x00,0x00,0x00,0x00,0x00,0xd0,0x00,
0x00,0x00,0x00,0x45,0x0e,0x10,0x86,0x02,0x43,0x0d,0x06,0x48,0x8d,0x03,0x8c,0x04,
0x02,0xbf,0x0c,0x07,0x08,0x00,0x20,0x00,0x00,0x00,0x48,0x09,0x00,0x00,0x00,0x00,
0x00,0x00,0x8e,0x01,0x00,0x00,0x00,0x45,0x0e,0x10,0x86,0x02,0x43,0x0d,0x06,0x45,
0x83,0x03,0x03,0x80,0x01,0x0c,0x07,0x08,0x00,0x00,0x1c,0x00,0x00,0x00,0x6c,0x09,
0x00,0x00,0x00,0x00,0x00,0x00,0x56,0x00,0x00,0x00,0x00,0x45,0x0e,0x10,0x86,0x02,
0x43,0x0d,0x06,0x02,0x4d,0x0c,0x07,0x08,0x00,0x00,0x1c,0x00,0x00,0x00,0x8c,0x09,
0x00,0x00,0x00,0x00,0x00,0x00,0x5b,0x00,0x00,0x00,0x00,0x45,0x0e,0x10,0x86,0x02,
0x43,0x0d,0x06,0x02,0x52,0x0c,0x07,0x08,0x00,0x00,0x1c,0x00,0x00,0x00,0xac,0x09,
0x00,0x00,0x00,0x00,0x00,0x00,0x85,0x00,0x00,0x00,0x00,0x45,0x0e,0x10,0x86,0x02,
0x43,0x0d,0x06,0x02,0x7c,0x0c,0x07,0x08,0x00,0x00,0x1c,0x00,0x00,0x00,0xcc,0x09,
0x00,0x00,0x00,0x00,0x00,0x00,0x85,0x00,0x00,0x00,0x00,0x45,0x0e,0x10,0x86,0x02,
0x43,0x0d,0x06,0x02,0x7c,0x0c,0x07,0x08,0x00,0x00,0x1c,0x00,0x00,0x00,0xec,0x09,
0x00,0x00,0x00,0x00,0x00,0x00,0x85,0x00,0x00,0x00,0x00,0x45,0x0e,0x10,0x86,0x02,
0x43,0x0d,0x06,0x02,0x7c,0x0c,0x07,0x08,0x00,0x00,0x00,0x00,0x00,0x00,0x00,0x00,
0x00,0x00,0x00,0x00,0x00,0x00,0x00,0x00,0x00,0x00,0x00,0x00,0x00,0x00,0x00,0x00,
0x00,0x00,0x01,0x00,0x00,0x00,0x04,0x00,0xf1,0xff,0x00,0x00,0x00,0x00,0x00,0x00,
0x00,0x00,0x00,0x00,0x00,0x00,0x00,0x00,0x00,0x00,0x00,0x00,0x00,0x00,0x03,0x00,
0x01,0x00,0x00,0x00,0x00,0x00,0x00,0x00,0x00,0x00,0x00,0x00,0x00,0x00,0x00,0x00,
0x00,0x00,0x00,0x00,0x00,0x00,0x03,0x00,0x05,0x00,0x00,0x00,0x00,0x00,0x00,0x00,
0x00,0x00,0x00,0x00,0x00,0x00,0x00,0x00,0x00,0x00,0x0a,0x00,0x00,0x00,0x01,0x00,
0x05,0x00,0x00,0x00,0x00,0x00,0x00,0x00,0x00,0x00,0x08,0x00,0x00,0x00,0x00,0x00,
0x00,0x00,0x1c,0x00,0x00,0x00,0x01,0x00,0x05,0x00,0x10,0x00,0x00,0x00,0x00,0x00,
0x00,0x00,0x10,0x00,0x00,0x00,0x00,0x00,0x00,0x00,0x33,0x00,0x00,0x00,0x02,0x00,
0x01,0x00,0x00,0x00,0x00,0x00,0x00,0x00,0x00,0x00,0x0d,0x00,0x00,0x00,0x00,0x00,
0x00,0x00,0x47,0x00,0x00,0x00,0x02,0x00,0x01,0x00,0x0d,0x00,0x00,0x00,0x00,0x00,
0x00,0x00,0x2a,0x00,0x00,0x00,0x00,0x00,0x00,0x00,0x5a,0x00,0x00,0x00,0x02,0x00,
0x01,0x00,0x37,0x00,0x00,0x00,0x00,0x00,0x00,0x00,0x2e,0x00,0x00,0x00,0x00,0x00,
0x00,0x00,0x6d,0x00,0x00,0x00,0x02,0x00,0x01,0x00,0x65,0x00,0x00,0x00,0x00,0x00,
0x00,0x00,0x5a,0x00,0x00,0x00,0x00,0x00,0x00,0x00,0x7b,0x00,0x00,0x00,0x02,0x00,
0x01,0x00,0xbf,0x00,0x00,0x00,0x00,0x00,0x00,0x00,0x6e,0x00,0x00,0x00,0x00,0x00,
0x00,0x00,0x86,0x00,0x00,0x00,0x02,0x00,0x01,0x00,0x2d,0x01,0x00,0x00,0x00,0x00,
0x00,0x00,0x73,0x00,0x00,0x00,0x00,0x00,0x00,0x00,0x96,0x00,0x00,0x00,0x02,0x00,
0x01,0x00,0xa0,0x01,0x00,0x00,0x00,0x00,0x00,0x00,0x5c,0x00,0x00,0x00,0x00,0x00,
0x00,0x00,0xa6,0x00,0x00,0x00,0x02,0x00,0x01,0x00,0xfc,0x01,0x00,0x00,0x00,0x00,
0x00,0x00,0x51,0x00,0x00,0x00,0x00,0x00,0x00,0x00,0xb6,0x00,0x00,0x00,0x02,0x00,
0x01,0x00,0x4d,0x02,0x00,0x00,0x00,0x00,0x00,0x00,0x41,0x00,0x00,0x00,0x00,0x00,
0x00,0x00,0xc5,0x00,0x00,0x00,0x02,0x00,0x01,0x00,0x8e,0x02,0x00,0x00,0x00,0x00,
0x00,0x00,0x43,0x00,0x00,0x00,0x00,0x00,0x00,0x00,0xd8,0x00,0x00,0x00,0x02,0x00,
0x01,0x00,0xd1,0x02,0x00,0x00,0x00,0x00,0x00,0x00,0x4b,0x00,0x00,0x00,0x00,0x00,
0x00,0x00,0xea,0x00,0x00,0x00,0x02,0x00,0x01,0x00,0x1c,0x03,0x00,0x00,0x00,0x00,
0x00,0x00,0x4d,0x00,0x00,0x00,0x00,0x00,0x00,0x00,0xf8,0x00,0x00,0x00,0x02,0x00,
0x01,0x00,0x69,0x03,0x00,0x00,0x00,0x00,0x00,0x00,0x57,0x00,0x00,0x00,0x00,0x00,
0x00,0x00,0x06,0x01,0x00,0x00,0x02,0x00,0x01,0x00,0xc0,0x03,0x00,0x00,0x00,0x00,
0x00,0x00,0x65,0x01,0x00,0x00,0x00,0x00,0x00,0x00,0x1d,0x01,0x00,0x00,0x02,0x00,
0x01,0x00,0x25,0x05,0x00,0x00,0x00,0x00,0x00,0x00,0xce,0x00,0x00,0x00,0x00,0x00,
0x00,0x00,0x34,0x01,0x00,0x00,0x02,0x00,0x01,0x00,0xf3,0x05,0x00,0x00,0x00,0x00,
0x00,0x00,0x25,0x00,0x00,0x00,0x00,0x00,0x00,0x00,0x43,0x01,0x00,0x00,0x02,0x00,
0x01,0x00,0x18,0x06,0x00,0x00,0x00,0x00,0x00,0x00,0x57,0x00,0x00,0x00,0x00,0x00,
0x00,0x00,0x5b,0x01,0x00,0x00,0x02,0x00,0x01,0x00,0x6f,0x06,0x00,0x00,0x00,0x00,
0x00,0x00,0xa1,0x00,0x00,0x00,0x00,0x00,0x00,0x00,0x6e,0x01,0x00,0x00,0x02,0x00,
0x01,0x00,0x10,0x07,0x00,0x00,0x00,0x00,0x00,0x00,0x9e,0x00,0x00,0x00,0x00,0x00,
0x00,0x00,0x82,0x01,0x00,0x00,0x02,0x00,0x01,0x00,0xae,0x07,0x00,0x00,0x00,0x00,
0x00,0x00,0x8f,0x00,0x00,0x00,0x00,0x00,0x00,0x00,0x98,0x01,0x00,0x00,0x02,0x00,
0x01,0x00,0x3d,0x08,0x00,0x00,0x00,0x00,0x00,0x00,0x84,0x00,0x00,0x00,0x00,0x00,
0x00,0x00,0xa7,0x01,0x00,0x00,0x02,0x00,0x01,0x00,0xc1,0x08,0x00,0x00,0x00,0x00,
0x00,0x00,0x4d,0x00,0x00,0x00,0x00,0x00,0x00,0x00,0xbc,0x01,0x00,0x00,0x02,0x00,
0x01,0x00,0x0e,0x09,0x00,0x00,0x00,0x00,0x00,0x00,0x4d,0x00,0x00,0x00,0x00,0x00,
0x00,0x00,0xd2,0x01,0x00,0x00,0x02,0x00,0x01,0x00,0x5b,0x09,0x00,0x00,0x00,0x00,
0x00,0x00,0x74,0x00,0x00,0x00,0x00,0x00,0x00,0x00,0xee,0x01,0x00,0x00,0x02,0x00,
0x01,0x00,0xcf,0x09,0x00,0x00,0x00,0x00,0x00,0x00,0xa7,0x00,0x00,0x00,0x00,0x00,
0x00,0x00,0x04,0x02,0x00,0x00,0x02,0x00,0x01,0x00,0x76,0x0a,0x00,0x00,0x00,0x00,
0x00,0x00,0xaf,0x00,0x00,0x00,0x00,0x00,0x00,0x00,0x23,0x02,0x00,0x00,0x02,0x00,
0x01,0x00,0x25,0x0b,0x00,0x00,0x00,0x00,0x00,0x00,0x0d,0x01,0x00,0x00,0x00,0x00,
0x00,0x00,0x3e,0x02,0x00,0x00,0x02,0x00,0x01,0x00,0xa4,0x1d,0x00,0x00,0x00,0x00,
0x00,0x00,0x8f,0x00,0x00,0x00,0x00,0x00,0x00,0x00,0x51,0x02,0x00,0x00,0x02,0x00,
0x01,0x00,0x33,0x1e,0x00,0x00,0x00,0x00,0x00,0x00,0x8c,0x00,0x00,0x00,0x00,0x00,
0x00,0x00,0x64,0x02,0x00,0x00,0x02,0x00,0x01,0x00,0xbf,0x1e,0x00,0x00,0x00,0x00,
0x00,0x00,0x40,0x01,0x00,0x00,0x00,0x00,0x00,0x00,0x77,0x02,0x00,0x00,0x02,0x00,
0x01,0x00,0xff,0x1f,0x00,0x00,0x00,0x00,0x00,0x00,0x84,0x00,0x00,0x00,0x00,0x00,
0x00,0x00,0x8b,0x02,0x00,0x00,0x02,0x00,0x01,0x00,0x83,0x20,0x00,0x00,0x00,0x00,
0x00,0x00,0x74,0x00,0x00,0x00,0x00,0x00,0x00,0x00,0x9f,0x02,0x00,0x00,0x02,0x00,
0x01,0x00,0xf7,0x20,0x00,0x00,0x00,0x00,0x00,0x00,0xce,0x00,0x00,0x00,0x00,0x00,
0x00,0x00,0xb3,0x02,0x00,0x00,0x02,0x00,0x01,0x00,0xc5,0x21,0x00,0x00,0x00,0x00,
0x00,0x00,0x43,0x00,0x00,0x00,0x00,0x00,0x00,0x00,0xc3,0x02,0x00,0x00,0x02,0x00,
0x01,0x00,0x08,0x22,0x00,0x00,0x00,0x00,0x00,0x00,0x4b,0x00,0x00,0x00,0x00,0x00,
0x00,0x00,0xd1,0x02,0x00,0x00,0x10,0x00,0x00,0x00,0x00,0x00,0x00,0x00,0x00,0x00,
0x00,0x00,0x00,0x00,0x00,0x00,0x00,0x00,0x00,0x00,0xd7,0x02,0x00,0x00,0x12,0x00,
0x01,0x00,0x32,0x0c,0x00,0x00,0x00,0x00,0x00,0x00,0x3a,0x00,0x00,0x00,0x00,0x00,
0x00,0x00,0xe0,0x02,0x00,0x00,0x12,0x00,0x01,0x00,0x6c,0x0c,0x00,0x00,0x00,0x00,
0x00,0x00,0x7b,0x00,0x00,0x00,0x00,0x00,0x00,0x00,0xe9,0x02,0x00,0x00,0x12,0x00,
0x01,0x00,0xe7,0x0c,0x00,0x00,0x00,0x00,0x00,0x00,0xa1,0x00,0x00,0x00,0x00,0x00,
0x00,0x00,0xf6,0x02,0x00,0x00,0x10,0x00,0x00,0x00,0x00,0x00,0x00,0x00,0x00,0x00,
0x00,0x00,0x00,0x00,0x00,0x00,0x00,0x00,0x00,0x00,0x07,0x03,0x00,0x00,0x12,0x00,
0x01,0x00,0x88,0x0d,0x00,0x00,0x00,0x00,0x00,0x00,0x83,0x00,0x00,0x00,0x00,0x00,
0x00,0x00,0x11,0x03,0x00,0x00,0x12,0x00,0x01,0x00,0x0b,0x0e,0x00,0x00,0x00,0x00,
0x00,0x00,0x83,0x00,0x00,0x00,0x00,0x00,0x00,0x00,0x1b,0x03,0x00,0x00,0x12,0x00,
0x01,0x00,0x8e,0x0e,0x00,0x00,0x00,0x00,0x00,0x00,0x34,0x01,0x00,0x00,0x00,0x00,
0x00,0x00,0x24,0x03,0x00,0x00,0x12,0x00,0x01,0x00,0xc2,0x0f,0x00,0x00,0x00,0x00,
0x00,0x00,0x07,0x01,0x00,0x00,0x00,0x00,0x00,0x00,0x2d,0x03,0x00,0x00,0x12,0x00,
0x01,0x00,0xc9,0x10,0x00,0x00,0x00,0x00,0x00,0x00,0xa7,0x00,0x00,0x00,0x00,0x00,
0x00,0x00,0x37,0x03,0x00,0x00,0x12,0x00,0x01,0x00,0x70,0x11,0x00,0x00,0x00,0x00,
0x00,0x00,0xa7,0x00,0x00,0x00,0x00,0x00,0x00,0x00,0x41,0x03,0x00,0x00,0x12,0x00,
0x01,0x00,0x17,0x12,0x00,0x00,0x00,0x00,0x00,0x00,0xb7,0x00,0x00,0x00,0x00,0x00,
0x00,0x00,0x4b,0x03,0x00,0x00,0x12,0x00,0x01,0x00,0xce,0x12,0x00,0x00,0x00,0x00,
0x00,0x00,0xa4,0x00,0x00,0x00,0x00,0x00,0x00,0x00,0x54,0x03,0x00,0x00,0x12,0x00,
0x01,0x00,0x72,0x13,0x00,0x00,0x00,0x00,0x00,0x00,0x80,0x00,0x00,0x00,0x00,0x00,
0x00,0x00,0x5e,0x03,0x00,0x00,0x12,0x00,0x01,0x00,0xf2,0x13,0x00,0x00,0x00,0x00,
0x00,0x00,0x3a,0x00,0x00,0x00,0x00,0x00,0x00,0x00,0x67,0x03,0x00,0x00,0x12,0x00,
0x01,0x00,0x2c,0x14,0x00,0x00,0x00,0x00,0x00,0x00,0x3a,0x00,0x00,0x00,0x00,0x00,
0x00,0x00,0x70,0x03,0x00,0x00,0x12,0x00,0x01,0x00,0x66,0x14,0x00,0x00,0x00,0x00,
0x00,0x00,0x56,0x00,0x00,0x00,0x00,0x00,0x00,0x00,0x79,0x03,0x00,0x00,0x12,0x00,
0x01,0x00,0xbc,0x14,0x00,0x00,0x00,0x00,0x00,0x00,0x48,0x00,0x00,0x00,0x00,0x00,
0x00,0x00,0x87,0x03,0x00,0x00,0x12,0x00,0x01,0x00,0x04,0x15,0x00,0x00,0x00,0x00,
0x00,0x00,0x4b,0x00,0x00,0x00,0x00,0x00,0x00,0x00,0x93,0x03,0x00,0x00,0x12,0x00,
0x01,0x00,0x4f,0x15,0x00,0x00,0x00,0x00,0x00,0x00,0x52,0x00,0x00,0x00,0x00,0x00,
0x00,0x00,0x9e,0x03,0x00,0x00,0x12,0x00,0x01,0x00,0xa1,0x15,0x00,0x00,0x00,0x00,
0x00,0x00,0xc1,0x00,0x00,0x00,0x00,0x00,0x00,0x00,0xac,0x03,0x00,0x00,0x12,0x00,
0x01,0x00,0x62,0x16,0x00,0x00,0x00,0x00,0x00,0x00,0x91,0x00,0x00,0x00,0x00,0x00,
0x00,0x00,0xb8,0x03,0x00,0x00,0x12,0x00,0x01,0x00,0xf3,0x16,0x00,0x00,0x00,0x00,
0x00,0x00,0xc1,0x00,0x00,0x00,0x00,0x00,0x00,0x00,0xc6,0x03,0x00,0x00,0x12,0x00,
0x01,0x00,0xb4,0x17,0x00,0x00,0x00,0x00,0x00,0x00,0x8d,0x00,0x00,0x00,0x00,0x00,
0x00,0x00,0xd2,0x03,0x00,0x00,0x12,0x00,0x01,0x00,0x41,0x18,0x00,0x00,0x00,0x00,
0x00,0x00,0x8b,0x01,0x00,0x00,0x00,0x00,0x00,0x00,0xdf,0x03,0x00,0x00,0x12,0x00,
0x01,0x00,0xcc,0x19,0x00,0x00,0x00,0x00,0x00,0x00,0x5f,0x00,0x00,0x00,0x00,0x00,
0x00,0x00,0xe9,0x03,0x00,0x00,0x12,0x00,0x01,0x00,0x2b,0x1a,0x00,0x00,0x00,0x00,
0x00,0x00,0x2b,0x00,0x00,0x00,0x00,0x00,0x00,0x00,0xf6,0x03,0x00,0x00,0x12,0x00,
0x01,0x00,0x56,0x1a,0x00,0x00,0x00,0x00,0x00,0x00,0x2b,0x00,0x00,0x00,0x00,0x00,
0x00,0x00,0x00,0x04,0x00,0x00,0x12,0x00,0x01,0x00,0x81,0x1a,0x00,0x00,0x00,0x00,
0x00,0x00,0x9a,0x00,0x00,0x00,0x00,0x00,0x00,0x00,0x0e,0x04,0x00,0x00,0x12,0x00,
0x01,0x00,0x1b,0x1b,0x00,0x00,0x00,0x00,0x00,0x00,0x97,0x00,0x00,0x00,0x00,0x00,
0x00,0x00,0x1a,0x04,0x00,0x00,0x12,0x00,0x01,0x00,0xb2,0x1b,0x00,0x00,0x00,0x00,
0x00,0x00,0x9d,0x01,0x00,0x00,0x00,0x00,0x00,0x00,0x27,0x04,0x00,0x00,0x12,0x00,
0x01,0x00,0x4f,0x1d,0x00,0x00,0x00,0x00,0x00,0x00,0x55,0x00,0x00,0x00,0x00,0x00,
0x00,0x00,0x31,0x04,0x00,0x00,0x12,0x00,0x01,0x00,0x53,0x22,0x00,0x00,0x00,0x00,
0x00,0x00,0xdc,0x00,0x00,0x00,0x00,0x00,0x00,0x00,0x3f,0x04,0x00,0x00,0x12,0x00,
0x01,0x00,0x2f,0x23,0x00,0x00,0x00,0x00,0x00,0x00,0xdc,0x00,0x00,0x00,0x00,0x00,
0x00,0x00,0x4d,0x04,0x00,0x00,0x12,0x00,0x01,0x00,0x0b,0x24,0x00,0x00,0x00,0x00,
0x00,0x00,0xdc,0x00,0x00,0x00,0x00,0x00,0x00,0x00,0x5b,0x04,0x00,0x00,0x12,0x00,
0x01,0x00,0xe7,0x24,0x00,0x00,0x00,0x00,0x00,0x00,0xd0,0x00,0x00,0x00,0x00,0x00,
0x00,0x00,0x6a,0x04,0x00,0x00,0x12,0x00,0x01,0x00,0xb7,0x25,0x00,0x00,0x00,0x00,
0x00,0x00,0xd0,0x00,0x00,0x00,0x00,0x00,0x00,0x00,0x79,0x04,0x00,0x00,0x12,0x00,
0x01,0x00,0x87,0x26,0x00,0x00,0x00,0x00,0x00,0x00,0xd0,0x00,0x00,0x00,0x00,0x00,
0x00,0x00,0x88,0x04,0x00,0x00,0x12,0x00,0x01,0x00,0x57,0x27,0x00,0x00,0x00,0x00,
0x00,0x00,0x8e,0x01,0x00,0x00,0x00,0x00,0x00,0x00,0x94,0x04,0x00,0x00,0x12,0x00,
0x01,0x00,0xe5,0x28,0x00,0x00,0x00,0x00,0x00,0x00,0x56,0x00,0x00,0x00,0x00,0x00,
0x00,0x00,0x9e,0x04,0x00,0x00,0x12,0x00,0x01,0x00,0x3b,0x29,0x00,0x00,0x00,0x00,
0x00,0x00,0x5b,0x00,0x00,0x00,0x00,0x00,0x00,0x00,0xa8,0x04,0x00,0x00,0x12,0x00,
0x01,0x00,0x96,0x29,0x00,0x00,0x00,0x00,0x00,0x00,0x85,0x00,0x00,0x00,0x00,0x00,
0x00,0x00,0xb2,0x04,0x00,0x00,0x12,0x00,0x01,0x00,0x1b,0x2a,0x00,0x00,0x00,0x00,
0x00,0x00,0x85,0x00,0x00,0x00,0x00,0x00,0x00,0x00,0xbc,0x04,0x00,0x00,0x12,0x00,
0x01,0x00,0xa0,0x2a,0x00,0x00,0x00,0x00,0x00,0x00,0x85,0x00,0x00,0x00,0x00,0x00,
0x00,0x00,0x00,0x69,0x6e,0x74,0x31,0x32,0x38,0x2e,0x63,0x00,0x6d,0x63,0x63,0x5f,
0x74,0x77,0x6f,0x5f,0x74,0x6f,0x5f,0x74,0x68,0x65,0x5f,0x36,0x34,0x00,0x6d,0x63,
0x63,0x5f,0x74,0x77,0x6f,0x5f,0x74,0x6f,0x5f,0x74,0x68,0x65,0x5f,0x36,0x34,0x5f,
0x6c,0x6f,0x6e,0x67,0x00,0x6d,0x63,0x63,0x5f,0x69,0x6e,0x74,0x31,0x32,0x38,0x5f,
0x6f,0x76,0x65,0x72,0x66,0x6c,0x6f,0x77,0x00,0x69,0x6e,0x74,0x31,0x32,0x38,0x5f,
0x66,0x72,0x6f,0x6d,0x5f,0x68,0x61,0x6c,0x76,0x65,0x73,0x00,0x69,0x6e,0x74,0x31,
0x32,0x38,0x5f,0x69,0x73,0x5f,0x6e,0x65,0x67,0x61,0x74,0x69,0x76,0x65,0x00,0x69,
0x6e,0x74,0x31,0x32,0x38,0x5f,0x6e,0x65,0x67,0x61,0x74,0x65,0x00,0x69,0x6e,0x74,
0x31,0x32,0x38,0x5f,0x61,0x64,0x64,0x00,0x69,0x6e,0x74,0x31,0x32,0x38,0x5f,0x73,
0x75,0x62,0x74,0x72,0x61,0x63,0x74,0x00,0x69,0x6e,0x74,0x31,0x32,0x38,0x5f,0x69,
0x73,0x5f,0x62,0x65,0x6c,0x6f,0x77,0x00,0x69,0x6e,0x74,0x31,0x32,0x38,0x5f,0x69,
0x73,0x5f,0x65,0x71,0x75,0x61,0x6c,0x00,0x69,0x6e,0x74,0x31,0x32,0x38,0x5f,0x69,
0x73,0x5f,0x7a,0x65,0x72,0x6f,0x00,0x69,0x6e,0x74,0x31,0x32,0x38,0x5f,0x69,0x73,
0x5f,0x61,0x6c,0x6c,0x5f,0x6f,0x6e,0x65,0x73,0x00,0x69,0x6e,0x74,0x31,0x32,0x38,
0x5f,0x69,0x73,0x5f,0x6d,0x69,0x6e,0x69,0x6d,0x75,0x6d,0x00,0x69,0x6e,0x74,0x31,
0x32,0x38,0x5f,0x64,0x6f,0x75,0x62,0x6c,0x65,0x00,0x69,0x6e,0x74,0x31,0x32,0x38,
0x5f,0x62,0x69,0x74,0x5f,0x61,0x74,0x00,0x69,0x6e,0x74,0x31,0x32,0x38,0x5f,0x75,
0x6e,0x73,0x69,0x67,0x6e,0x65,0x64,0x5f,0x64,0x69,0x76,0x69,0x64,0x65,0x00,0x69,
0x6e,0x74,0x31,0x32,0x38,0x5f,0x6d,0x75,0x6c,0x74,0x69,0x70,0x6c,0x79,0x5f,0x68,
0x61,0x6c,0x76,0x65,0x73,0x00,0x68,0x61,0x6c,0x66,0x5f,0x73,0x69,0x67,0x6e,0x5f,
0x66,0x69,0x6c,0x6c,0x00,0x68,0x61,0x6c,0x66,0x5f,0x73,0x68,0x69,0x66,0x74,0x5f,
0x72,0x69,0x67,0x68,0x74,0x5f,0x73,0x69,0x67,0x6e,0x65,0x64,0x00,0x68,0x61,0x6c,
0x66,0x5f,0x6c,0x65,0x61,0x64,0x69,0x6e,0x67,0x5f,0x7a,0x65,0x72,0x6f,0x73,0x00,
0x68,0x61,0x6c,0x66,0x5f,0x74,0x72,0x61,0x69,0x6c,0x69,0x6e,0x67,0x5f,0x7a,0x65,
0x72,0x6f,0x73,0x00,0x68,0x61,0x6c,0x66,0x5f,0x70,0x6f,0x70,0x75,0x6c,0x61,0x74,
0x69,0x6f,0x6e,0x5f,0x63,0x6f,0x75,0x6e,0x74,0x00,0x68,0x61,0x6c,0x66,0x5f,0x62,
0x79,0x74,0x65,0x5f,0x73,0x77,0x61,0x70,0x00,0x69,0x6e,0x74,0x31,0x32,0x38,0x5f,
0x6c,0x65,0x61,0x64,0x69,0x6e,0x67,0x5f,0x7a,0x65,0x72,0x6f,0x73,0x00,0x69,0x6e,
0x74,0x31,0x32,0x38,0x5f,0x74,0x72,0x61,0x69,0x6c,0x69,0x6e,0x67,0x5f,0x7a,0x65,
0x72,0x6f,0x73,0x00,0x69,0x6e,0x74,0x31,0x32,0x38,0x5f,0x74,0x6f,0x70,0x5f,0x68,
0x61,0x6c,0x66,0x5f,0x61,0x66,0x74,0x65,0x72,0x5f,0x73,0x68,0x69,0x66,0x74,0x00,
0x69,0x6e,0x74,0x31,0x32,0x38,0x5f,0x68,0x61,0x73,0x5f,0x62,0x69,0x74,0x73,0x5f,
0x62,0x65,0x6c,0x6f,0x77,0x00,0x69,0x6e,0x74,0x31,0x32,0x38,0x5f,0x73,0x69,0x67,
0x6e,0x69,0x66,0x69,0x63,0x61,0x6e,0x64,0x5f,0x77,0x69,0x74,0x68,0x5f,0x73,0x74,
0x69,0x63,0x6b,0x79,0x00,0x69,0x6e,0x74,0x31,0x32,0x38,0x5f,0x73,0x69,0x67,0x6e,
0x69,0x66,0x69,0x63,0x61,0x6e,0x64,0x5f,0x72,0x6f,0x75,0x6e,0x64,0x65,0x64,0x00,
0x5f,0x5f,0x6d,0x63,0x63,0x5f,0x61,0x64,0x64,0x6f,0x5f,0x74,0x69,0x5f,0x69,0x6d,
0x70,0x6c,0x00,0x5f,0x5f,0x6d,0x63,0x63,0x5f,0x73,0x75,0x62,0x6f,0x5f,0x74,0x69,
0x5f,0x69,0x6d,0x70,0x6c,0x00,0x5f,0x5f,0x6d,0x63,0x63,0x5f,0x6d,0x75,0x6c,0x6f,
0x5f,0x74,0x69,0x5f,0x69,0x6d,0x70,0x6c,0x00,0x5f,0x5f,0x6d,0x63,0x63,0x5f,0x61,
0x64,0x64,0x6f,0x5f,0x75,0x74,0x69,0x5f,0x69,0x6d,0x70,0x6c,0x00,0x5f,0x5f,0x6d,
0x63,0x63,0x5f,0x73,0x75,0x62,0x6f,0x5f,0x75,0x74,0x69,0x5f,0x69,0x6d,0x70,0x6c,
0x00,0x5f,0x5f,0x6d,0x63,0x63,0x5f,0x6d,0x75,0x6c,0x6f,0x5f,0x75,0x74,0x69,0x5f,
0x69,0x6d,0x70,0x6c,0x00,0x6d,0x63,0x63,0x5f,0x6f,0x76,0x5f,0x66,0x72,0x6f,0x6d,
0x5f,0x61,0x62,0x69,0x00,0x6d,0x63,0x63,0x5f,0x6f,0x76,0x5f,0x74,0x6f,0x5f,0x61,
0x62,0x69,0x00,0x61,0x62,0x6f,0x72,0x74,0x00,0x5f,0x5f,0x6e,0x65,0x67,0x74,0x69,
0x32,0x00,0x5f,0x5f,0x6d,0x75,0x6c,0x74,0x69,0x33,0x00,0x5f,0x5f,0x75,0x64,0x69,
0x76,0x6d,0x6f,0x64,0x74,0x69,0x34,0x00,0x5f,0x5f,0x73,0x74,0x61,0x63,0x6b,0x5f,
0x63,0x68,0x6b,0x5f,0x66,0x61,0x69,0x6c,0x00,0x5f,0x5f,0x75,0x64,0x69,0x76,0x74,
0x69,0x33,0x00,0x5f,0x5f,0x75,0x6d,0x6f,0x64,0x74,0x69,0x33,0x00,0x5f,0x5f,0x64,
0x69,0x76,0x74,0x69,0x33,0x00,0x5f,0x5f,0x6d,0x6f,0x64,0x74,0x69,0x33,0x00,0x5f,
0x5f,0x61,0x73,0x68,0x6c,0x74,0x69,0x33,0x00,0x5f,0x5f,0x6c,0x73,0x68,0x72,0x74,
0x69,0x33,0x00,0x5f,0x5f,0x61,0x73,0x68,0x72,0x74,0x69,0x33,0x00,0x5f,0x5f,0x63,
0x6d,0x70,0x74,0x69,0x32,0x00,0x5f,0x5f,0x75,0x63,0x6d,0x70,0x74,0x69,0x32,0x00,
0x5f,0x5f,0x63,0x6c,0x7a,0x74,0x69,0x32,0x00,0x5f,0x5f,0x63,0x74,0x7a,0x74,0x69,
0x32,0x00,0x5f,0x5f,0x66,0x66,0x73,0x74,0x69,0x32,0x00,0x5f,0x5f,0x70,0x6f,0x70,
0x63,0x6f,0x75,0x6e,0x74,0x74,0x69,0x32,0x00,0x5f,0x5f,0x70,0x61,0x72,0x69,0x74,
0x79,0x74,0x69,0x32,0x00,0x5f,0x5f,0x62,0x73,0x77,0x61,0x70,0x74,0x69,0x32,0x00,
0x5f,0x5f,0x66,0x6c,0x6f,0x61,0x74,0x75,0x6e,0x74,0x69,0x64,0x66,0x00,0x5f,0x5f,
0x66,0x6c,0x6f,0x61,0x74,0x74,0x69,0x64,0x66,0x00,0x5f,0x5f,0x66,0x6c,0x6f,0x61,
0x74,0x75,0x6e,0x74,0x69,0x73,0x66,0x00,0x5f,0x5f,0x66,0x6c,0x6f,0x61,0x74,0x74,
0x69,0x73,0x66,0x00,0x5f,0x5f,0x66,0x69,0x78,0x75,0x6e,0x73,0x64,0x66,0x74,0x69,
0x00,0x5f,0x5f,0x66,0x69,0x78,0x64,0x66,0x74,0x69,0x00,0x5f,0x5f,0x66,0x69,0x78,
0x75,0x6e,0x73,0x73,0x66,0x74,0x69,0x00,0x5f,0x5f,0x66,0x69,0x78,0x73,0x66,0x74,
0x69,0x00,0x5f,0x5f,0x66,0x6c,0x6f,0x61,0x74,0x75,0x6e,0x74,0x69,0x78,0x66,0x00,
0x5f,0x5f,0x66,0x6c,0x6f,0x61,0x74,0x74,0x69,0x78,0x66,0x00,0x5f,0x5f,0x66,0x69,
0x78,0x75,0x6e,0x73,0x78,0x66,0x74,0x69,0x00,0x5f,0x5f,0x66,0x69,0x78,0x78,0x66,
0x74,0x69,0x00,0x5f,0x5f,0x6d,0x63,0x63,0x5f,0x61,0x64,0x64,0x6f,0x5f,0x74,0x69,
0x00,0x5f,0x5f,0x6d,0x63,0x63,0x5f,0x73,0x75,0x62,0x6f,0x5f,0x74,0x69,0x00,0x5f,
0x5f,0x6d,0x63,0x63,0x5f,0x6d,0x75,0x6c,0x6f,0x5f,0x74,0x69,0x00,0x5f,0x5f,0x6d,
0x63,0x63,0x5f,0x61,0x64,0x64,0x6f,0x5f,0x75,0x74,0x69,0x00,0x5f,0x5f,0x6d,0x63,
0x63,0x5f,0x73,0x75,0x62,0x6f,0x5f,0x75,0x74,0x69,0x00,0x5f,0x5f,0x6d,0x63,0x63,
0x5f,0x6d,0x75,0x6c,0x6f,0x5f,0x75,0x74,0x69,0x00,0x5f,0x5f,0x64,0x69,0x76,0x6d,
0x6f,0x64,0x74,0x69,0x34,0x00,0x5f,0x5f,0x6e,0x65,0x67,0x76,0x74,0x69,0x32,0x00,
0x5f,0x5f,0x61,0x62,0x73,0x76,0x74,0x69,0x32,0x00,0x5f,0x5f,0x61,0x64,0x64,0x76,
0x74,0x69,0x33,0x00,0x5f,0x5f,0x73,0x75,0x62,0x76,0x74,0x69,0x33,0x00,0x5f,0x5f,
0x6d,0x75,0x6c,0x76,0x74,0x69,0x33,0x00,0x00,0x00,0x09,0x00,0x00,0x00,0x00,0x00,
0x00,0x00,0x04,0x00,0x00,0x00,0x29,0x00,0x00,0x00,0xfc,0xff,0xff,0xff,0xff,0xff,
0xff,0xff,0x82,0x0d,0x00,0x00,0x00,0x00,0x00,0x00,0x04,0x00,0x00,0x00,0x2d,0x00,
0x00,0x00,0xfc,0xff,0xff,0xff,0xff,0xff,0xff,0xff,0x05,0x0e,0x00,0x00,0x00,0x00,
0x00,0x00,0x04,0x00,0x00,0x00,0x2d,0x00,0x00,0x00,0xfc,0xff,0xff,0xff,0xff,0xff,
0xff,0xff,0x88,0x0e,0x00,0x00,0x00,0x00,0x00,0x00,0x04,0x00,0x00,0x00,0x2d,0x00,
0x00,0x00,0xfc,0xff,0xff,0xff,0xff,0xff,0xff,0xff,0xb8,0x0f,0x00,0x00,0x00,0x00,
0x00,0x00,0x04,0x00,0x00,0x00,0x2d,0x00,0x00,0x00,0xfc,0xff,0xff,0xff,0xff,0xff,
0xff,0xff,0xc3,0x10,0x00,0x00,0x00,0x00,0x00,0x00,0x04,0x00,0x00,0x00,0x2d,0x00,
0x00,0x00,0xfc,0xff,0xff,0xff,0xff,0xff,0xff,0xff,0xf4,0x15,0x00,0x00,0x00,0x00,
0x00,0x00,0x02,0x00,0x00,0x00,0x03,0x00,0x00,0x00,0x1c,0x00,0x00,0x00,0x00,0x00,
0x00,0x00,0x5c,0x16,0x00,0x00,0x00,0x00,0x00,0x00,0x04,0x00,0x00,0x00,0x2d,0x00,
0x00,0x00,0xfc,0xff,0xff,0xff,0xff,0xff,0xff,0xff,0xbe,0x16,0x00,0x00,0x00,0x00,
0x00,0x00,0x04,0x00,0x00,0x00,0x3d,0x00,0x00,0x00,0xfc,0xff,0xff,0xff,0xff,0xff,
0xff,0xff,0xcb,0x16,0x00,0x00,0x00,0x00,0x00,0x00,0x02,0x00,0x00,0x00,0x03,0x00,
0x00,0x00,0x2c,0x00,0x00,0x00,0x00,0x00,0x00,0x00,0xed,0x16,0x00,0x00,0x00,0x00,
0x00,0x00,0x04,0x00,0x00,0x00,0x3d,0x00,0x00,0x00,0xfc,0xff,0xff,0xff,0xff,0xff,
0xff,0xff,0x46,0x17,0x00,0x00,0x00,0x00,0x00,0x00,0x02,0x00,0x00,0x00,0x03,0x00,
0x00,0x00,0x3c,0x00,0x00,0x00,0x00,0x00,0x00,0x00,0xae,0x17,0x00,0x00,0x00,0x00,
0x00,0x00,0x04,0x00,0x00,0x00,0x2d,0x00,0x00,0x00,0xfc,0xff,0xff,0xff,0xff,0xff,
0xff,0xff,0x10,0x18,0x00,0x00,0x00,0x00,0x00,0x00,0x04,0x00,0x00,0x00,0x3f,0x00,
0x00,0x00,0xfc,0xff,0xff,0xff,0xff,0xff,0xff,0xff,0x1c,0x18,0x00,0x00,0x00,0x00,
0x00,0x00,0x02,0x00,0x00,0x00,0x03,0x00,0x00,0x00,0x4c,0x00,0x00,0x00,0x00,0x00,
0x00,0x00,0x3b,0x18,0x00,0x00,0x00,0x00,0x00,0x00,0x04,0x00,0x00,0x00,0x3f,0x00,
0x00,0x00,0xfc,0xff,0xff,0xff,0xff,0xff,0xff,0xff,0x72,0x18,0x00,0x00,0x00,0x00,
0x00,0x00,0x02,0x00,0x00,0x00,0x03,0x00,0x00,0x00,0x1c,0x00,0x00,0x00,0x00,0x00,
0x00,0x00,0x95,0x18,0x00,0x00,0x00,0x00,0x00,0x00,0x02,0x00,0x00,0x00,0x03,0x00,
0x00,0x00,0x5c,0x00,0x00,0x00,0x00,0x00,0x00,0x00,0xac,0x18,0x00,0x00,0x00,0x00,
0x00,0x00,0x02,0x00,0x00,0x00,0x03,0x00,0x00,0x00,0x5c,0x00,0x00,0x00,0x00,0x00,
0x00,0x00,0xb4,0x18,0x00,0x00,0x00,0x00,0x00,0x00,0x02,0x00,0x00,0x00,0x03,0x00,
0x00,0x00,0x1c,0x00,0x00,0x00,0x00,0x00,0x00,0x00,0xc5,0x18,0x00,0x00,0x00,0x00,
0x00,0x00,0x02,0x00,0x00,0x00,0x03,0x00,0x00,0x00,0x64,0x00,0x00,0x00,0x00,0x00,
0x00,0x00,0xda,0x18,0x00,0x00,0x00,0x00,0x00,0x00,0x02,0x00,0x00,0x00,0x03,0x00,
0x00,0x00,0x64,0x00,0x00,0x00,0x00,0x00,0x00,0x00,0x3a,0x19,0x00,0x00,0x00,0x00,
0x00,0x00,0x02,0x00,0x00,0x00,0x03,0x00,0x00,0x00,0x5c,0x00,0x00,0x00,0x00,0x00,
0x00,0x00,0x4f,0x19,0x00,0x00,0x00,0x00,0x00,0x00,0x02,0x00,0x00,0x00,0x03,0x00,
0x00,0x00,0x64,0x00,0x00,0x00,0x00,0x00,0x00,0x00,0x60,0x19,0x00,0x00,0x00,0x00,
0x00,0x00,0x02,0x00,0x00,0x00,0x03,0x00,0x00,0x00,0x64,0x00,0x00,0x00,0x00,0x00,
0x00,0x00,0x89,0x19,0x00,0x00,0x00,0x00,0x00,0x00,0x02,0x00,0x00,0x00,0x03,0x00,
0x00,0x00,0x64,0x00,0x00,0x00,0x00,0x00,0x00,0x00,0xa4,0x19,0x00,0x00,0x00,0x00,
0x00,0x00,0x02,0x00,0x00,0x00,0x03,0x00,0x00,0x00,0x64,0x00,0x00,0x00,0x00,0x00,
0x00,0x00,0xf1,0x19,0x00,0x00,0x00,0x00,0x00,0x00,0x02,0x00,0x00,0x00,0x03,0x00,
0x00,0x00,0x2c,0x00,0x00,0x00,0x00,0x00,0x00,0x00,0x04,0x1a,0x00,0x00,0x00,0x00,
0x00,0x00,0x04,0x00,0x00,0x00,0x41,0x00,0x00,0x00,0xfc,0xff,0xff,0xff,0xff,0xff,
0xff,0xff,0x25,0x1a,0x00,0x00,0x00,0x00,0x00,0x00,0x04,0x00,0x00,0x00,0x41,0x00,
0x00,0x00,0xfc,0xff,0xff,0xff,0xff,0xff,0xff,0xff,0x50,0x1a,0x00,0x00,0x00,0x00,
0x00,0x00,0x04,0x00,0x00,0x00,0x41,0x00,0x00,0x00,0xfc,0xff,0xff,0xff,0xff,0xff,
0xff,0xff,0x7b,0x1a,0x00,0x00,0x00,0x00,0x00,0x00,0x04,0x00,0x00,0x00,0x42,0x00,
0x00,0x00,0xfc,0xff,0xff,0xff,0xff,0xff,0xff,0xff,0xf8,0x1a,0x00,0x00,0x00,0x00,
0x00,0x00,0x02,0x00,0x00,0x00,0x03,0x00,0x00,0x00,0x6c,0x00,0x00,0x00,0x00,0x00,
0x00,0x00,0x15,0x1b,0x00,0x00,0x00,0x00,0x00,0x00,0x04,0x00,0x00,0x00,0x2d,0x00,
0x00,0x00,0xfc,0xff,0xff,0xff,0xff,0xff,0xff,0xff,0x77,0x1b,0x00,0x00,0x00,0x00,
0x00,0x00,0x04,0x00,0x00,0x00,0x45,0x00,0x00,0x00,0xfc,0xff,0xff,0xff,0xff,0xff,
0xff,0xff,0x98,0x1b,0x00,0x00,0x00,0x00,0x00,0x00,0x04,0x00,0x00,0x00,0x45,0x00,
0x00,0x00,0xfc,0xff,0xff,0xff,0xff,0xff,0xff,0xff,0xf7,0x1b,0x00,0x00,0x00,0x00,
0x00,0x00,0x02,0x00,0x00,0x00,0x03,0x00,0x00,0x00,0x6c,0x00,0x00,0x00,0x00,0x00,
0x00,0x00,0x0a,0x1c,0x00,0x00,0x00,0x00,0x00,0x00,0x02,0x00,0x00,0x00,0x03,0x00,
0x00,0x00,0x6c,0x00,0x00,0x00,0x00,0x00,0x00,0x00,0x19,0x1c,0x00,0x00,0x00,0x00,
0x00,0x00,0x02,0x00,0x00,0x00,0x03,0x00,0x00,0x00,0x7c,0x00,0x00,0x00,0x00,0x00,
0x00,0x00,0x40,0x1c,0x00,0x00,0x00,0x00,0x00,0x00,0x02,0x00,0x00,0x00,0x03,0x00,
0x00,0x00,0x7c,0x00,0x00,0x00,0x00,0x00,0x00,0x00,0x87,0x1c,0x00,0x00,0x00,0x00,
0x00,0x00,0x02,0x00,0x00,0x00,0x03,0x00,0x00,0x00,0x6c,0x00,0x00,0x00,0x00,0x00,
0x00,0x00,0x8f,0x1c,0x00,0x00,0x00,0x00,0x00,0x00,0x02,0x00,0x00,0x00,0x03,0x00,
0x00,0x00,0x6c,0x00,0x00,0x00,0x00,0x00,0x00,0x00,0x9c,0x1c,0x00,0x00,0x00,0x00,
0x00,0x00,0x02,0x00,0x00,0x00,0x03,0x00,0x00,0x00,0x7c,0x00,0x00,0x00,0x00,0x00,
0x00,0x00,0xb9,0x1c,0x00,0x00,0x00,0x00,0x00,0x00,0x02,0x00,0x00,0x00,0x03,0x00,
0x00,0x00,0x7c,0x00,0x00,0x00,0x00,0x00,0x00,0x00,0xe1,0x1c,0x00,0x00,0x00,0x00,
0x00,0x00,0x02,0x00,0x00,0x00,0x03,0x00,0x00,0x00,0x7c,0x00,0x00,0x00,0x00,0x00,
0x00,0x00,0x13,0x1d,0x00,0x00,0x00,0x00,0x00,0x00,0x02,0x00,0x00,0x00,0x03,0x00,
0x00,0x00,0x7c,0x00,0x00,0x00,0x00,0x00,0x00,0x00,0x78,0x1d,0x00,0x00,0x00,0x00,
0x00,0x00,0x04,0x00,0x00,0x00,0x47,0x00,0x00,0x00,0xfc,0xff,0xff,0xff,0xff,0xff,
0xff,0xff,0x9a,0x1d,0x00,0x00,0x00,0x00,0x00,0x00,0x04,0x00,0x00,0x00,0x47,0x00,
0x00,0x00,0xfc,0xff,0xff,0xff,0xff,0xff,0xff,0xff,0x08,0x1f,0x00,0x00,0x00,0x00,
0x00,0x00,0x04,0x00,0x00,0x00,0x2b,0x00,0x00,0x00,0xfc,0xff,0xff,0xff,0xff,0xff,
0xff,0xff,0xce,0x1f,0x00,0x00,0x00,0x00,0x00,0x00,0x04,0x00,0x00,0x00,0x30,0x00,
0x00,0x00,0xfc,0xff,0xff,0xff,0xff,0xff,0xff,0xff,0x40,0x21,0x00,0x00,0x00,0x00,
0x00,0x00,0x04,0x00,0x00,0x00,0x2b,0x00,0x00,0x00,0xfc,0xff,0xff,0xff,0xff,0xff,
0xff,0xff,0x94,0x21,0x00,0x00,0x00,0x00,0x00,0x00,0x04,0x00,0x00,0x00,0x2e,0x00,
0x00,0x00,0xfc,0xff,0xff,0xff,0xff,0xff,0xff,0xff,0x21,0x23,0x00,0x00,0x00,0x00,
0x00,0x00,0x04,0x00,0x00,0x00,0x2d,0x00,0x00,0x00,0xfc,0xff,0xff,0xff,0xff,0xff,
0xff,0xff,0xfd,0x23,0x00,0x00,0x00,0x00,0x00,0x00,0x04,0x00,0x00,0x00,0x2d,0x00,
0x00,0x00,0xfc,0xff,0xff,0xff,0xff,0xff,0xff,0xff,0xd9,0x24,0x00,0x00,0x00,0x00,
0x00,0x00,0x04,0x00,0x00,0x00,0x2d,0x00,0x00,0x00,0xfc,0xff,0xff,0xff,0xff,0xff,
0xff,0xff,0xa9,0x25,0x00,0x00,0x00,0x00,0x00,0x00,0x04,0x00,0x00,0x00,0x2d,0x00,
0x00,0x00,0xfc,0xff,0xff,0xff,0xff,0xff,0xff,0xff,0x79,0x26,0x00,0x00,0x00,0x00,
0x00,0x00,0x04,0x00,0x00,0x00,0x2d,0x00,0x00,0x00,0xfc,0xff,0xff,0xff,0xff,0xff,
0xff,0xff,0x49,0x27,0x00,0x00,0x00,0x00,0x00,0x00,0x04,0x00,0x00,0x00,0x2d,0x00,
0x00,0x00,0xfc,0xff,0xff,0xff,0xff,0xff,0xff,0xff,0xdb,0x28,0x00,0x00,0x00,0x00,
0x00,0x00,0x04,0x00,0x00,0x00,0x2d,0x00,0x00,0x00,0xfc,0xff,0xff,0xff,0xff,0xff,
0xff,0xff,0x86,0x29,0x00,0x00,0x00,0x00,0x00,0x00,0x04,0x00,0x00,0x00,0x50,0x00,
0x00,0x00,0xfc,0xff,0xff,0xff,0xff,0xff,0xff,0xff,0x15,0x2a,0x00,0x00,0x00,0x00,
0x00,0x00,0x04,0x00,0x00,0x00,0x2d,0x00,0x00,0x00,0xfc,0xff,0xff,0xff,0xff,0xff,
0xff,0xff,0x9a,0x2a,0x00,0x00,0x00,0x00,0x00,0x00,0x04,0x00,0x00,0x00,0x2d,0x00,
0x00,0x00,0xfc,0xff,0xff,0xff,0xff,0xff,0xff,0xff,0x1f,0x2b,0x00,0x00,0x00,0x00,
0x00,0x00,0x04,0x00,0x00,0x00,0x2d,0x00,0x00,0x00,0xfc,0xff,0xff,0xff,0xff,0xff,
0xff,0xff,0x20,0x00,0x00,0x00,0x00,0x00,0x00,0x00,0x02,0x00,0x00,0x00,0x02,0x00,
0x00,0x00,0x00,0x00,0x00,0x00,0x00,0x00,0x00,0x00,0x3c,0x00,0x00,0x00,0x00,0x00,
0x00,0x00,0x02,0x00,0x00,0x00,0x02,0x00,0x00,0x00,0x0d,0x00,0x00,0x00,0x00,0x00,
0x00,0x00,0x5c,0x00,0x00,0x00,0x00,0x00,0x00,0x00,0x02,0x00,0x00,0x00,0x02,0x00,
0x00,0x00,0x37,0x00,0x00,0x00,0x00,0x00,0x00,0x00,0x7c,0x00,0x00,0x00,0x00,0x00,
0x00,0x00,0x02,0x00,0x00,0x00,0x02,0x00,0x00,0x00,0x65,0x00,0x00,0x00,0x00,0x00,
0x00,0x00,0x9c,0x00,0x00,0x00,0x00,0x00,0x00,0x00,0x02,0x00,0x00,0x00,0x02,0x00,
0x00,0x00,0xbf,0x00,0x00,0x00,0x00,0x00,0x00,0x00,0xbc,0x00,0x00,0x00,0x00,0x00,
0x00,0x00,0x02,0x00,0x00,0x00,0x02,0x00,0x00,0x00,0x2d,0x01,0x00,0x00,0x00,0x00,
0x00,0x00,0xdc,0x00,0x00,0x00,0x00,0x00,0x00,0x00,0x02,0x00,0x00,0x00,0x02,0x00,
0x00,0x00,0xa0,0x01,0x00,0x00,0x00,0x00,0x00,0x00,0xfc,0x00,0x00,0x00,0x00,0x00,
0x00,0x00,0x02,0x00,0x00,0x00,0x02,0x00,0x00,0x00,0xfc,0x01,0x00,0x00,0x00,0x00,
0x00,0x00,0x1c,0x01,0x00,0x00,0x00,0x00,0x00,0x00,0x02,0x00,0x00,0x00,0x02,0x00,
0x00,0x00,0x4d,0x02,0x00,0x00,0x00,0x00,0x00,0x00,0x3c,0x01,0x00,0x00,0x00,0x00,
0x00,0x00,0x02,0x00,0x00,0x00,0x02,0x00,0x00,0x00,0x8e,0x02,0x00,0x00,0x00,0x00,
0x00,0x00,0x5c,0x01,0x00,0x00,0x00,0x00,0x00,0x00,0x02,0x00,0x00,0x00,0x02,0x00,
0x00,0x00,0xd1,0x02,0x00,0x00,0x00,0x00,0x00,0x00,0x7c,0x01,0x00,0x00,0x00,0x00,
0x00,0x00,0x02,0x00,0x00,0x00,0x02,0x00,0x00,0x00,0x1c,0x03,0x00,0x00,0x00,0x00,
0x00,0x00,0x9c,0x01,0x00,0x00,0x00,0x00,0x00,0x00,0x02,0x00,0x00,0x00,0x02,0x00,
0x00,0x00,0x69,0x03,0x00,0x00,0x00,0x00,0x00,0x00,0xc0,0x01,0x00,0x00,0x00,0x00,
0x00,0x00,0x02,0x00,0x00,0x00,0x02,0x00,0x00,0x00,0xc0,0x03,0x00,0x00,0x00,0x00,
0x00,0x00,0xe0,0x01,0x00,0x00,0x00,0x00,0x00,0x00,0x02,0x00,0x00,0x00,0x02,0x00,
0x00,0x00,0x25,0x05,0x00,0x00,0x00,0x00,0x00,0x00,0x00,0x02,0x00,0x00,0x00,0x00,
0x00,0x00,0x02,0x00,0x00,0x00,0x02,0x00,0x00,0x00,0xf3,0x05,0x00,0x00,0x00,0x00,
0x00,0x00,0x20,0x02,0x00,0x00,0x00,0x00,0x00,0x00,0x02,0x00,0x00,0x00,0x02,0x00,
0x00,0x00,0x18,0x06,0x00,0x00,0x00,0x00,0x00,0x00,0x44,0x02,0x00,0x00,0x00,0x00,
0x00,0x00,0x02,0x00,0x00,0x00,0x02,0x00,0x00,0x00,0x6f,0x06,0x00,0x00,0x00,0x00,
0x00,0x00,0x64,0x02,0x00,0x00,0x00,0x00,0x00,0x00,0x02,0x00,0x00,0x00,0x02,0x00,
0x00,0x00,0x10,0x07,0x00,0x00,0x00,0x00,0x00,0x00,0x84,0x02,0x00,0x00,0x00,0x00,
0x00,0x00,0x02,0x00,0x00,0x00,0x02,0x00,0x00,0x00,0xae,0x07,0x00,0x00,0x00,0x00,
0x00,0x00,0xa4,0x02,0x00,0x00,0x00,0x00,0x00,0x00,0x02,0x00,0x00,0x00,0x02,0x00,
0x00,0x00,0x3d,0x08,0x00,0x00,0x00,0x00,0x00,0x00,0xc4,0x02,0x00,0x00,0x00,0x00,
0x00,0x00,0x02,0x00,0x00,0x00,0x02,0x00,0x00,0x00,0xc1,0x08,0x00,0x00,0x00,0x00,
0x00,0x00,0xe4,0x02,0x00,0x00,0x00,0x00,0x00,0x00,0x02,0x00,0x00,0x00,0x02,0x00,
0x00,0x00,0x0e,0x09,0x00,0x00,0x00,0x00,0x00,0x00,0x04,0x03,0x00,0x00,0x00,0x00,
0x00,0x00,0x02,0x00,0x00,0x00,0x02,0x00,0x00,0x00,0x5b,0x09,0x00,0x00,0x00,0x00,
0x00,0x00,0x28,0x03,0x00,0x00,0x00,0x00,0x00,0x00,0x02,0x00,0x00,0x00,0x02,0x00,
0x00,0x00,0xcf,0x09,0x00,0x00,0x00,0x00,0x00,0x00,0x4c,0x03,0x00,0x00,0x00,0x00,
0x00,0x00,0x02,0x00,0x00,0x00,0x02,0x00,0x00,0x00,0x76,0x0a,0x00,0x00,0x00,0x00,
0x00,0x00,0x70,0x03,0x00,0x00,0x00,0x00,0x00,0x00,0x02,0x00,0x00,0x00,0x02,0x00,
0x00,0x00,0x25,0x0b,0x00,0x00,0x00,0x00,0x00,0x00,0x94,0x03,0x00,0x00,0x00,0x00,
0x00,0x00,0x02,0x00,0x00,0x00,0x02,0x00,0x00,0x00,0x32,0x0c,0x00,0x00,0x00,0x00,
0x00,0x00,0xb4,0x03,0x00,0x00,0x00,0x00,0x00,0x00,0x02,0x00,0x00,0x00,0x02,0x00,
0x00,0x00,0x6c,0x0c,0x00,0x00,0x00,0x00,0x00,0x00,0xd4,0x03,0x00,0x00,0x00,0x00,
0x00,0x00,0x02,0x00,0x00,0x00,0x02,0x00,0x00,0x00,0xe7,0x0c,0x00,0x00,0x00,0x00,
0x00,0x00,0xf4,0x03,0x00,0x00,0x00,0x00,0x00,0x00,0x02,0x00,0x00,0x00,0x02,0x00,
0x00,0x00,0x88,0x0d,0x00,0x00,0x00,0x00,0x00,0x00,0x14,0x04,0x00,0x00,0x00,0x00,
0x00,0x00,0x02,0x00,0x00,0x00,0x02,0x00,0x00,0x00,0x0b,0x0e,0x00,0x00,0x00,0x00,
0x00,0x00,0x34,0x04,0x00,0x00,0x00,0x00,0x00,0x00,0x02,0x00,0x00,0x00,0x02,0x00,
0x00,0x00,0x8e,0x0e,0x00,0x00,0x00,0x00,0x00,0x00,0x58,0x04,0x00,0x00,0x00,0x00,
0x00,0x00,0x02,0x00,0x00,0x00,0x02,0x00,0x00,0x00,0xc2,0x0f,0x00,0x00,0x00,0x00,
0x00,0x00,0x78,0x04,0x00,0x00,0x00,0x00,0x00,0x00,0x02,0x00,0x00,0x00,0x02,0x00,
0x00,0x00,0xc9,0x10,0x00,0x00,0x00,0x00,0x00,0x00,0x9c,0x04,0x00,0x00,0x00,0x00,
0x00,0x00,0x02,0x00,0x00,0x00,0x02,0x00,0x00,0x00,0x70,0x11,0x00,0x00,0x00,0x00,
0x00,0x00,0xc0,0x04,0x00,0x00,0x00,0x00,0x00,0x00,0x02,0x00,0x00,0x00,0x02,0x00,
0x00,0x00,0x17,0x12,0x00,0x00,0x00,0x00,0x00,0x00,0xe4,0x04,0x00,0x00,0x00,0x00,
0x00,0x00,0x02,0x00,0x00,0x00,0x02,0x00,0x00,0x00,0xce,0x12,0x00,0x00,0x00,0x00,
0x00,0x00,0x04,0x05,0x00,0x00,0x00,0x00,0x00,0x00,0x02,0x00,0x00,0x00,0x02,0x00,
0x00,0x00,0x72,0x13,0x00,0x00,0x00,0x00,0x00,0x00,0x24,0x05,0x00,0x00,0x00,0x00,
0x00,0x00,0x02,0x00,0x00,0x00,0x02,0x00,0x00,0x00,0xf2,0x13,0x00,0x00,0x00,0x00,
0x00,0x00,0x44,0x05,0x00,0x00,0x00,0x00,0x00,0x00,0x02,0x00,0x00,0x00,0x02,0x00,
0x00,0x00,0x2c,0x14,0x00,0x00,0x00,0x00,0x00,0x00,0x64,0x05,0x00,0x00,0x00,0x00,
0x00,0x00,0x02,0x00,0x00,0x00,0x02,0x00,0x00,0x00,0x66,0x14,0x00,0x00,0x00,0x00,
0x00,0x00,0x84,0x05,0x00,0x00,0x00,0x00,0x00,0x00,0x02,0x00,0x00,0x00,0x02,0x00,
0x00,0x00,0xbc,0x14,0x00,0x00,0x00,0x00,0x00,0x00,0xa4,0x05,0x00,0x00,0x00,0x00,
0x00,0x00,0x02,0x00,0x00,0x00,0x02,0x00,0x00,0x00,0x04,0x15,0x00,0x00,0x00,0x00,
0x00,0x00,0xc4,0x05,0x00,0x00,0x00,0x00,0x00,0x00,0x02,0x00,0x00,0x00,0x02,0x00,
0x00,0x00,0x4f,0x15,0x00,0x00,0x00,0x00,0x00,0x00,0xe8,0x05,0x00,0x00,0x00,0x00,
0x00,0x00,0x02,0x00,0x00,0x00,0x02,0x00,0x00,0x00,0xa1,0x15,0x00,0x00,0x00,0x00,
0x00,0x00,0x08,0x06,0x00,0x00,0x00,0x00,0x00,0x00,0x02,0x00,0x00,0x00,0x02,0x00,
0x00,0x00,0x62,0x16,0x00,0x00,0x00,0x00,0x00,0x00,0x28,0x06,0x00,0x00,0x00,0x00,
0x00,0x00,0x02,0x00,0x00,0x00,0x02,0x00,0x00,0x00,0xf3,0x16,0x00,0x00,0x00,0x00,
0x00,0x00,0x48,0x06,0x00,0x00,0x00,0x00,0x00,0x00,0x02,0x00,0x00,0x00,0x02,0x00,
0x00,0x00,0xb4,0x17,0x00,0x00,0x00,0x00,0x00,0x00,0x68,0x06,0x00,0x00,0x00,0x00,
0x00,0x00,0x02,0x00,0x00,0x00,0x02,0x00,0x00,0x00,0x41,0x18,0x00,0x00,0x00,0x00,
0x00,0x00,0x88,0x06,0x00,0x00,0x00,0x00,0x00,0x00,0x02,0x00,0x00,0x00,0x02,0x00,
0x00,0x00,0xcc,0x19,0x00,0x00,0x00,0x00,0x00,0x00,0xa8,0x06,0x00,0x00,0x00,0x00,
0x00,0x00,0x02,0x00,0x00,0x00,0x02,0x00,0x00,0x00,0x2b,0x1a,0x00,0x00,0x00,0x00,
0x00,0x00,0xc8,0x06,0x00,0x00,0x00,0x00,0x00,0x00,0x02,0x00,0x00,0x00,0x02,0x00,
0x00,0x00,0x56,0x1a,0x00,0x00,0x00,0x00,0x00,0x00,0xe8,0x06,0x00,0x00,0x00,0x00,
0x00,0x00,0x02,0x00,0x00,0x00,0x02,0x00,0x00,0x00,0x81,0x1a,0x00,0x00,0x00,0x00,
0x00,0x00,0x08,0x07,0x00,0x00,0x00,0x00,0x00,0x00,0x02,0x00,0x00,0x00,0x02,0x00,
0x00,0x00,0x1b,0x1b,0x00,0x00,0x00,0x00,0x00,0x00,0x28,0x07,0x00,0x00,0x00,0x00,
0x00,0x00,0x02,0x00,0x00,0x00,0x02,0x00,0x00,0x00,0xb2,0x1b,0x00,0x00,0x00,0x00,
0x00,0x00,0x48,0x07,0x00,0x00,0x00,0x00,0x00,0x00,0x02,0x00,0x00,0x00,0x02,0x00,
0x00,0x00,0x4f,0x1d,0x00,0x00,0x00,0x00,0x00,0x00,0x68,0x07,0x00,0x00,0x00,0x00,
0x00,0x00,0x02,0x00,0x00,0x00,0x02,0x00,0x00,0x00,0xa4,0x1d,0x00,0x00,0x00,0x00,
0x00,0x00,0x88,0x07,0x00,0x00,0x00,0x00,0x00,0x00,0x02,0x00,0x00,0x00,0x02,0x00,
0x00,0x00,0x33,0x1e,0x00,0x00,0x00,0x00,0x00,0x00,0xa8,0x07,0x00,0x00,0x00,0x00,
0x00,0x00,0x02,0x00,0x00,0x00,0x02,0x00,0x00,0x00,0xbf,0x1e,0x00,0x00,0x00,0x00,
0x00,0x00,0xcc,0x07,0x00,0x00,0x00,0x00,0x00,0x00,0x02,0x00,0x00,0x00,0x02,0x00,
0x00,0x00,0xff,0x1f,0x00,0x00,0x00,0x00,0x00,0x00,0xec,0x07,0x00,0x00,0x00,0x00,
0x00,0x00,0x02,0x00,0x00,0x00,0x02,0x00,0x00,0x00,0x83,0x20,0x00,0x00,0x00,0x00,
0x00,0x00,0x0c,0x08,0x00,0x00,0x00,0x00,0x00,0x00,0x02,0x00,0x00,0x00,0x02,0x00,
0x00,0x00,0xf7,0x20,0x00,0x00,0x00,0x00,0x00,0x00,0x30,0x08,0x00,0x00,0x00,0x00,
0x00,0x00,0x02,0x00,0x00,0x00,0x02,0x00,0x00,0x00,0xc5,0x21,0x00,0x00,0x00,0x00,
0x00,0x00,0x50,0x08,0x00,0x00,0x00,0x00,0x00,0x00,0x02,0x00,0x00,0x00,0x02,0x00,
0x00,0x00,0x08,0x22,0x00,0x00,0x00,0x00,0x00,0x00,0x74,0x08,0x00,0x00,0x00,0x00,
0x00,0x00,0x02,0x00,0x00,0x00,0x02,0x00,0x00,0x00,0x53,0x22,0x00,0x00,0x00,0x00,
0x00,0x00,0x98,0x08,0x00,0x00,0x00,0x00,0x00,0x00,0x02,0x00,0x00,0x00,0x02,0x00,
0x00,0x00,0x2f,0x23,0x00,0x00,0x00,0x00,0x00,0x00,0xbc,0x08,0x00,0x00,0x00,0x00,
0x00,0x00,0x02,0x00,0x00,0x00,0x02,0x00,0x00,0x00,0x0b,0x24,0x00,0x00,0x00,0x00,
0x00,0x00,0xe0,0x08,0x00,0x00,0x00,0x00,0x00,0x00,0x02,0x00,0x00,0x00,0x02,0x00,
0x00,0x00,0xe7,0x24,0x00,0x00,0x00,0x00,0x00,0x00,0x04,0x09,0x00,0x00,0x00,0x00,
0x00,0x00,0x02,0x00,0x00,0x00,0x02,0x00,0x00,0x00,0xb7,0x25,0x00,0x00,0x00,0x00,
0x00,0x00,0x28,0x09,0x00,0x00,0x00,0x00,0x00,0x00,0x02,0x00,0x00,0x00,0x02,0x00,
0x00,0x00,0x87,0x26,0x00,0x00,0x00,0x00,0x00,0x00,0x4c,0x09,0x00,0x00,0x00,0x00,
0x00,0x00,0x02,0x00,0x00,0x00,0x02,0x00,0x00,0x00,0x57,0x27,0x00,0x00,0x00,0x00,
0x00,0x00,0x70,0x09,0x00,0x00,0x00,0x00,0x00,0x00,0x02,0x00,0x00,0x00,0x02,0x00,
0x00,0x00,0xe5,0x28,0x00,0x00,0x00,0x00,0x00,0x00,0x90,0x09,0x00,0x00,0x00,0x00,
0x00,0x00,0x02,0x00,0x00,0x00,0x02,0x00,0x00,0x00,0x3b,0x29,0x00,0x00,0x00,0x00,
0x00,0x00,0xb0,0x09,0x00,0x00,0x00,0x00,0x00,0x00,0x02,0x00,0x00,0x00,0x02,0x00,
0x00,0x00,0x96,0x29,0x00,0x00,0x00,0x00,0x00,0x00,0xd0,0x09,0x00,0x00,0x00,0x00,
0x00,0x00,0x02,0x00,0x00,0x00,0x02,0x00,0x00,0x00,0x1b,0x2a,0x00,0x00,0x00,0x00,
0x00,0x00,0xf0,0x09,0x00,0x00,0x00,0x00,0x00,0x00,0x02,0x00,0x00,0x00,0x02,0x00,
0x00,0x00,0xa0,0x2a,0x00,0x00,0x00,0x00,0x00,0x00,0x00,0x2e,0x73,0x79,0x6d,0x74,
0x61,0x62,0x00,0x2e,0x73,0x74,0x72,0x74,0x61,0x62,0x00,0x2e,0x73,0x68,0x73,0x74,
0x72,0x74,0x61,0x62,0x00,0x2e,0x72,0x65,0x6c,0x61,0x2e,0x74,0x65,0x78,0x74,0x00,
0x2e,0x64,0x61,0x74,0x61,0x00,0x2e,0x62,0x73,0x73,0x00,0x2e,0x72,0x6f,0x64,0x61,
0x74,0x61,0x00,0x2e,0x63,0x6f,0x6d,0x6d,0x65,0x6e,0x74,0x00,0x2e,0x6e,0x6f,0x74,
0x65,0x2e,0x47,0x4e,0x55,0x2d,0x73,0x74,0x61,0x63,0x6b,0x00,0x2e,0x6e,0x6f,0x74,
0x65,0x2e,0x67,0x6e,0x75,0x2e,0x70,0x72,0x6f,0x70,0x65,0x72,0x74,0x79,0x00,0x2e,
0x72,0x65,0x6c,0x61,0x2e,0x65,0x68,0x5f,0x66,0x72,0x61,0x6d,0x65,0x00,0x00,0x00,
0x00,0x00,0x00,0x00,0x00,0x00,0x00,0x00,0x00,0x00,0x00,0x00,0x00,0x00,0x00,0x00,
0x00,0x00,0x00,0x00,0x00,0x00,0x00,0x00,0x00,0x00,0x00,0x00,0x00,0x00,0x00,0x00,
0x00,0x00,0x00,0x00,0x00,0x00,0x00,0x00,0x00,0x00,0x00,0x00,0x00,0x00,0x00,0x00,
0x00,0x00,0x00,0x00,0x00,0x00,0x00,0x00,0x00,0x00,0x00,0x00,0x00,0x00,0x00,0x00,
0x00,0x00,0x20,0x00,0x00,0x00,0x01,0x00,0x00,0x00,0x06,0x00,0x00,0x00,0x00,0x00,
0x00,0x00,0x00,0x00,0x00,0x00,0x00,0x00,0x00,0x00,0x40,0x00,0x00,0x00,0x00,0x00,
0x00,0x00,0x25,0x2b,0x00,0x00,0x00,0x00,0x00,0x00,0x00,0x00,0x00,0x00,0x00,0x00,
0x00,0x00,0x01,0x00,0x00,0x00,0x00,0x00,0x00,0x00,0x00,0x00,0x00,0x00,0x00,0x00,
0x00,0x00,0x1b,0x00,0x00,0x00,0x04,0x00,0x00,0x00,0x40,0x00,0x00,0x00,0x00,0x00,
0x00,0x00,0x00,0x00,0x00,0x00,0x00,0x00,0x00,0x00,0x30,0x43,0x00,0x00,0x00,0x00,
0x00,0x00,0xe8,0x05,0x00,0x00,0x00,0x00,0x00,0x00,0x0b,0x00,0x00,0x00,0x01,0x00,
0x00,0x00,0x08,0x00,0x00,0x00,0x00,0x00,0x00,0x00,0x18,0x00,0x00,0x00,0x00,0x00,
0x00,0x00,0x26,0x00,0x00,0x00,0x01,0x00,0x00,0x00,0x03,0x00,0x00,0x00,0x00,0x00,
0x00,0x00,0x00,0x00,0x00,0x00,0x00,0x00,0x00,0x00,0x65,0x2b,0x00,0x00,0x00,0x00,
0x00,0x00,0x00,0x00,0x00,0x00,0x00,0x00,0x00,0x00,0x00,0x00,0x00,0x00,0x00,0x00,
0x00,0x00,0x01,0x00,0x00,0x00,0x00,0x00,0x00,0x00,0x00,0x00,0x00,0x00,0x00,0x00,
0x00,0x00,0x2c,0x00,0x00,0x00,0x08,0x00,0x00,0x00,0x03,0x00,0x00,0x00,0x00,0x00,
0x00,0x00,0x00,0x00,0x00,0x00,0x00,0x00,0x00,0x00,0x65,0x2b,0x00,0x00,0x00,0x00,
0x00,0x00,0x00,0x00,0x00,0x00,0x00,0x00,0x00,0x00,0x00,0x00,0x00,0x00,0x00,0x00,
0x00,0x00,0x01,0x00,0x00,0x00,0x00,0x00,0x00,0x00,0x00,0x00,0x00,0x00,0x00,0x00,
0x00,0x00,0x31,0x00,0x00,0x00,0x01,0x00,0x00,0x00,0x02,0x00,0x00,0x00,0x00,0x00,
0x00,0x00,0x00,0x00,0x00,0x00,0x00,0x00,0x00,0x00,0x68,0x2b,0x00,0x00,0x00,0x00,
0x00,0x00,0x90,0x00,0x00,0x00,0x00,0x00,0x00,0x00,0x00,0x00,0x00,0x00,0x00,0x00,
0x00,0x00,0x10,0x00,0x00,0x00,0x00,0x00,0x00,0x00,0x00,0x00,0x00,0x00,0x00,0x00,
0x00,0x00,0x39,0x00,0x00,0x00,0x01,0x00,0x00,0x00,0x30,0x00,0x00,0x00,0x00,0x00,
0x00,0x00,0x00,0x00,0x00,0x00,0x00,0x00,0x00,0x00,0xf8,0x2b,0x00,0x00,0x00,0x00,
0x00,0x00,0x20,0x00,0x00,0x00,0x00,0x00,0x00,0x00,0x00,0x00,0x00,0x00,0x00,0x00,
0x00,0x00,0x01,0x00,0x00,0x00,0x00,0x00,0x00,0x00,0x01,0x00,0x00,0x00,0x00,0x00,
0x00,0x00,0x42,0x00,0x00,0x00,0x01,0x00,0x00,0x00,0x00,0x00,0x00,0x00,0x00,0x00,
0x00,0x00,0x00,0x00,0x00,0x00,0x00,0x00,0x00,0x00,0x18,0x2c,0x00,0x00,0x00,0x00,
0x00,0x00,0x00,0x00,0x00,0x00,0x00,0x00,0x00,0x00,0x00,0x00,0x00,0x00,0x00,0x00,
0x00,0x00,0x01,0x00,0x00,0x00,0x00,0x00,0x00,0x00,0x00,0x00,0x00,0x00,0x00,0x00,
0x00,0x00,0x52,0x00,0x00,0x00,0x07,0x00,0x00,0x00,0x02,0x00,0x00,0x00,0x00,0x00,
0x00,0x00,0x00,0x00,0x00,0x00,0x00,0x00,0x00,0x00,0x18,0x2c,0x00,0x00,0x00,0x00,
0x00,0x00,0x50,0x00,0x00,0x00,0x00,0x00,0x00,0x00,0x00,0x00,0x00,0x00,0x00,0x00,
0x00,0x00,0x08,0x00,0x00,0x00,0x00,0x00,0x00,0x00,0x00,0x00,0x00,0x00,0x00,0x00,
0x00,0x00,0x6a,0x00,0x00,0x00,0x01,0x00,0x00,0x00,0x02,0x00,0x00,0x00,0x00,0x00,
0x00,0x00,0x00,0x00,0x00,0x00,0x00,0x00,0x00,0x00,0x68,0x2c,0x00,0x00,0x00,0x00,
0x00,0x00,0x08,0x0a,0x00,0x00,0x00,0x00,0x00,0x00,0x00,0x00,0x00,0x00,0x00,0x00,
0x00,0x00,0x08,0x00,0x00,0x00,0x00,0x00,0x00,0x00,0x00,0x00,0x00,0x00,0x00,0x00,
0x00,0x00,0x65,0x00,0x00,0x00,0x04,0x00,0x00,0x00,0x40,0x00,0x00,0x00,0x00,0x00,
0x00,0x00,0x00,0x00,0x00,0x00,0x00,0x00,0x00,0x00,0x18,0x49,0x00,0x00,0x00,0x00,
0x00,0x00,0x38,0x07,0x00,0x00,0x00,0x00,0x00,0x00,0x0b,0x00,0x00,0x00,0x09,0x00,
0x00,0x00,0x08,0x00,0x00,0x00,0x00,0x00,0x00,0x00,0x18,0x00,0x00,0x00,0x00,0x00,
0x00,0x00,0x01,0x00,0x00,0x00,0x02,0x00,0x00,0x00,0x00,0x00,0x00,0x00,0x00,0x00,
0x00,0x00,0x00,0x00,0x00,0x00,0x00,0x00,0x00,0x00,0x70,0x36,0x00,0x00,0x00,0x00,
0x00,0x00,0xf8,0x07,0x00,0x00,0x00,0x00,0x00,0x00,0x0c,0x00,0x00,0x00,0x29,0x00,
0x00,0x00,0x08,0x00,0x00,0x00,0x00,0x00,0x00,0x00,0x18,0x00,0x00,0x00,0x00,0x00,
0x00,0x00,0x09,0x00,0x00,0x00,0x03,0x00,0x00,0x00,0x00,0x00,0x00,0x00,0x00,0x00,
0x00,0x00,0x00,0x00,0x00,0x00,0x00,0x00,0x00,0x00,0x68,0x3e,0x00,0x00,0x00,0x00,
0x00,0x00,0xc6,0x04,0x00,0x00,0x00,0x00,0x00,0x00,0x00,0x00,0x00,0x00,0x00,0x00,
0x00,0x00,0x01,0x00,0x00,0x00,0x00,0x00,0x00,0x00,0x00,0x00,0x00,0x00,0x00,0x00,
0x00,0x00,0x11,0x00,0x00,0x00,0x03,0x00,0x00,0x00,0x00,0x00,0x00,0x00,0x00,0x00,
0x00,0x00,0x00,0x00,0x00,0x00,0x00,0x00,0x00,0x00,0x50,0x50,0x00,0x00,0x00,0x00,
0x00,0x00,0x74,0x00,0x00,0x00,0x00,0x00,0x00,0x00,0x00,0x00,0x00,0x00,0x00,0x00,
0x00,0x00,0x01,0x00,0x00,0x00,0x00,0x00,0x00,0x00,0x00,0x00,0x00,0x00,0x00,0x00,
0x00,0x00,0x74,0x63,0x6f,0x76,0x2e,0x6f,0x2f,0x20,0x20,0x20,0x20,0x20,0x20,0x20,
0x20,0x20,0x31,0x37,0x38,0x35,0x37,0x37,0x39,0x35,0x35,0x32,0x20,0x20,0x31,0x30,
0x30,0x30,0x20,0x20,0x31,0x30,0x30,0x30,0x20,0x20,0x31,0x30,0x30,0x36,0x34,0x34,
0x20,0x20,0x31,0x30,0x37,0x32,0x38,0x20,0x20,0x20,0x20,0x20,0x60,0x0a,0x7f,0x45,
0x4c,0x46,0x02,0x01,0x01,0x00,0x00,0x00,0x00,0x00,0x00,0x00,0x00,0x00,0x01,0x00,
0x3e,0x00,0x01,0x00,0x00,0x00,0x00,0x00,0x00,0x00,0x00,0x00,0x00,0x00,0x00,0x00,
0x00,0x00,0x00,0x00,0x00,0x00,0x68,0x26,0x00,0x00,0x00,0x00,0x00,0x00,0x00,0x00,
0x00,0x00,0x40,0x00,0x00,0x00,0x00,0x00,0x40,0x00,0x0e,0x00,0x0d,0x00,0xf3,0x0f,
0x1e,0xfa,0x55,0x48,0x89,0xe5,0x48,0x83,0xec,0x50,0x48,0x89,0x7d,0xb8,0x64,0x48,
0x8b,0x04,0x25,0x28,0x00,0x00,0x00,0x48,0x89,0x45,0xf8,0x31,0xc0,0x66,0xc7,0x45,
0xd0,0x01,0x00,0x66,0xc7,0x45,0xd2,0x00,0x00,0x48,0xc7,0x45,0xd8,0x00,0x00,0x00,
0x00,0x48,0xc7,0x45,0xe0,0x00,0x00,0x00,0x00,0xe8,0x00,0x00,0x00,0x00,0x89,0x45,
0xe8,0x48,0x8b,0x45,0xb8,0xba,0xb6,0x01,0x00,0x00,0xbe,0x42,0x00,0x00,0x00,0x48,
0x89,0xc7,0xb8,0x00,0x00,0x00,0x00,0xe8,0x00,0x00,0x00,0x00,0x89,0x45,0xcc,0x83,
0x7d,0xcc,0x00,0x79,0x08,0xb8,0x00,0x00,0x00,0x00,0xeb,0x3d,0x90,0x48,0x8d,0x55,
0xd0,0x8b,0x45,0xcc,0xbe,0x07,0x00,0x00,0x00,0x89,0xc7,0xb8,0x00,0x00,0x00,0x00,
0xe8,0x00,0x00,0x00,0x00,0x85,0xc0,0x74,0x0c,0xe8,0x00,0x00,0x00,0x00,0x8b,0x00,
0x83,0xf8,0x04,0x74,0xd7,0x48,0x8d,0x15,0x00,0x00,0x00,0x00,0x8b,0x45,0xcc,0x48,
0x89,0xd6,0x89,0xc7,0xe8,0x00,0x00,0x00,0x00,0x48,0x8b,0x55,0xf8,0x64,0x48,0x2b,
0x14,0x25,0x28,0x00,0x00,0x00,0x74,0x05,0xe8,0x00,0x00,0x00,0x00,0xc9,0xc3,0xf3,
0x0f,0x1e,0xfa,0x55,0x48,0x89,0xe5,0x48,0x89,0x7d,0xe8,0x89,0x75,0xe4,0x48,0xc7,
0x45,0xf8,0x00,0x00,0x00,0x00,0x8b,0x45,0xe4,0x48,0x98,0x48,0x01,0x45,0xe8,0xeb,
0x21,0x48,0x8b,0x45,0xf8,0x48,0xc1,0xe0,0x08,0x48,0x89,0xc2,0x48,0x83,0x6d,0xe8,
0x01,0x48,0x8b,0x45,0xe8,0x0f,0xb6,0x00,0x0f,0xb6,0xc0,0x48,0x09,0xd0,0x48,0x89,
0x45,0xf8,0x8b,0x45,0xe4,0x8d,0x50,0xff,0x89,0x55,0xe4,0x85,0xc0,0x75,0xd2,0x48,
0x8b,0x45,0xf8,0x5d,0xc3,0xf3,0x0f,0x1e,0xfa,0x55,0x48,0x89,0xe5,0x48,0x89,0x7d,
0xe8,0x48,0x89,0x75,0xe0,0x48,0x8b,0x45,0xe8,0x48,0x89,0x45,0xf0,0x48,0x8b,0x45,
0xe0,0x48,0x89,0x45,0xf8,0x48,0x8b,0x45,0xf0,0x8b,0x40,0x08,0x48,0x8b,0x55,0xf8,
0x8b,0x52,0x08,0x39,0xc2,0x72,0x20,0x48,0x8b,0x45,0xf0,0x8b,0x50,0x08,0x48,0x8b,
0x45,0xf8,0x8b,0x40,0x08,0x39,0xc2,0x73,0x07,0xb8,0xff,0xff,0xff,0xff,0xeb,0x0c,
0xb8,0x00,0x00,0x00,0x00,0xeb,0x05,0xb8,0x01,0x00,0x00,0x00,0x5d,0xc3,0xf3,0x0f,
0x1e,0xfa,0x55,0x48,0x89,0xe5,0x48,0x89,0x7d,0xe8,0x48,0x89,0x75,0xe0,0x48,0x8b,
0x45,0xe8,0x48,0x89,0x45,0xf0,0x48,0x8b,0x45,0xe0,0x48,0x89,0x45,0xf8,0x48,0x8b,
0x45,0xf0,0x8b,0x00,0x48,0x8b,0x55,0xf8,0x8b,0x12,0x39,0xc2,0x72,0x56,0x48,0x8b,
0x45,0xf0,0x8b,0x10,0x48,0x8b,0x45,0xf8,0x8b,0x00,0x39,0xc2,0x72,0x3f,0x48,0x8b,
0x45,0xf0,0x48,0x8b,0x50,0x08,0x48,0x8b,0x45,0xf8,0x48,0x8b,0x40,0x08,0x48,0x39,
0xc2,0x72,0x23,0x48,0x8b,0x45,0xf0,0x48,0x8b,0x40,0x08,0x48,0x8b,0x55,0xf8,0x48,
0x8b,0x52,0x08,0x48,0x39,0xc2,0x73,0x07,0xb8,0xff,0xff,0xff,0xff,0xeb,0x1a,0xb8,
0x00,0x00,0x00,0x00,0xeb,0x13,0xb8,0x01,0x00,0x00,0x00,0xeb,0x0c,0xb8,0xff,0xff,
0xff,0xff,0xeb,0x05,0xb8,0x01,0x00,0x00,0x00,0x5d,0xc3,0xf3,0x0f,0x1e,0xfa,0x55,
0x48,0x89,0xe5,0x48,0x83,0xec,0x70,0x48,0x89,0x7d,0x98,0x48,0x8b,0x45,0x98,0x48,
0x89,0x45,0xc8,0x48,0xc7,0x45,0xa8,0x00,0x00,0x00,0x00,0x48,0x83,0x45,0x98,0x04,
0xe9,0x12,0x04,0x00,0x00,0x48,0x8b,0x45,0x98,0x48,0x89,0x45,0xd8,0x48,0x8b,0x45,
0xd8,0x48,0x89,0xc7,0xe8,0x00,0x00,0x00,0x00,0x48,0x89,0x45,0xe0,0x48,0x8b,0x45,
0xa8,0x48,0x89,0x45,0xb0,0xeb,0x26,0x48,0x8b,0x45,0xb0,0x48,0x8b,0x00,0x48,0x8b,
0x55,0xd8,0x48,0x89,0xd6,0x48,0x89,0xc7,0xe8,0x00,0x00,0x00,0x00,0x85,0xc0,0x74,
0x15,0x48,0x8b,0x45,0xb0,0x48,0x8b,0x40,0x18,0x48,0x89,0x45,0xb0,0x48,0x83,0x7d,
0xb0,0x00,0x75,0xd3,0xeb,0x01,0x90,0x48,0x83,0x7d,0xb0,0x00,0x0f,0x85,0xba,0x00,
0x00,0x00,0xbf,0x20,0x00,0x00,0x00,0xe8,0x00,0x00,0x00,0x00,0x48,0x89,0x45,0xb0,
0x48,0x83,0x7d,0xb0,0x00,0x75,0x2c,0x48,0x8b,0x05,0x00,0x00,0x00,0x00,0x48,0x8b,
0x00,0x48,0x8d,0x3d,0x00,0x00,0x00,0x00,0x48,0x89,0xc1,0xba,0x1b,0x00,0x00,0x00,
0xbe,0x01,0x00,0x00,0x00,0xe8,0x00,0x00,0x00,0x00,0x48,0x8b,0x45,0xa8,0xe9,0x2f,
0x04,0x00,0x00,0x48,0x8b,0x45,0xb0,0x48,0x8b,0x55,0xd8,0x48,0x89,0x10,0x48,0x8b,
0x45,0xb0,0xc7,0x40,0x08,0x00,0x00,0x00,0x00,0x48,0x8b,0x45,0xb0,0xc7,0x40,0x0c,
0x00,0x00,0x00,0x00,0x48,0x8b,0x45,0xb0,0x48,0xc7,0x40,0x10,0x00,0x00,0x00,0x00,
0x48,0x8b,0x45,0xb0,0x48,0xc7,0x40,0x18,0x00,0x00,0x00,0x00,0x48,0x83,0x7d,0xa8,
0x00,0x75,0x0a,0x48,0x8b,0x45,0xb0,0x48,0x89,0x45,0xa8,0xeb,0x2f,0x48,0x8b,0x45,
0xa8,0x48,0x89,0x45,0xb8,0xeb,0x0c,0x48,0x8b,0x45,0xb8,0x48,0x8b,0x40,0x18,0x48,
0x89,0x45,0xb8,0x48,0x8b,0x45,0xb8,0x48,0x8b,0x40,0x18,0x48,0x85,0xc0,0x75,0xe7,
0x48,0x8b,0x45,0xb8,0x48,0x8b,0x55,0xb0,0x48,0x89,0x50,0x18,0x48,0x8b,0x45,0xe0,
0x48,0x83,0xc0,0x01,0x48,0x01,0x45,0x98,0xe9,0xd6,0x02,0x00,0x00,0x48,0x8b,0x45,
0x98,0x48,0x89,0x45,0xe8,0x48,0x8b,0x45,0xe8,0x48,0x89,0xc7,0xe8,0x00,0x00,0x00,
0x00,0x48,0x83,0xc0,0x01,0x48,0x01,0x45,0x98,0x48,0x8b,0x45,0xc8,0x48,0x2b,0x45,
0x98,0x83,0xe0,0x07,0x48,0x01,0x45,0x98,0xc7,0x45,0xa4,0x00,0x00,0x00,0x00,0xeb,
0x37,0x48,0x8b,0x45,0xb0,0x48,0x8b,0x40,0x10,0x8b,0x55,0xa4,0x48,0x63,0xd2,0x48,
0xc1,0xe2,0x05,0x48,0x01,0xd0,0x48,0x89,0x45,0xc0,0x48,0x8b,0x45,0xc0,0x48,0x8b,
0x00,0x48,0x8b,0x55,0xe8,0x48,0x89,0xd6,0x48,0x89,0xc7,0xe8,0x00,0x00,0x00,0x00,
0x85,0xc0,0x74,0x14,0x83,0x45,0xa4,0x01,0x48,0x8b,0x45,0xb0,0x8b,0x40,0x08,0x8b,
0x55,0xa4,0x39,0xc2,0x72,0xbb,0xeb,0x01,0x90,0x48,0x8b,0x45,0xb0,0x8b,0x50,0x08,
0x8b,0x45,0xa4,0x39,0xc2,0x0f,0x85,0x0a,0x01,0x00,0x00,0x48,0x8b,0x45,0xb0,0x8b,
0x50,0x08,0x48,0x8b,0x45,0xb0,0x8b,0x40,0x0c,0x39,0xc2,0x0f,0x82,0x87,0x00,0x00,
0x00,0x48,0x8b,0x45,0xb0,0x8b,0x40,0x0c,0x85,0xc0,0x74,0x0c,0x48,0x8b,0x45,0xb0,
0x8b,0x40,0x0c,0x8d,0x14,0x00,0xeb,0x05,0xba,0x04,0x00,0x00,0x00,0x48,0x8b,0x45,
0xb0,0x89,0x50,0x0c,0x48,0x8b,0x45,0xb0,0x8b,0x40,0x0c,0x89,0xc0,0x48,0xc1,0xe0,
0x05,0x48,0x89,0xc2,0x48,0x8b,0x45,0xb0,0x48,0x8b,0x40,0x10,0x48,0x89,0xd6,0x48,
0x89,0xc7,0xe8,0x00,0x00,0x00,0x00,0x48,0x8b,0x55,0xb0,0x48,0x89,0x42,0x10,0x48,
0x8b,0x45,0xb0,0x48,0x8b,0x40,0x10,0x48,0x85,0xc0,0x75,0x2c,0x48,0x8b,0x05,0x00,
0x00,0x00,0x00,0x48,0x8b,0x00,0x48,0x8d,0x3d,0x00,0x00,0x00,0x00,0x48,0x89,0xc1,
0xba,0x1c,0x00,0x00,0x00,0xbe,0x01,0x00,0x00,0x00,0xe8,0x00,0x00,0x00,0x00,0x48,
0x8b,0x45,0xa8,0xe9,0x7a,0x02,0x00,0x00,0x48,0x8b,0x45,0xb0,0x48,0x8b,0x70,0x10,
0x48,0x8b,0x45,0xb0,0x8b,0x40,0x08,0x8d,0x48,0x01,0x48,0x8b,0x55,0xb0,0x89,0x4a,
0x08,0x89,0xc0,0x48,0xc1,0xe0,0x05,0x48,0x01,0xf0,0x48,0x89,0x45,0xc0,0x48,0x8b,
0x45,0xc0,0x48,0x8b,0x55,0xe8,0x48,0x89,0x10,0x48,0x8b,0x45,0x98,0xbe,0x08,0x00,
0x00,0x00,0x48,0x89,0xc7,0xe8,0x05,0xfc,0xff,0xff,0x89,0xc2,0x48,0x8b,0x45,0xc0,
0x89,0x50,0x08,0x48,0x8b,0x45,0xc0,0xc7,0x40,0x0c,0x00,0x00,0x00,0x00,0x48,0x8b,
0x45,0xc0,0xc7,0x40,0x10,0x00,0x00,0x00,0x00,0x48,0x8b,0x45,0xc0,0x48,0xc7,0x40,
0x18,0x00,0x00,0x00,0x00,0x48,0x83,0x45,0x98,0x08,0xe9,0x20,0x01,0x00,0x00,0x48,
0x8b,0x45,0xc0,0x8b,0x50,0x0c,0x48,0x8b,0x45,0xc0,0x8b,0x40,0x10,0x39,0xc2,0x0f,
0x82,0x87,0x00,0x00,0x00,0x48,0x8b,0x45,0xc0,0x8b,0x40,0x10,0x85,0xc0,0x74,0x0c,
0x48,0x8b,0x45,0xc0,0x8b,0x40,0x10,0x8d,0x14,0x00,0xeb,0x05,0xba,0x04,0x00,0x00,
0x00,0x48,0x8b,0x45,0xc0,0x89,0x50,0x10,0x48,0x8b,0x45,0xc0,0x8b,0x40,0x10,0x89,
0xc0,0x48,0xc1,0xe0,0x04,0x48,0x89,0xc2,0x48,0x8b,0x45,0xc0,0x48,0x8b,0x40,0x18,
0x48,0x89,0xd6,0x48,0x89,0xc7,0xe8,0x00,0x00,0x00,0x00,0x48,0x8b,0x55,0xc0,0x48,
0x89,0x42,0x18,0x48,0x8b,0x45,0xc0,0x48,0x8b,0x40,0x18,0x48,0x85,0xc0,0x75,0x2c,
0x48,0x8b,0x05,0x00,0x00,0x00,0x00,0x48,0x8b,0x00,0x48,0x8d,0x3d,0x00,0x00,0x00,
0x00,0x48,0x89,0xc1,0xba,0x1c,0x00,0x00,0x00,0xbe,0x01,0x00,0x00,0x00,0xe8,0x00,
0x00,0x00,0x00,0x48,0x8b,0x45,0xa8,0xe9,0x66,0x01,0x00,0x00,0x48,0x8b,0x45,0xc0,
0x48,0x8b,0x70,0x18,0x48,0x8b,0x45,0xc0,0x8b,0x40,0x0c,0x8d,0x48,0x01,0x48,0x8b,
0x55,0xc0,0x89,0x4a,0x0c,0x89,0xc0,0x48,0xc1,0xe0,0x04,0x48,0x01,0xf0,0x48,0x89,
0x45,0xf0,0x48,0x8b,0x45,0x98,0xbe,0x08,0x00,0x00,0x00,0x48,0x89,0xc7,0xe8,0xfc,
0xfa,0xff,0xff,0x48,0x89,0x45,0xf8,0x48,0x8b,0x45,0xf8,0x48,0xc1,0xe8,0x08,0x25,
0xff,0xff,0xff,0x0f,0x89,0xc2,0x48,0x8b,0x45,0xf0,0x89,0x10,0x48,0x8b,0x45,0xf8,
0x48,0xc1,0xe8,0x24,0x89,0xc2,0x48,0x8b,0x45,0xf0,0x89,0x50,0x04,0x48,0x8b,0x45,
0x98,0x48,0x83,0xc0,0x08,0xbe,0x08,0x00,0x00,0x00,0x48,0x89,0xc7,0xe8,0xbd,0xfa,
0xff,0xff,0x48,0x8b,0x55,0xf0,0x48,0x89,0x42,0x08,0x48,0x83,0x45,0x98,0x10,0x48,
0x8b,0x45,0x98,0x0f,0xb6,0x00,0x84,0xc0,0x0f,0x85,0xd1,0xfe,0xff,0xff,0x48,0x83,
0x45,0x98,0x01,0x48,0x8b,0x45,0x98,0x0f,0xb6,0x00,0x84,0xc0,0x0f,0x85,0x1b,0xfd,
0xff,0xff,0x48,0x83,0x45,0x98,0x01,0x48,0x8b,0x45,0x98,0x0f,0xb6,0x00,0x84,0xc0,
0x0f,0x85,0xdf,0xfb,0xff,0xff,0x48,0x8b,0x45,0xa8,0x48,0x89,0x45,0xb0,0xe9,0x90,
0x00,0x00,0x00,0x48,0x8b,0x45,0xb0,0x8b,0x40,0x08,0x89,0xc6,0x48,0x8b,0x45,0xb0,
0x48,0x8b,0x40,0x10,0x48,0x8d,0x15,0xaa,0xfa,0xff,0xff,0x48,0x89,0xd1,0xba,0x20,
0x00,0x00,0x00,0x48,0x89,0xc7,0xe8,0x00,0x00,0x00,0x00,0xc7,0x45,0xa0,0x00,0x00,
0x00,0x00,0xeb,0x45,0x48,0x8b,0x45,0xb0,0x48,0x8b,0x40,0x10,0x8b,0x55,0xa0,0x48,
0x63,0xd2,0x48,0xc1,0xe2,0x05,0x48,0x01,0xd0,0x48,0x89,0x45,0xd0,0x48,0x8b,0x45,
0xd0,0x8b,0x40,0x0c,0x89,0xc6,0x48,0x8b,0x45,0xd0,0x48,0x8b,0x40,0x18,0x48,0x8d,
0x15,0xb9,0xfa,0xff,0xff,0x48,0x89,0xd1,0xba,0x10,0x00,0x00,0x00,0x48,0x89,0xc7,
0xe8,0x00,0x00,0x00,0x00,0x83,0x45,0xa0,0x01,0x48,0x8b,0x45,0xb0,0x8b,0x40,0x08,
0x8b,0x55,0xa0,0x39,0xc2,0x72,0xad,0x48,0x8b,0x45,0xb0,0x48,0x8b,0x40,0x18,0x48,
0x89,0x45,0xb0,0x48,0x83,0x7d,0xb0,0x00,0x0f,0x85,0x65,0xff,0xff,0xff,0x48,0x8b,
0x45,0xa8,0xc9,0xc3,0xf3,0x0f,0x1e,0xfa,0x55,0x48,0x89,0xe5,0x48,0x81,0xec,0x00,
0x10,0x00,0x00,0x48,0x83,0x0c,0x24,0x00,0x48,0x81,0xec,0x00,0x10,0x00,0x00,0x48,
0x83,0x0c,0x24,0x00,0x48,0x81,0xec,0x90,0x07,0x00,0x00,0x48,0x89,0xbd,0x88,0xd8,
0xff,0xff,0x48,0x89,0xb5,0x80,0xd8,0xff,0xff,0x48,0x89,0x95,0x78,0xd8,0xff,0xff,
0x64,0x48,0x8b,0x04,0x25,0x28,0x00,0x00,0x00,0x48,0x89,0x45,0xf8,0x31,0xc0,0x48,
0x8b,0x85,0x78,0xd8,0xff,0xff,0xc7,0x00,0x01,0x00,0x00,0x00,0x48,0x83,0xbd,0x80,
0xd8,0xff,0xff,0x00,0x0f,0x84,0x5b,0x03,0x00,0x00,0x48,0x8b,0x95,0x80,0xd8,0xff,
0xff,0x48,0x8d,0x85,0xe0,0xd8,0xff,0xff,0xbe,0x10,0x27,0x00,0x00,0x48,0x89,0xc7,
0xe8,0x00,0x00,0x00,0x00,0x48,0x85,0xc0,0x0f,0x84,0x27,0x03,0x00,0x00,0x48,0x8d,
0x85,0xe0,0xd8,0xff,0xff,0xbe,0x3a,0x00,0x00,0x00,0x48,0x89,0xc7,0xe8,0x00,0x00,
0x00,0x00,0x48,0x89,0x85,0xc0,0xd8,0xff,0xff,0x48,0x83,0xbd,0xc0,0xd8,0xff,0xff,
0x00,0x0f,0x84,0xfe,0x02,0x00,0x00,0x48,0x8b,0x85,0xc0,0xd8,0xff,0xff,0x48,0x8d,
0x48,0x01,0x48,0x8d,0x85,0x9c,0xd8,0xff,0xff,0x48,0x8d,0x35,0x00,0x00,0x00,0x00,
0x48,0x89,0xc2,0x48,0x89,0xcf,0xb8,0x00,0x00,0x00,0x00,0xe8,0x00,0x00,0x00,0x00,
0x83,0xf8,0x01,0x0f,0x85,0xcc,0x02,0x00,0x00,0x8b,0x85,0x9c,0xd8,0xff,0xff,0x8d,
0x50,0x01,0x48,0x8b,0x85,0x78,0xd8,0xff,0xff,0x89,0x10,0xe9,0xb5,0x02,0x00,0x00,
0x48,0x8b,0x85,0x88,0xd8,0xff,0xff,0x48,0x8b,0x00,0x48,0x89,0xc7,0xe8,0x00,0x00,
0x00,0x00,0x48,0x89,0x85,0xc8,0xd8,0xff,0xff,0x90,0x48,0x8b,0x95,0x80,0xd8,0xff,
0xff,0x48,0x8d,0x85,0xe0,0xd8,0xff,0xff,0xbe,0x10,0x27,0x00,0x00,0x48,0x89,0xc7,
0xe8,0x00,0x00,0x00,0x00,0x48,0x85,0xc0,0x74,0x2a,0x48,0x8d,0x15,0x00,0x00,0x00,
0x00,0x48,0x8d,0x85,0xe0,0xd8,0xff,0xff,0x48,0x89,0xd6,0x48,0x89,0xc7,0xe8,0x00,
0x00,0x00,0x00,0x48,0x89,0x85,0xc0,0xd8,0xff,0xff,0x48,0x83,0xbd,0xc0,0xd8,0xff,
0xff,0x00,0x74,0xb6,0x48,0x8d,0x15,0x00,0x00,0x00,0x00,0x48,0x8d,0x85,0xe0,0xd8,
0xff,0xff,0x48,0x89,0xd6,0x48,0x89,0xc7,0xe8,0x00,0x00,0x00,0x00,0x48,0x89,0x85,
0xc0,0xd8,0xff,0xff,0x48,0x83,0xbd,0xc0,0xd8,0xff,0xff,0x00,0x0f,0x84,0x34,0x02,
0x00,0x00,0x48,0x8b,0x85,0x88,0xd8,0xff,0xff,0x48,0x8b,0x00,0x48,0x8b,0x95,0xc0,
0xd8,0xff,0xff,0x48,0x8d,0x4a,0x07,0x48,0x8b,0x95,0xc8,0xd8,0xff,0xff,0x48,0x89,
0xc6,0x48,0x89,0xcf,0xe8,0x00,0x00,0x00,0x00,0x85,0xc0,0x0f,0x85,0x05,0x02,0x00,
0x00,0x48,0x8b,0x85,0xc8,0xd8,0xff,0xff,0x48,0x8d,0x50,0x07,0x48,0x8b,0x85,0xc0,
0xd8,0xff,0xff,0x48,0x01,0xd0,0x0f,0xb6,0x00,0x3c,0x20,0x0f,0x85,0xe5,0x01,0x00,
0x00,0xc7,0x85,0xa4,0xd8,0xff,0xff,0x00,0x00,0x00,0x00,0xe9,0x9b,0x01,0x00,0x00,
0x48,0x8b,0x85,0x88,0xd8,0xff,0xff,0x48,0x8b,0x40,0x10,0x8b,0x95,0xa4,0xd8,0xff,
0xff,0x48,0x63,0xd2,0x48,0xc1,0xe2,0x05,0x48,0x01,0xd0,0x48,0x89,0x85,0xd0,0xd8,
0xff,0xff,0xc7,0x85,0xac,0xd8,0xff,0xff,0x00,0x00,0x00,0x00,0xc7,0x85,0xb0,0xd8,
0xff,0xff,0x00,0x00,0x00,0x00,0xc7,0x85,0xa8,0xd8,0xff,0xff,0x00,0x00,0x00,0x00,
0xe9,0x37,0x01,0x00,0x00,0x48,0x8b,0x85,0xd0,0xd8,0xff,0xff,0x48,0x8b,0x40,0x18,
0x8b,0x95,0xa8,0xd8,0xff,0xff,0x48,0x63,0xd2,0x48,0xc1,0xe2,0x04,0x48,0x01,0xd0,
0x48,0x89,0x85,0xd8,0xd8,0xff,0xff,0x48,0x8b,0x85,0xd8,0xd8,0xff,0xff,0x8b,0x00,
0x89,0x85,0xb4,0xd8,0xff,0xff,0xeb,0x5f,0x48,0x8d,0x85,0xe0,0xd8,0xff,0xff,0xbe,
0x3a,0x00,0x00,0x00,0x48,0x89,0xc7,0xe8,0x00,0x00,0x00,0x00,0x48,0x89,0x85,0xc0,
0xd8,0xff,0xff,0x48,0x83,0xbd,0xc0,0xd8,0xff,0xff,0x00,0x74,0x3a,0x48,0x8b,0x85,
0xc0,0xd8,0xff,0xff,0x48,0x8d,0x48,0x01,0x48,0x8d,0x85,0xa0,0xd8,0xff,0xff,0x48,
0x8d,0x35,0x00,0x00,0x00,0x00,0x48,0x89,0xc2,0x48,0x89,0xcf,0xb8,0x00,0x00,0x00,
0x00,0xe8,0x00,0x00,0x00,0x00,0x83,0xf8,0x01,0x75,0x0c,0x8b,0x85,0xa0,0xd8,0xff,
0xff,0x89,0x85,0xb0,0xd8,0xff,0xff,0x8b,0x85,0xb0,0xd8,0xff,0xff,0x3b,0x85,0xb4,
0xd8,0xff,0xff,0x73,0x24,0x48,0x8b,0x95,0x80,0xd8,0xff,0xff,0x48,0x8d,0x85,0xe0,
0xd8,0xff,0xff,0xbe,0x10,0x27,0x00,0x00,0x48,0x89,0xc7,0xe8,0x00,0x00,0x00,0x00,
0x48,0x85,0xc0,0x0f,0x85,0x6f,0xff,0xff,0xff,0x48,0x8d,0x8d,0x9b,0xd8,0xff,0xff,
0x48,0x8d,0x95,0xb8,0xd8,0xff,0xff,0x48,0x8d,0x35,0x00,0x00,0x00,0x00,0x48,0x8d,
0x85,0xe0,0xd8,0xff,0xff,0x48,0x89,0xc7,0xb8,0x00,0x00,0x00,0x00,0xe8,0x00,0x00,
0x00,0x00,0x83,0xf8,0x02,0x75,0x3e,0x83,0xbd,0xac,0xd8,0xff,0xff,0x00,0x75,0x20,
0x48,0x8b,0x85,0xd8,0xd8,0xff,0xff,0x48,0x8b,0x50,0x08,0x48,0x8b,0x85,0xb8,0xd8,
0xff,0xff,0x48,0x01,0xc2,0x48,0x8b,0x85,0xd8,0xd8,0xff,0xff,0x48,0x89,0x50,0x08,
0x0f,0xb6,0x85,0x9b,0xd8,0xff,0xff,0x3c,0x2a,0x0f,0x94,0xc0,0x0f,0xb6,0xc0,0x89,
0x85,0xac,0xd8,0xff,0xff,0x83,0x85,0xa8,0xd8,0xff,0xff,0x01,0x48,0x8b,0x85,0xd0,
0xd8,0xff,0xff,0x8b,0x40,0x0c,0x8b,0x95,0xa8,0xd8,0xff,0xff,0x39,0xc2,0x0f,0x82,
0xb1,0xfe,0xff,0xff,0x83,0x85,0xa4,0xd8,0xff,0xff,0x01,0x48,0x8b,0x85,0x88,0xd8,
0xff,0xff,0x8b,0x40,0x08,0x8b,0x95,0xa4,0xd8,0xff,0xff,0x39,0xc2,0x0f,0x82,0x4d,
0xfe,0xff,0xff,0x48,0x8b,0x85,0x88,0xd8,0xff,0xff,0x48,0x8b,0x40,0x18,0x48,0x89,
0x85,0x88,0xd8,0xff,0xff,0x48,0x83,0xbd,0x88,0xd8,0xff,0xff,0x00,0x0f,0x85,0x3d,
0xfd,0xff,0xff,0xeb,0x01,0x90,0x48,0x8b,0x45,0xf8,0x64,0x48,0x2b,0x04,0x25,0x28,
0x00,0x00,0x00,0x74,0x05,0xe8,0x00,0x00,0x00,0x00,0xc9,0xc3,0xf3,0x0f,0x1e,0xfa,
0x55,0x48,0x89,0xe5,0x48,0x81,0xec,0x00,0x10,0x00,0x00,0x48,0x83,0x0c,0x24,0x00,
0x48,0x81,0xec,0x00,0x10,0x00,0x00,0x48,0x83,0x0c,0x24,0x00,0x48,0x81,0xec,0xb0,
0x07,0x00,0x00,0x48,0x89,0xbd,0x58,0xd8,0xff,0xff,0x64,0x48,0x8b,0x04,0x25,0x28,
0x00,0x00,0x00,0x48,0x89,0x45,0xf8,0x31,0xc0,0x48,0x8b,0x85,0x58,0xd8,0xff,0xff,
0xbe,0x04,0x00,0x00,0x00,0x48,0x89,0xc7,0xe8,0xa2,0xf5,0xff,0xff,0x48,0x8b,0x95,
0x58,0xd8,0xff,0xff,0x48,0x01,0xd0,0x48,0x89,0x85,0xb8,0xd8,0xff,0xff,0x48,0x8b,
0x85,0xb8,0xd8,0xff,0xff,0x48,0x89,0xc7,0xe8,0xc1,0xf4,0xff,0xff,0x48,0x89,0x85,
0xc0,0xd8,0xff,0xff,0x48,0x83,0xbd,0xc0,0xd8,0xff,0xff,0x00,0x75,0x2d,0x48,0x8b,
0x05,0x00,0x00,0x00,0x00,0x48,0x8b,0x00,0x48,0x8b,0x95,0xb8,0xd8,0xff,0xff,0x48,
0x8d,0x0d,0x00,0x00,0x00,0x00,0x48,0x89,0xce,0x48,0x89,0xc7,0xb8,0x00,0x00,0x00,
0x00,0xe8,0x00,0x00,0x00,0x00,0xe9,0x4a,0x0a,0x00,0x00,0x48,0x8b,0x85,0x58,0xd8,
0xff,0xff,0x48,0x89,0xc7,0xe8,0x71,0xf6,0xff,0xff,0x48,0x89,0x85,0xa0,0xd8,0xff,
0xff,0x48,0x8d,0x95,0x68,0xd8,0xff,0xff,0x48,0x8b,0x8d,0xc0,0xd8,0xff,0xff,0x48,
0x8b,0x85,0xa0,0xd8,0xff,0xff,0x48,0x89,0xce,0x48,0x89,0xc7,0xe8,0x43,0xfb,0xff,
0xff,0x48,0x8b,0x85,0xc0,0xd8,0xff,0xff,0xba,0x00,0x00,0x00,0x00,0xbe,0x00,0x00,
0x00,0x00,0x48,0x89,0xc7,0xe8,0x00,0x00,0x00,0x00,0x8b,0x95,0x68,0xd8,0xff,0xff,
0x48,0x8d,0x0d,0x00,0x00,0x00,0x00,0x48,0x8b,0x85,0xc0,0xd8,0xff,0xff,0x48,0x89,
0xce,0x48,0x89,0xc7,0xb8,0x00,0x00,0x00,0x00,0xe8,0x00,0x00,0x00,0x00,0xc7,0x85,
0x74,0xd8,0xff,0xff,0x00,0x00,0x00,0x00,0xc7,0x85,0x78,0xd8,0xff,0xff,0x00,0x00,
0x00,0x00,0xc7,0x85,0x7c,0xd8,0xff,0xff,0x00,0x00,0x00,0x00,0xc7,0x85,0x80,0xd8,
0xff,0xff,0x00,0x00,0x00,0x00,0x48,0x8b,0x85,0xa0,0xd8,0xff,0xff,0x48,0x89,0x85,
0xa8,0xd8,0xff,0xff,0xe9,0xcc,0x00,0x00,0x00,0x83,0x85,0x74,0xd8,0xff,0xff,0x01,
0xc7,0x85,0x6c,0xd8,0xff,0xff,0x00,0x00,0x00,0x00,0xe9,0x8c,0x00,0x00,0x00,0x48,
0x8b,0x85,0xa8,0xd8,0xff,0xff,0x48,0x8b,0x40,0x10,0x8b,0x95,0x6c,0xd8,0xff,0xff,
0x48,0x63,0xd2,0x48,0xc1,0xe2,0x05,0x48,0x01,0xd0,0x48,0x89,0x85,0xc8,0xd8,0xff,
0xff,0x83,0x85,0x78,0xd8,0xff,0xff,0x01,0xc7,0x85,0x70,0xd8,0xff,0xff,0x00,0x00,
0x00,0x00,0xeb,0x3c,0x83,0x85,0x7c,0xd8,0xff,0xff,0x01,0x48,0x8b,0x85,0xc8,0xd8,
0xff,0xff,0x48,0x8b,0x40,0x18,0x8b,0x95,0x70,0xd8,0xff,0xff,0x48,0x63,0xd2,0x48,
0xc1,0xe2,0x04,0x48,0x01,0xd0,0x48,0x8b,0x40,0x08,0x48,0x85,0xc0,0x0f,0x95,0xc0,
0x0f,0xb6,0xc0,0x01,0x85,0x80,0xd8,0xff,0xff,0x83,0x85,0x70,0xd8,0xff,0xff,0x01,
0x48,0x8b,0x85,0xc8,0xd8,0xff,0xff,0x8b,0x40,0x0c,0x8b,0x95,0x70,0xd8,0xff,0xff,
0x39,0xc2,0x72,0xb0,0x83,0x85,0x6c,0xd8,0xff,0xff,0x01,0x48,0x8b,0x85,0xa8,0xd8,
0xff,0xff,0x8b,0x40,0x08,0x8b,0x95,0x6c,0xd8,0xff,0xff,0x39,0xc2,0x0f,0x82,0x5c,
0xff,0xff,0xff,0x48,0x8b,0x85,0xa8,0xd8,0xff,0xff,0x48,0x8b,0x40,0x18,0x48,0x89,
0x85,0xa8,0xd8,0xff,0xff,0x48,0x83,0xbd,0xa8,0xd8,0xff,0xff,0x00,0x0f,0x85,0x26,
0xff,0xff,0xff,0x83,0xbd,0x7c,0xd8,0xff,0xff,0x00,0x75,0x0a,0xc7,0x85,0x7c,0xd8,
0xff,0xff,0x01,0x00,0x00,0x00,0x8b,0x85,0x80,0xd8,0xff,0xff,0x48,0x85,0xc0,0x78,
0x0b,0x66,0x0f,0xef,0xc0,0xf2,0x48,0x0f,0x2a,0xc0,0xeb,0x19,0x48,0x89,0xc2,0x48,
0xd1,0xea,0x83,0xe0,0x01,0x48,0x09,0xc2,0x66,0x0f,0xef,0xc0,0xf2,0x48,0x0f,0x2a,
0xc2,0xf2,0x0f,0x58,0xc0,0xf2,0x0f,0x10,0x0d,0x00,0x00,0x00,0x00,0xf2,0x0f,0x59,
0xc8,0x8b,0x85,0x7c,0xd8,0xff,0xff,0x48,0x85,0xc0,0x78,0x0b,0x66,0x0f,0xef,0xc0,
0xf2,0x48,0x0f,0x2a,0xc0,0xeb,0x19,0x48,0x89,0xc2,0x48,0xd1,0xea,0x83,0xe0,0x01,
0x48,0x09,0xc2,0x66,0x0f,0xef,0xc0,0xf2,0x48,0x0f,0x2a,0xc2,0xf2,0x0f,0x58,0xc0,
0xf2,0x0f,0x5e,0xc8,0x66,0x48,0x0f,0x7e,0xce,0x44,0x8b,0x85,0x78,0xd8,0xff,0xff,
0x8b,0x8d,0x74,0xd8,0xff,0xff,0x48,0x8b,0x95,0xb8,0xd8,0xff,0xff,0x48,0x8d,0x3d,
0x00,0x00,0x00,0x00,0x48,0x8b,0x85,0xc0,0xd8,0xff,0xff,0x66,0x48,0x0f,0x6e,0xc6,
0x48,0x89,0xfe,0x48,0x89,0xc7,0xb8,0x01,0x00,0x00,0x00,0xe8,0x00,0x00,0x00,0x00,
0x48,0x8b,0x85,0xa0,0xd8,0xff,0xff,0x48,0x89,0x85,0xa8,0xd8,0xff,0xff,0xe9,0x24,
0x07,0x00,0x00,0x48,0x8b,0x85,0xa8,0xd8,0xff,0xff,0x48,0x8b,0x00,0x48,0x8d,0x15,
0x00,0x00,0x00,0x00,0x48,0x89,0xd6,0x48,0x89,0xc7,0xe8,0x00,0x00,0x00,0x00,0x48,
0x89,0x85,0xd0,0xd8,0xff,0xff,0xc7,0x85,0x84,0xd8,0xff,0xff,0x01,0x00,0x00,0x00,
0x48,0x83,0xbd,0xd0,0xd8,0xff,0xff,0x00,0x0f,0x84,0xd6,0x06,0x00,0x00,0xc7,0x85,
0x78,0xd8,0xff,0xff,0x00,0x00,0x00,0x00,0xc7,0x85,0x7c,0xd8,0xff,0xff,0x00,0x00,
0x00,0x00,0xc7,0x85,0x80,0xd8,0xff,0xff,0x00,0x00,0x00,0x00,0xc7,0x85,0x6c,0xd8,
0xff,0xff,0x00,0x00,0x00,0x00,0xe9,0x8c,0x00,0x00,0x00,0x48,0x8b,0x85,0xa8,0xd8,
0xff,0xff,0x48,0x8b,0x40,0x10,0x8b,0x95,0x6c,0xd8,0xff,0xff,0x48,0x63,0xd2,0x48,
0xc1,0xe2,0x05,0x48,0x01,0xd0,0x48,0x89,0x85,0xc8,0xd8,0xff,0xff,0x83,0x85,0x78,
0xd8,0xff,0xff,0x01,0xc7,0x85,0x70,0xd8,0xff,0xff,0x00,0x00,0x00,0x00,0xeb,0x3c,
0x83,0x85,0x7c,0xd8,0xff,0xff,0x01,0x48,0x8b,0x85,0xc8,0xd8,0xff,0xff,0x48,0x8b,
0x40,0x18,0x8b,0x95,0x70,0xd8,0xff,0xff,0x48,0x63,0xd2,0x48,0xc1,0xe2,0x04,0x48,
0x01,0xd0,0x48,0x8b,0x40,0x08,0x48,0x85,0xc0,0x0f,0x95,0xc0,0x0f,0xb6,0xc0,0x01,
0x85,0x80,0xd8,0xff,0xff,0x83,0x85,0x70,0xd8,0xff,0xff,0x01,0x48,0x8b,0x85,0xc8,
0xd8,0xff,0xff,0x8b,0x40,0x0c,0x8b,0x95,0x70,0xd8,0xff,0xff,0x39,0xc2,0x72,0xb0,
0x83,0x85,0x6c,0xd8,0xff,0xff,0x01,0x48,0x8b,0x85,0xa8,0xd8,0xff,0xff,0x8b,0x40,
0x08,0x8b,0x95,0x6c,0xd8,0xff,0xff,0x39,0xc2,0x0f,0x82,0x5c,0xff,0xff,0xff,0x83,
0xbd,0x7c,0xd8,0xff,0xff,0x00,0x75,0x0a,0xc7,0x85,0x7c,0xd8,0xff,0xff,0x01,0x00,
0x00,0x00,0x8b,0x85,0x80,0xd8,0xff,0xff,0x48,0x85,0xc0,0x78,0x0b,0x66,0x0f,0xef,
0xc0,0xf2,0x48,0x0f,0x2a,0xc0,0xeb,0x19,0x48,0x89,0xc2,0x48,0xd1,0xea,0x83,0xe0,
0x01,0x48,0x09,0xc2,0x66,0x0f,0xef,0xc0,0xf2,0x48,0x0f,0x2a,0xc2,0xf2,0x0f,0x58,
0xc0,0xf2,0x0f,0x10,0x0d,0x00,0x00,0x00,0x00,0xf2,0x0f,0x59,0xc8,0x8b,0x85,0x7c,
0xd8,0xff,0xff,0x48,0x85,0xc0,0x78,0x0b,0x66,0x0f,0xef,0xc0,0xf2,0x48,0x0f,0x2a,
0xc0,0xeb,0x19,0x48,0x89,0xc2,0x48,0xd1,0xea,0x83,0xe0,0x01,0x48,0x09,0xc2,0x66,
0x0f,0xef,0xc0,0xf2,0x48,0x0f,0x2a,0xc2,0xf2,0x0f,0x58,0xc0,0xf2,0x0f,0x5e,0xc8,
0x66,0x48,0x0f,0x7e,0xce,0x48,0x8b,0x85,0xa8,0xd8,0xff,0xff,0x48,0x8b,0x10,0x8b,
0x8d,0x78,0xd8,0xff,0xff,0x48,0x8d,0x3d,0x00,0x00,0x00,0x00,0x48,0x8b,0x85,0xc0,
0xd8,0xff,0xff,0x66,0x48,0x0f,0x6e,0xc6,0x48,0x89,0xfe,0x48,0x89,0xc7,0xb8,0x01,
0x00,0x00,0x00,0xe8,0x00,0x00,0x00,0x00,0xc7,0x85,0x6c,0xd8,0xff,0xff,0x00,0x00,
0x00,0x00,0xe9,0xbf,0x04,0x00,0x00,0x48,0x8b,0x85,0xa8,0xd8,0xff,0xff,0x48,0x8b,
0x40,0x10,0x8b,0x95,0x6c,0xd8,0xff,0xff,0x48,0x63,0xd2,0x48,0xc1,0xe2,0x05,0x48,
0x01,0xd0,0x48,0x89,0x85,0xc8,0xd8,0xff,0xff,0xeb,0x33,0x8b,0x85,0x84,0xd8,0xff,
0xff,0x8d,0x50,0x01,0x89,0x95,0x84,0xd8,0xff,0xff,0x48,0x8d,0x95,0xe0,0xd8,0xff,
0xff,0x48,0x8d,0x35,0x00,0x00,0x00,0x00,0x48,0x8b,0xbd,0xc0,0xd8,0xff,0xff,0x48,
0x89,0xd1,0x89,0xc2,0xb8,0x00,0x00,0x00,0x00,0xe8,0x00,0x00,0x00,0x00,0x48,0x8b,
0x85,0xc8,0xd8,0xff,0xff,0x8b,0x40,0x08,0x39,0x85,0x84,0xd8,0xff,0xff,0x73,0x20,
0x48,0x8b,0x95,0xd0,0xd8,0xff,0xff,0x48,0x8d,0x85,0xe0,0xd8,0xff,0xff,0xbe,0x10,
0x27,0x00,0x00,0x48,0x89,0xc7,0xe8,0x00,0x00,0x00,0x00,0x48,0x85,0xc0,0x75,0x9b,
0xc7,0x85,0x7c,0xd8,0xff,0xff,0x00,0x00,0x00,0x00,0xc7,0x85,0x80,0xd8,0xff,0xff,
0x00,0x00,0x00,0x00,0xc7,0x85,0x70,0xd8,0xff,0xff,0x00,0x00,0x00,0x00,0xeb,0x3c,
0x83,0x85,0x7c,0xd8,0xff,0xff,0x01,0x48,0x8b,0x85,0xc8,0xd8,0xff,0xff,0x48,0x8b,
0x40,0x18,0x8b,0x95,0x70,0xd8,0xff,0xff,0x48,0x63,0xd2,0x48,0xc1,0xe2,0x04,0x48,
0x01,0xd0,0x48,0x8b,0x40,0x08,0x48,0x85,0xc0,0x0f,0x95,0xc0,0x0f,0xb6,0xc0,0x01,
0x85,0x80,0xd8,0xff,0xff,0x83,0x85,0x70,0xd8,0xff,0xff,0x01,0x48,0x8b,0x85,0xc8,
0xd8,0xff,0xff,0x8b,0x40,0x0c,0x8b,0x95,0x70,0xd8,0xff,0xff,0x39,0xc2,0x72,0xb0,
0x83,0xbd,0x7c,0xd8,0xff,0xff,0x00,0x75,0x0a,0xc7,0x85,0x7c,0xd8,0xff,0xff,0x01,
0x00,0x00,0x00,0x8b,0x85,0x80,0xd8,0xff,0xff,0x48,0x85,0xc0,0x78,0x0b,0x66,0x0f,
0xef,0xc0,0xf2,0x48,0x0f,0x2a,0xc0,0xeb,0x19,0x48,0x89,0xc2,0x48,0xd1,0xea,0x83,
0xe0,0x01,0x48,0x09,0xc2,0x66,0x0f,0xef,0xc0,0xf2,0x48,0x0f,0x2a,0xc2,0xf2,0x0f,
0x58,0xc0,0xf2,0x0f,0x10,0x0d,0x00,0x00,0x00,0x00,0xf2,0x0f,0x59,0xc8,0x8b,0x85,
0x7c,0xd8,0xff,0xff,0x48,0x85,0xc0,0x78,0x0b,0x66,0x0f,0xef,0xc0,0xf2,0x48,0x0f,
0x2a,0xc0,0xeb,0x19,0x48,0x89,0xc2,0x48,0xd1,0xea,0x83,0xe0,0x01,0x48,0x09,0xc2,
0x66,0x0f,0xef,0xc0,0xf2,0x48,0x0f,0x2a,0xc2,0xf2,0x0f,0x58,0xc0,0xf2,0x0f,0x5e,
0xc8,0x66,0x48,0x0f,0x7e,0xc9,0x48,0x8b,0x85,0xc8,0xd8,0xff,0xff,0x48,0x8b,0x10,
0x48,0x8d,0x35,0x00,0x00,0x00,0x00,0x48,0x8b,0x85,0xc0,0xd8,0xff,0xff,0x66,0x48,
0x0f,0x6e,0xc1,0x48,0x89,0xc7,0xb8,0x01,0x00,0x00,0x00,0xe8,0x00,0x00,0x00,0x00,
0xc7,0x85,0x70,0xd8,0xff,0xff,0x00,0x00,0x00,0x00,0xe9,0xe8,0x02,0x00,0x00,0x48,
0x8b,0x85,0xc8,0xd8,0xff,0xff,0x48,0x8b,0x40,0x18,0x8b,0x95,0x70,0xd8,0xff,0xff,
0x48,0x63,0xd2,0x48,0xc1,0xe2,0x04,0x48,0x01,0xd0,0x8b,0x00,0x89,0x85,0x94,0xd8,
0xff,0xff,0x48,0x8b,0x85,0xc8,0xd8,0xff,0xff,0x48,0x8b,0x40,0x18,0x8b,0x95,0x70,
0xd8,0xff,0xff,0x48,0x63,0xd2,0x48,0xc1,0xe2,0x04,0x48,0x01,0xd0,0x8b,0x40,0x04,
0x89,0x85,0x88,0xd8,0xff,0xff,0x48,0x8b,0x85,0xc8,0xd8,0xff,0xff,0x48,0x8b,0x40,
0x18,0x8b,0x95,0x70,0xd8,0xff,0xff,0x48,0x63,0xd2,0x48,0xc1,0xe2,0x04,0x48,0x01,
0xd0,0x48,0x8b,0x40,0x08,0x48,0x89,0x85,0xb0,0xd8,0xff,0xff,0xc7,0x85,0x8c,0xd8,
0xff,0xff,0x00,0x00,0x00,0x00,0x8b,0x85,0x94,0xd8,0xff,0xff,0x3b,0x85,0x88,0xd8,
0xff,0xff,0x0f,0x94,0xc0,0x0f,0xb6,0xc0,0x89,0x85,0x90,0xd8,0xff,0xff,0x83,0x85,
0x70,0xd8,0xff,0xff,0x01,0xe9,0xda,0x00,0x00,0x00,0x48,0x8b,0x85,0xc8,0xd8,0xff,
0xff,0x48,0x8b,0x40,0x18,0x8b,0x95,0x70,0xd8,0xff,0xff,0x48,0x63,0xd2,0x48,0xc1,
0xe2,0x04,0x48,0x01,0xd0,0x8b,0x00,0x89,0x85,0x98,0xd8,0xff,0xff,0x48,0x8b,0x85,
0xc8,0xd8,0xff,0xff,0x48,0x8b,0x40,0x18,0x8b,0x95,0x70,0xd8,0xff,0xff,0x48,0x63,
0xd2,0x48,0xc1,0xe2,0x04,0x48,0x01,0xd0,0x8b,0x40,0x04,0x89,0x85,0x9c,0xd8,0xff,
0xff,0x48,0x8b,0x85,0xc8,0xd8,0xff,0xff,0x48,0x8b,0x40,0x18,0x8b,0x95,0x70,0xd8,
0xff,0xff,0x48,0x63,0xd2,0x48,0xc1,0xe2,0x04,0x48,0x01,0xd0,0x48,0x8b,0x40,0x08,
0x48,0x89,0x85,0xd8,0xd8,0xff,0xff,0x8b,0x85,0x94,0xd8,0xff,0xff,0x3b,0x85,0x98,
0xd8,0xff,0xff,0x75,0x79,0x48,0x83,0xbd,0xd8,0xd8,0xff,0xff,0x00,0x75,0x0c,0xc7,
0x85,0x8c,0xd8,0xff,0xff,0x01,0x00,0x00,0x00,0xeb,0x1e,0x48,0x8b,0x85,0xd8,0xd8,
0xff,0xff,0x48,0x39,0x85,0xb0,0xd8,0xff,0xff,0x73,0x0e,0x48,0x8b,0x85,0xd8,0xd8,
0xff,0xff,0x48,0x89,0x85,0xb0,0xd8,0xff,0xff,0x8b,0x85,0x98,0xd8,0xff,0xff,0x3b,
0x85,0x9c,0xd8,0xff,0xff,0x0f,0x94,0xc0,0x0f,0xb6,0xc0,0x89,0x85,0x90,0xd8,0xff,
0xff,0x8b,0x85,0x9c,0xd8,0xff,0xff,0x89,0x85,0x88,0xd8,0xff,0xff,0x83,0x85,0x70,
0xd8,0xff,0xff,0x01,0x48,0x8b,0x85,0xc8,0xd8,0xff,0xff,0x8b,0x40,0x0c,0x8b,0x95,
0x70,0xd8,0xff,0xff,0x39,0xc2,0x0f,0x82,0x0e,0xff,0xff,0xff,0xeb,0x01,0x90,0x83,
0xbd,0x90,0xd8,0xff,0xff,0x00,0x74,0x3c,0x83,0x85,0x88,0xd8,0xff,0xff,0x01,0xeb,
0x33,0x8b,0x85,0x84,0xd8,0xff,0xff,0x8d,0x50,0x01,0x89,0x95,0x84,0xd8,0xff,0xff,
0x48,0x8d,0x95,0xe0,0xd8,0xff,0xff,0x48,0x8d,0x35,0x00,0x00,0x00,0x00,0x48,0x8b,
0xbd,0xc0,0xd8,0xff,0xff,0x48,0x89,0xd1,0x89,0xc2,0xb8,0x00,0x00,0x00,0x00,0xe8,
0x00,0x00,0x00,0x00,0x8b,0x85,0x84,0xd8,0xff,0xff,0x3b,0x85,0x94,0xd8,0xff,0xff,
0x0f,0x83,0xcf,0x00,0x00,0x00,0x48,0x8b,0x95,0xd0,0xd8,0xff,0xff,0x48,0x8d,0x85,
0xe0,0xd8,0xff,0xff,0xbe,0x10,0x27,0x00,0x00,0x48,0x89,0xc7,0xe8,0x00,0x00,0x00,
0x00,0x48,0x85,0xc0,0x75,0x9b,0xe9,0xaa,0x00,0x00,0x00,0x48,0x83,0xbd,0xb0,0xd8,
0xff,0xff,0x00,0x75,0x2a,0x48,0x8d,0x8d,0xe0,0xd8,0xff,0xff,0x8b,0x95,0x84,0xd8,
0xff,0xff,0x48,0x8d,0x35,0x00,0x00,0x00,0x00,0x48,0x8b,0x85,0xc0,0xd8,0xff,0xff,
0x48,0x89,0xc7,0xb8,0x00,0x00,0x00,0x00,0xe8,0x00,0x00,0x00,0x00,0xeb,0x6f,0x83,
0xbd,0x8c,0xd8,0xff,0xff,0x00,0x74,0x34,0x48,0x8d,0xbd,0xe0,0xd8,0xff,0xff,0x8b,
0x8d,0x84,0xd8,0xff,0xff,0x48,0x8b,0x95,0xb0,0xd8,0xff,0xff,0x48,0x8d,0x35,0x00,
0x00,0x00,0x00,0x48,0x8b,0x85,0xc0,0xd8,0xff,0xff,0x49,0x89,0xf8,0x48,0x89,0xc7,
0xb8,0x00,0x00,0x00,0x00,0xe8,0x00,0x00,0x00,0x00,0xeb,0x32,0x48,0x8d,0xbd,0xe0,
0xd8,0xff,0xff,0x8b,0x8d,0x84,0xd8,0xff,0xff,0x48,0x8b,0x95,0xb0,0xd8,0xff,0xff,
0x48,0x8d,0x35,0x00,0x00,0x00,0x00,0x48,0x8b,0x85,0xc0,0xd8,0xff,0xff,0x49,0x89,
0xf8,0x48,0x89,0xc7,0xb8,0x00,0x00,0x00,0x00,0xe8,0x00,0x00,0x00,0x00,0x83,0x85,
0x84,0xd8,0xff,0xff,0x01,0x8b,0x85,0x84,0xd8,0xff,0xff,0x3b,0x85,0x88,0xd8,0xff,
0xff,0x73,0x24,0x48,0x8b,0x95,0xd0,0xd8,0xff,0xff,0x48,0x8d,0x85,0xe0,0xd8,0xff,
0xff,0xbe,0x10,0x27,0x00,0x00,0x48,0x89,0xc7,0xe8,0x00,0x00,0x00,0x00,0x48,0x85,
0xc0,0x0f,0x85,0x24,0xff,0xff,0xff,0x48,0x8b,0x85,0xc8,0xd8,0xff,0xff,0x8b,0x40,
0x0c,0x8b,0x95,0x70,0xd8,0xff,0xff,0x39,0xc2,0x0f,0x82,0x00,0xfd,0xff,0xff,0x83,
0x85,0x6c,0xd8,0xff,0xff,0x01,0x48,0x8b,0x85,0xa8,0xd8,0xff,0xff,0x8b,0x40,0x08,
0x8b,0x95,0x6c,0xd8,0xff,0xff,0x39,0xc2,0x0f,0x82,0x29,0xfb,0xff,0xff,0xeb,0x33,
0x8b,0x85,0x84,0xd8,0xff,0xff,0x8d,0x50,0x01,0x89,0x95,0x84,0xd8,0xff,0xff,0x48,
0x8d,0x95,0xe0,0xd8,0xff,0xff,0x48,0x8d,0x35,0x00,0x00,0x00,0x00,0x48,0x8b,0xbd,
0xc0,0xd8,0xff,0xff,0x48,0x89,0xd1,0x89,0xc2,0xb8,0x00,0x00,0x00,0x00,0xe8,0x00,
0x00,0x00,0x00,0x48,0x8b,0x95,0xd0,0xd8,0xff,0xff,0x48,0x8d,0x85,0xe0,0xd8,0xff,
0xff,0xbe,0x10,0x27,0x00,0x00,0x48,0x89,0xc7,0xe8,0x00,0x00,0x00,0x00,0x48,0x85,
0xc0,0x75,0xad,0x48,0x8b,0x85,0xd0,0xd8,0xff,0xff,0x48,0x89,0xc7,0xe8,0x00,0x00,
0x00,0x00,0xeb,0x01,0x90,0x48,0x8b,0x85,0xa8,0xd8,0xff,0xff,0x48,0x8b,0x40,0x18,
0x48,0x89,0x85,0xa8,0xd8,0xff,0xff,0x48,0x83,0xbd,0xa8,0xd8,0xff,0xff,0x00,0x0f,
0x85,0xce,0xf8,0xff,0xff,0xe9,0x9e,0x00,0x00,0x00,0xc7,0x85,0x6c,0xd8,0xff,0xff,
0x00,0x00,0x00,0x00,0xeb,0x3c,0x48,0x8b,0x85,0xa0,0xd8,0xff,0xff,0x48,0x8b,0x40,
0x10,0x8b,0x95,0x6c,0xd8,0xff,0xff,0x48,0x63,0xd2,0x48,0xc1,0xe2,0x05,0x48,0x01,
0xd0,0x48,0x89,0x85,0xc8,0xd8,0xff,0xff,0x48,0x8b,0x85,0xc8,0xd8,0xff,0xff,0x48,
0x8b,0x40,0x18,0x48,0x89,0xc7,0xe8,0x00,0x00,0x00,0x00,0x83,0x85,0x6c,0xd8,0xff,
0xff,0x01,0x48,0x8b,0x85,0xa0,0xd8,0xff,0xff,0x8b,0x40,0x08,0x8b,0x95,0x6c,0xd8,
0xff,0xff,0x39,0xc2,0x72,0xb0,0x48,0x8b,0x85,0xa0,0xd8,0xff,0xff,0x48,0x8b,0x40,
0x10,0x48,0x89,0xc7,0xe8,0x00,0x00,0x00,0x00,0x48,0x8b,0x85,0xa0,0xd8,0xff,0xff,
0x48,0x89,0x85,0xa8,0xd8,0xff,0xff,0x48,0x8b,0x85,0xa0,0xd8,0xff,0xff,0x48,0x8b,
0x40,0x18,0x48,0x89,0x85,0xa0,0xd8,0xff,0xff,0x48,0x8b,0x85,0xa8,0xd8,0xff,0xff,
0x48,0x89,0xc7,0xe8,0x00,0x00,0x00,0x00,0x48,0x83,0xbd,0xa0,0xd8,0xff,0xff,0x00,
0x0f,0x85,0x54,0xff,0xff,0xff,0x48,0x8b,0x85,0xc0,0xd8,0xff,0xff,0x48,0x89,0xc7,
0xe8,0x00,0x00,0x00,0x00,0x48,0x8b,0x45,0xf8,0x64,0x48,0x2b,0x04,0x25,0x28,0x00,
0x00,0x00,0x74,0x05,0xe8,0x00,0x00,0x00,0x00,0xc9,0xc3,0x00,0x00,0x00,0x72,0x2b,
0x00,0x4d,0x61,0x6c,0x6c,0x6f,0x63,0x20,0x65,0x72,0x72,0x6f,0x72,0x20,0x74,0x65,
0x73,0x74,0x5f,0x63,0x6f,0x76,0x65,0x72,0x61,0x67,0x65,0x0a,0x00,0x52,0x65,0x61,
0x6c,0x6c,0x6f,0x63,0x20,0x65,0x72,0x72,0x6f,0x72,0x20,0x74,0x65,0x73,0x74,0x5f,
0x63,0x6f,0x76,0x65,0x72,0x61,0x67,0x65,0x0a,0x00,0x25,0x75,0x00,0x30,0x3a,0x46,
0x69,0x6c,0x65,0x3a,0x00,0x25,0x6c,0x6c,0x75,0x25,0x63,0x0a,0x00,0x00,0x43,0x61,
0x6e,0x6e,0x6f,0x74,0x20,0x63,0x72,0x65,0x61,0x74,0x65,0x20,0x63,0x6f,0x76,0x65,
0x72,0x61,0x67,0x65,0x20,0x66,0x69,0x6c,0x65,0x3a,0x20,0x25,0x73,0x0a,0x00,0x20,
0x20,0x20,0x20,0x20,0x20,0x20,0x20,0x2d,0x3a,0x20,0x20,0x20,0x20,0x30,0x3a,0x52,
0x75,0x6e,0x73,0x3a,0x25,0x75,0x0a,0x00,0x00,0x00,0x00,0x00,0x00,0x00,0x20,0x20,
0x20,0x20,0x20,0x20,0x20,0x20,0x2d,0x3a,0x20,0x20,0x20,0x20,0x30,0x3a,0x41,0x6c,
0x6c,0x3a,0x25,0x73,0x20,0x46,0x69,0x6c,0x65,0x73,0x3a,0x25,0x75,0x20,0x46,0x75,
0x6e,0x63,0x74,0x69,0x6f,0x6e,0x73,0x3a,0x25,0x75,0x20,0x25,0x2e,0x30,0x32,0x66,
0x25,0x25,0x0a,0x00,0x72,0x00,0x20,0x20,0x20,0x20,0x20,0x20,0x20,0x20,0x2d,0x3a,
0x20,0x20,0x20,0x20,0x30,0x3a,0x46,0x69,0x6c,0x65,0x3a,0x25,0x73,0x20,0x46,0x75,
0x6e,0x63,0x74,0x69,0x6f,0x6e,0x73,0x3a,0x25,0x75,0x20,0x25,0x2e,0x30,0x32,0x66,
0x25,0x25,0x0a,0x00,0x20,0x20,0x20,0x20,0x20,0x20,0x20,0x20,0x2d,0x3a,0x25,0x35,
0x75,0x3a,0x25,0x73,0x00,0x00,0x20,0x20,0x20,0x20,0x20,0x20,0x20,0x20,0x2d,0x3a,
0x20,0x20,0x20,0x20,0x30,0x3a,0x46,0x75,0x6e,0x63,0x74,0x69,0x6f,0x6e,0x3a,0x25,
0x73,0x20,0x25,0x2e,0x30,0x32,0x66,0x25,0x25,0x0a,0x00,0x20,0x20,0x20,0x20,0x23,
0x23,0x23,0x23,0x23,0x3a,0x25,0x35,0x75,0x3a,0x25,0x73,0x00,0x25,0x38,0x6c,0x6c,
0x75,0x2a,0x3a,0x25,0x35,0x75,0x3a,0x25,0x73,0x00,0x25,0x39,0x6c,0x6c,0x75,0x3a,
0x25,0x35,0x75,0x3a,0x25,0x73,0x00,0x00,0x00,0x00,0x00,0x00,0x00,0x00,0x00,0x00,
0x00,0x00,0x00,0x00,0x59,0x40,0x00,0x47,0x43,0x43,0x3a,0x20,0x28,0x47,0x65,0x6e,
0x74,0x6f,0x6f,0x20,0x31,0x35,0x2e,0x33,0x2e,0x30,0x20,0x70,0x38,0x29,0x20,0x31,
0x35,0x2e,0x33,0x2e,0x30,0x00,0x04,0x00,0x00,0x00,0x10,0x00,0x00,0x00,0x05,0x00,
0x00,0x00,0x47,0x4e,0x55,0x00,0x02,0x00,0x00,0xc0,0x04,0x00,0x00,0x00,0x03,0x00,
0x00,0x00,0x00,0x00,0x00,0x00,0x04,0x00,0x00,0x00,0x20,0x00,0x00,0x00,0x05,0x00,
0x00,0x00,0x47,0x4e,0x55,0x00,0x02,0x00,0x01,0xc0,0x04,0x00,0x00,0x00,0x01,0x00,
0x00,0x00,0x00,0x00,0x00,0x00,0x01,0x00,0x01,0xc0,0x04,0x00,0x00,0x00,0x09,0x00,
0x00,0x00,0x00,0x00,0x00,0x00,0x14,0x00,0x00,0x00,0x00,0x00,0x00,0x00,0x01,0x7a,
0x52,0x00,0x01,0x78,0x10,0x01,0x1b,0x0c,0x07,0x08,0x90,0x01,0x00,0x00,0x1c,0x00,
0x00,0x00,0x1c,0x00,0x00,0x00,0x00,0x00,0x00,0x00,0xc1,0x00,0x00,0x00,0x00,0x45,
0x0e,0x10,0x86,0x02,0x43,0x0d,0x06,0x02,0xb8,0x0c,0x07,0x08,0x00,0x00,0x1c,0x00,
0x00,0x00,0x3c,0x00,0x00,0x00,0x00,0x00,0x00,0x00,0x56,0x00,0x00,0x00,0x00,0x45,
0x0e,0x10,0x86,0x02,0x43,0x0d,0x06,0x02,0x4d,0x0c,0x07,0x08,0x00,0x00,0x1c,0x00,
0x00,0x00,0x5c,0x00,0x00,0x00,0x00,0x00,0x00,0x00,0x59,0x00,0x00,0x00,0x00,0x45,
0x0e,0x10,0x86,0x02,0x43,0x0d,0x06,0x02,0x50,0x0c,0x07,0x08,0x00,0x00,0x1c,0x00,
0x00,0x00,0x7c,0x00,0x00,0x00,0x00,0x00,0x00,0x00,0x8d,0x00,0x00,0x00,0x00,0x45,
0x0e,0x10,0x86,0x02,0x43,0x0d,0x06,0x02,0x84,0x0c,0x07,0x08,0x00,0x00,0x1c,0x00,
0x00,0x00,0x9c,0x00,0x00,0x00,0x00,0x00,0x00,0x00,0xf9,0x04,0x00,0x00,0x00,0x45,
0x0e,0x10,0x86,0x02,0x43,0x0d,0x06,0x03,0xf0,0x04,0x0c,0x07,0x08,0x00,0x1c,0x00,
0x00,0x00,0xbc,0x00,0x00,0x00,0x00,0x00,0x00,0x00,0xd8,0x03,0x00,0x00,0x00,0x45,
0x0e,0x10,0x86,0x02,0x43,0x0d,0x06,0x03,0xcf,0x03,0x0c,0x07,0x08,0x00,0x1c,0x00,
0x00,0x00,0xdc,0x00,0x00,0x00,0x00,0x00,0x00,0x00,0x0f,0x0b,0x00,0x00,0x00,0x45,
0x0e,0x10,0x86,0x02,0x43,0x0d,0x06,0x03,0x06,0x0b,0x0c,0x07,0x08,0x00,0x00,0x00,
0x00,0x00,0x00,0x00,0x00,0x00,0x00,0x00,0x00,0x00,0x00,0x00,0x00,0x00,0x00,0x00,
0x00,0x00,0x00,0x00,0x00,0x00,0x01,0x00,0x00,0x00,0x04,0x00,0xf1,0xff,0x00,0x00,
0x00,0x00,0x00,0x00,0x00,0x00,0x00,0x00,0x00,0x00,0x00,0x00,0x00,0x00,0x00,0x00,
0x00,0x00,0x03,0x00,0x01,0x00,0x00,0x00,0x00,0x00,0x00,0x00,0x00,0x00,0x00,0x00,
0x00,0x00,0x00,0x00,0x00,0x00,0x00,0x00,0x00,0x00,0x03,0x00,0x05,0x00,0x00,0x00,
0x00,0x00,0x00,0x00,0x00,0x00,0x00,0x00,0x00,0x00,0x00,0x00,0x00,0x00,0x08,0x00,
0x00,0x00,0x02,0x00,0x01,0x00,0x00,0x00,0x00,0x00,0x00,0x00,0x00,0x00,0xc1,0x00,
0x00,0x00,0x00,0x00,0x00,0x00,0x17,0x00,0x00,0x00,0x02,0x00,0x01,0x00,0xc1,0x00,
0x00,0x00,0x00,0x00,0x00,0x00,0x56,0x00,0x00,0x00,0x00,0x00,0x00,0x00,0x21,0x00,
0x00,0x00,0x02,0x00,0x01,0x00,0x17,0x01,0x00,0x00,0x00,0x00,0x00,0x00,0x59,0x00,
0x00,0x00,0x00,0x00,0x00,0x00,0x2b,0x00,0x00,0x00,0x02,0x00,0x01,0x00,0x70,0x01,
0x00,0x00,0x00,0x00,0x00,0x00,0x8d,0x00,0x00,0x00,0x00,0x00,0x00,0x00,0x35,0x00,
0x00,0x00,0x02,0x00,0x01,0x00,0xfd,0x01,0x00,0x00,0x00,0x00,0x00,0x00,0xf9,0x04,
0x00,0x00,0x00,0x00,0x00,0x00,0x48,0x00,0x00,0x00,0x02,0x00,0x01,0x00,0xf6,0x06,
0x00,0x00,0x00,0x00,0x00,0x00,0xd8,0x03,0x00,0x00,0x00,0x00,0x00,0x00,0x5c,0x00,
0x00,0x00,0x10,0x00,0x00,0x00,0x00,0x00,0x00,0x00,0x00,0x00,0x00,0x00,0x00,0x00,
0x00,0x00,0x00,0x00,0x00,0x00,0x7c,0x00,0x00,0x00,0x10,0x00,0x00,0x00,0x00,0x00,
0x00,0x00,0x00,0x00,0x00,0x00,0x00,0x00,0x00,0x00,0x00,0x00,0x00,0x00,0x63,0x00,
0x00,0x00,0x10,0x00,0x00,0x00,0x00,0x00,0x00,0x00,0x00,0x00,0x00,0x00,0x00,0x00,
0x00,0x00,0x00,0x00,0x00,0x00,0x69,0x00,0x00,0x00,0x10,0x00,0x00,0x00,0x00,0x00,
0x00,0x00,0x00,0x00,0x00,0x00,0x00,0x00,0x00,0x00,0x00,0x00,0x00,0x00,0x7a,0x00,
0x00,0x00,0x10,0x00,0x00,0x00,0x00,0x00,0x00,0x00,0x00,0x00,0x00,0x00,0x00,0x00,
0x00,0x00,0x00,0x00,0x00,0x00,0x81,0x00,0x00,0x00,0x10,0x00,0x00,0x00,0x00,0x00,
0x00,0x00,0x00,0x00,0x00,0x00,0x00,0x00,0x00,0x00,0x00,0x00,0x00,0x00,0x92,0x00,
0x00,0x00,0x10,0x00,0x00,0x00,0x00,0x00,0x00,0x00,0x00,0x00,0x00,0x00,0x00,0x00,
0x00,0x00,0x00,0x00,0x00,0x00,0x99,0x00,0x00,0x00,0x10,0x00,0x00,0x00,0x00,0x00,
0x00,0x00,0x00,0x00,0x00,0x00,0x00,0x00,0x00,0x00,0x00,0x00,0x00,0x00,0xa0,0x00,
0x00,0x00,0x10,0x00,0x00,0x00,0x00,0x00,0x00,0x00,0x00,0x00,0x00,0x00,0x00,0x00,
0x00,0x00,0x00,0x00,0x00,0x00,0xa7,0x00,0x00,0x00,0x10,0x00,0x00,0x00,0x00,0x00,
0x00,0x00,0x00,0x00,0x00,0x00,0x00,0x00,0x00,0x00,0x00,0x00,0x00,0x00,0xbd,0x00,
0x00,0x00,0x10,0x00,0x00,0x00,0x00,0x00,0x00,0x00,0x00,0x00,0x00,0x00,0x00,0x00,
0x00,0x00,0x00,0x00,0x00,0x00,0xc4,0x00,0x00,0x00,0x10,0x00,0x00,0x00,0x00,0x00,
0x00,0x00,0x00,0x00,0x00,0x00,0x00,0x00,0x00,0x00,0x00,0x00,0x00,0x00,0xcb,0x00,
0x00,0x00,0x10,0x00,0x00,0x00,0x00,0x00,0x00,0x00,0x00,0x00,0x00,0x00,0x00,0x00,
0x00,0x00,0x00,0x00,0x00,0x00,0xd3,0x00,0x00,0x00,0x10,0x00,0x00,0x00,0x00,0x00,
0x00,0x00,0x00,0x00,0x00,0x00,0x00,0x00,0x00,0x00,0x00,0x00,0x00,0x00,0xd9,0x00,
0x00,0x00,0x10,0x00,0x00,0x00,0x00,0x00,0x00,0x00,0x00,0x00,0x00,0x00,0x00,0x00,
0x00,0x00,0x00,0x00,0x00,0x00,0xdf,0x00,0x00,0x00,0x10,0x00,0x00,0x00,0x00,0x00,
0x00,0x00,0x00,0x00,0x00,0x00,0x00,0x00,0x00,0x00,0x00,0x00,0x00,0x00,0xe7,0x00,
0x00,0x00,0x10,0x00,0x00,0x00,0x00,0x00,0x00,0x00,0x00,0x00,0x00,0x00,0x00,0x00,
0x00,0x00,0x00,0x00,0x00,0x00,0xf7,0x00,0x00,0x00,0x10,0x00,0x00,0x00,0x00,0x00,
0x00,0x00,0x00,0x00,0x00,0x00,0x00,0x00,0x00,0x00,0x00,0x00,0x00,0x00,0xfe,0x00,
0x00,0x00,0x10,0x00,0x00,0x00,0x00,0x00,0x00,0x00,0x00,0x00,0x00,0x00,0x00,0x00,
0x00,0x00,0x00,0x00,0x00,0x00,0x06,0x01,0x00,0x00,0x10,0x00,0x00,0x00,0x00,0x00,
0x00,0x00,0x00,0x00,0x00,0x00,0x00,0x00,0x00,0x00,0x00,0x00,0x00,0x00,0x0d,0x01,
0x00,0x00,0x12,0x00,0x01,0x00,0xce,0x0a,0x00,0x00,0x00,0x00,0x00,0x00,0x0f,0x0b,
0x00,0x00,0x00,0x00,0x00,0x00,0x23,0x01,0x00,0x00,0x10,0x00,0x00,0x00,0x00,0x00,
0x00,0x00,0x00,0x00,0x00,0x00,0x00,0x00,0x00,0x00,0x00,0x00,0x00,0x00,0x2b,0x01,
0x00,0x00,0x10,0x00,0x00,0x00,0x00,0x00,0x00,0x00,0x00,0x00,0x00,0x00,0x00,0x00,
0x00,0x00,0x00,0x00,0x00,0x00,0x31,0x01,0x00,0x00,0x10,0x00,0x00,0x00,0x00,0x00,
0x00,0x00,0x00,0x00,0x00,0x00,0x00,0x00,0x00,0x00,0x00,0x00,0x00,0x00,0x37,0x01,
0x00,0x00,0x10,0x00,0x00,0x00,0x00,0x00,0x00,0x00,0x00,0x00,0x00,0x00,0x00,0x00,
0x00,0x00,0x00,0x00,0x00,0x00,0x3e,0x01,0x00,0x00,0x10,0x00,0x00,0x00,0x00,0x00,
0x00,0x00,0x00,0x00,0x00,0x00,0x00,0x00,0x00,0x00,0x00,0x00,0x00,0x00,0x00,0x74,
0x63,0x6f,0x76,0x2e,0x63,0x00,0x6f,0x70,0x65,0x6e,0x5f,0x74,0x63,0x6f,0x76,0x5f,
0x66,0x69,0x6c,0x65,0x00,0x67,0x65,0x74,0x5f,0x76,0x61,0x6c,0x75,0x65,0x00,0x73,
0x6f,0x72,0x74,0x5f,0x66,0x75,0x6e,0x63,0x00,0x73,0x6f,0x72,0x74,0x5f,0x6c,0x69,
0x6e,0x65,0x00,0x73,0x6f,0x72,0x74,0x5f,0x74,0x65,0x73,0x74,0x5f,0x63,0x6f,0x76,
0x65,0x72,0x61,0x67,0x65,0x00,0x6d,0x65,0x72,0x67,0x65,0x5f,0x74,0x65,0x73,0x74,
0x5f,0x63,0x6f,0x76,0x65,0x72,0x61,0x67,0x65,0x00,0x67,0x65,0x74,0x70,0x69,0x64,
0x00,0x66,0x63,0x6e,0x74,0x6c,0x00,0x5f,0x5f,0x65,0x72,0x72,0x6e,0x6f,0x5f,0x6c,
0x6f,0x63,0x61,0x74,0x69,0x6f,0x6e,0x00,0x66,0x64,0x6f,0x70,0x65,0x6e,0x00,0x5f,
0x5f,0x73,0x74,0x61,0x63,0x6b,0x5f,0x63,0x68,0x6b,0x5f,0x66,0x61,0x69,0x6c,0x00,
0x73,0x74,0x72,0x6c,0x65,0x6e,0x00,0x73,0x74,0x72,0x63,0x6d,0x70,0x00,0x6d,0x61,
0x6c,0x6c,0x6f,0x63,0x00,0x5f,0x47,0x4c,0x4f,0x42,0x41,0x4c,0x5f,0x4f,0x46,0x46,
0x53,0x45,0x54,0x5f,0x54,0x41,0x42,0x4c,0x45,0x5f,0x00,0x73,0x74,0x64,0x65,0x72,
0x72,0x00,0x66,0x77,0x72,0x69,0x74,0x65,0x00,0x72,0x65,0x61,0x6c,0x6c,0x6f,0x63,
0x00,0x71,0x73,0x6f,0x72,0x74,0x00,0x66,0x67,0x65,0x74,0x73,0x00,0x73,0x74,0x72,
0x72,0x63,0x68,0x72,0x00,0x5f,0x5f,0x69,0x73,0x6f,0x63,0x32,0x33,0x5f,0x73,0x73,
0x63,0x61,0x6e,0x66,0x00,0x73,0x74,0x72,0x73,0x74,0x72,0x00,0x73,0x74,0x72,0x6e,
0x63,0x6d,0x70,0x00,0x73,0x74,0x72,0x63,0x68,0x72,0x00,0x5f,0x5f,0x73,0x74,0x6f,
0x72,0x65,0x5f,0x74,0x65,0x73,0x74,0x5f,0x63,0x6f,0x76,0x65,0x72,0x61,0x67,0x65,
0x00,0x66,0x70,0x72,0x69,0x6e,0x74,0x66,0x00,0x66,0x73,0x65,0x65,0x6b,0x00,0x66,
0x6f,0x70,0x65,0x6e,0x00,0x66,0x63,0x6c,0x6f,0x73,0x65,0x00,0x66,0x72,0x65,0x65,
0x00,0x00,0x00,0x00,0x00,0x00,0x3c,0x00,0x00,0x00,0x00,0x00,0x00,0x00,0x04,0x00,
0x00,0x00,0x0a,0x00,0x00,0x00,0xfc,0xff,0xff,0xff,0xff,0xff,0xff,0xff,0x5a,0x00,
0x00,0x00,0x00,0x00,0x00,0x00,0x04,0x00,0x00,0x00,0x0b,0x00,0x00,0x00,0xfc,0xff,
0xff,0xff,0xff,0xff,0xff,0xff,0x83,0x00,0x00,0x00,0x00,0x00,0x00,0x00,0x04,0x00,
0x00,0x00,0x0c,0x00,0x00,0x00,0xfc,0xff,0xff,0xff,0xff,0xff,0xff,0xff,0x8c,0x00,
0x00,0x00,0x00,0x00,0x00,0x00,0x04,0x00,0x00,0x00,0x0d,0x00,0x00,0x00,0xfc,0xff,
0xff,0xff,0xff,0xff,0xff,0xff,0x9a,0x00,0x00,0x00,0x00,0x00,0x00,0x00,0x02,0x00,
0x00,0x00,0x03,0x00,0x00,0x00,0xfc,0xff,0xff,0xff,0xff,0xff,0xff,0xff,0xa7,0x00,
0x00,0x00,0x00,0x00,0x00,0x00,0x04,0x00,0x00,0x00,0x0e,0x00,0x00,0x00,0xfc,0xff,
0xff,0xff,0xff,0xff,0xff,0xff,0xbb,0x00,0x00,0x00,0x00,0x00,0x00,0x00,0x04,0x00,
0x00,0x00,0x0f,0x00,0x00,0x00,0xfc,0xff,0xff,0xff,0xff,0xff,0xff,0xff,0x37,0x02,
0x00,0x00,0x00,0x00,0x00,0x00,0x04,0x00,0x00,0x00,0x10,0x00,0x00,0x00,0xfc,0xff,
0xff,0xff,0xff,0xff,0xff,0xff,0x5b,0x02,0x00,0x00,0x00,0x00,0x00,0x00,0x04,0x00,
0x00,0x00,0x11,0x00,0x00,0x00,0xfc,0xff,0xff,0xff,0xff,0xff,0xff,0xff,0x8a,0x02,
0x00,0x00,0x00,0x00,0x00,0x00,0x04,0x00,0x00,0x00,0x12,0x00,0x00,0x00,0xfc,0xff,
0xff,0xff,0xff,0xff,0xff,0xff,0x9c,0x02,0x00,0x00,0x00,0x00,0x00,0x00,0x2a,0x00,
0x00,0x00,0x14,0x00,0x00,0x00,0xfc,0xff,0xff,0xff,0xff,0xff,0xff,0xff,0xa6,0x02,
0x00,0x00,0x00,0x00,0x00,0x00,0x02,0x00,0x00,0x00,0x03,0x00,0x00,0x00,0xff,0xff,
0xff,0xff,0xff,0xff,0xff,0xff,0xb8,0x02,0x00,0x00,0x00,0x00,0x00,0x00,0x04,0x00,
0x00,0x00,0x15,0x00,0x00,0x00,0xfc,0xff,0xff,0xff,0xff,0xff,0xff,0xff,0x5f,0x03,
0x00,0x00,0x00,0x00,0x00,0x00,0x04,0x00,0x00,0x00,0x10,0x00,0x00,0x00,0xfc,0xff,
0xff,0xff,0xff,0xff,0xff,0xff,0xae,0x03,0x00,0x00,0x00,0x00,0x00,0x00,0x04,0x00,
0x00,0x00,0x11,0x00,0x00,0x00,0xfc,0xff,0xff,0xff,0xff,0xff,0xff,0xff,0x35,0x04,
0x00,0x00,0x00,0x00,0x00,0x00,0x04,0x00,0x00,0x00,0x16,0x00,0x00,0x00,0xfc,0xff,
0xff,0xff,0xff,0xff,0xff,0xff,0x51,0x04,0x00,0x00,0x00,0x00,0x00,0x00,0x2a,0x00,
0x00,0x00,0x14,0x00,0x00,0x00,0xfc,0xff,0xff,0xff,0xff,0xff,0xff,0xff,0x5b,0x04,
0x00,0x00,0x00,0x00,0x00,0x00,0x02,0x00,0x00,0x00,0x03,0x00,0x00,0x00,0x1b,0x00,
0x00,0x00,0x00,0x00,0x00,0x00,0x6d,0x04,0x00,0x00,0x00,0x00,0x00,0x00,0x04,0x00,
0x00,0x00,0x15,0x00,0x00,0x00,0xfc,0xff,0xff,0xff,0xff,0xff,0xff,0xff,0x49,0x05,
0x00,0x00,0x00,0x00,0x00,0x00,0x04,0x00,0x00,0x00,0x16,0x00,0x00,0x00,0xfc,0xff,
0xff,0xff,0xff,0xff,0xff,0xff,0x65,0x05,0x00,0x00,0x00,0x00,0x00,0x00,0x2a,0x00,
0x00,0x00,0x14,0x00,0x00,0x00,0xfc,0xff,0xff,0xff,0xff,0xff,0xff,0xff,0x6f,0x05,
0x00,0x00,0x00,0x00,0x00,0x00,0x02,0x00,0x00,0x00,0x03,0x00,0x00,0x00,0x1b,0x00,
0x00,0x00,0x00,0x00,0x00,0x00,0x81,0x05,0x00,0x00,0x00,0x00,0x00,0x00,0x04,0x00,
0x00,0x00,0x15,0x00,0x00,0x00,0xfc,0xff,0xff,0xff,0xff,0xff,0xff,0xff,0x79,0x06,
0x00,0x00,0x00,0x00,0x00,0x00,0x04,0x00,0x00,0x00,0x17,0x00,0x00,0x00,0xfc,0xff,
0xff,0xff,0xff,0xff,0xff,0xff,0xc3,0x06,0x00,0x00,0x00,0x00,0x00,0x00,0x04,0x00,
0x00,0x00,0x17,0x00,0x00,0x00,0xfc,0xff,0xff,0xff,0xff,0xff,0xff,0xff,0x73,0x07,
0x00,0x00,0x00,0x00,0x00,0x00,0x04,0x00,0x00,0x00,0x18,0x00,0x00,0x00,0xfc,0xff,
0xff,0xff,0xff,0xff,0xff,0xff,0x90,0x07,0x00,0x00,0x00,0x00,0x00,0x00,0x04,0x00,
0x00,0x00,0x19,0x00,0x00,0x00,0xfc,0xff,0xff,0xff,0xff,0xff,0xff,0xff,0xbe,0x07,
0x00,0x00,0x00,0x00,0x00,0x00,0x02,0x00,0x00,0x00,0x03,0x00,0x00,0x00,0x38,0x00,
0x00,0x00,0x00,0x00,0x00,0x00,0xce,0x07,0x00,0x00,0x00,0x00,0x00,0x00,0x04,0x00,
0x00,0x00,0x1a,0x00,0x00,0x00,0xfc,0xff,0xff,0xff,0xff,0xff,0xff,0xff,0x00,0x08,
0x00,0x00,0x00,0x00,0x00,0x00,0x04,0x00,0x00,0x00,0x10,0x00,0x00,0x00,0xfc,0xff,
0xff,0xff,0xff,0xff,0xff,0xff,0x23,0x08,0x00,0x00,0x00,0x00,0x00,0x00,0x04,0x00,
0x00,0x00,0x18,0x00,0x00,0x00,0xfc,0xff,0xff,0xff,0xff,0xff,0xff,0xff,0x2f,0x08,
0x00,0x00,0x00,0x00,0x00,0x00,0x02,0x00,0x00,0x00,0x03,0x00,0x00,0x00,0x3b,0x00,
0x00,0x00,0x00,0x00,0x00,0x00,0x41,0x08,0x00,0x00,0x00,0x00,0x00,0x00,0x04,0x00,
0x00,0x00,0x1b,0x00,0x00,0x00,0xfc,0xff,0xff,0xff,0xff,0xff,0xff,0xff,0x59,0x08,
0x00,0x00,0x00,0x00,0x00,0x00,0x02,0x00,0x00,0x00,0x03,0x00,0x00,0x00,0x3b,0x00,
0x00,0x00,0x00,0x00,0x00,0x00,0x6b,0x08,0x00,0x00,0x00,0x00,0x00,0x00,0x04,0x00,
0x00,0x00,0x1b,0x00,0x00,0x00,0xfc,0xff,0xff,0xff,0xff,0xff,0xff,0xff,0xa7,0x08,
0x00,0x00,0x00,0x00,0x00,0x00,0x04,0x00,0x00,0x00,0x1c,0x00,0x00,0x00,0xfc,0xff,
0xff,0xff,0xff,0xff,0xff,0xff,0x6a,0x09,0x00,0x00,0x00,0x00,0x00,0x00,0x04,0x00,
0x00,0x00,0x1d,0x00,0x00,0x00,0xfc,0xff,0xff,0xff,0xff,0xff,0xff,0xff,0x94,0x09,
0x00,0x00,0x00,0x00,0x00,0x00,0x02,0x00,0x00,0x00,0x03,0x00,0x00,0x00,0x38,0x00,
0x00,0x00,0x00,0x00,0x00,0x00,0xa4,0x09,0x00,0x00,0x00,0x00,0x00,0x00,0x04,0x00,
0x00,0x00,0x1a,0x00,0x00,0x00,0xfc,0xff,0xff,0xff,0xff,0xff,0xff,0xff,0xde,0x09,
0x00,0x00,0x00,0x00,0x00,0x00,0x04,0x00,0x00,0x00,0x18,0x00,0x00,0x00,0xfc,0xff,
0xff,0xff,0xff,0xff,0xff,0xff,0xfc,0x09,0x00,0x00,0x00,0x00,0x00,0x00,0x02,0x00,
0x00,0x00,0x03,0x00,0x00,0x00,0x43,0x00,0x00,0x00,0x00,0x00,0x00,0x00,0x10,0x0a,
0x00,0x00,0x00,0x00,0x00,0x00,0x04,0x00,0x00,0x00,0x1a,0x00,0x00,0x00,0xfc,0xff,
0xff,0xff,0xff,0xff,0xff,0xff,0xc8,0x0a,0x00,0x00,0x00,0x00,0x00,0x00,0x04,0x00,
0x00,0x00,0x0f,0x00,0x00,0x00,0xfc,0xff,0xff,0xff,0xff,0xff,0xff,0xff,0x53,0x0b,
0x00,0x00,0x00,0x00,0x00,0x00,0x2a,0x00,0x00,0x00,0x14,0x00,0x00,0x00,0xfc,0xff,
0xff,0xff,0xff,0xff,0xff,0xff,0x64,0x0b,0x00,0x00,0x00,0x00,0x00,0x00,0x02,0x00,
0x00,0x00,0x03,0x00,0x00,0x00,0x4c,0x00,0x00,0x00,0x00,0x00,0x00,0x00,0x74,0x0b,
0x00,0x00,0x00,0x00,0x00,0x00,0x04,0x00,0x00,0x00,0x1f,0x00,0x00,0x00,0xfc,0xff,
0xff,0xff,0xff,0xff,0xff,0xff,0xc8,0x0b,0x00,0x00,0x00,0x00,0x00,0x00,0x04,0x00,
0x00,0x00,0x20,0x00,0x00,0x00,0xfc,0xff,0xff,0xff,0xff,0xff,0xff,0xff,0xd5,0x0b,
0x00,0x00,0x00,0x00,0x00,0x00,0x02,0x00,0x00,0x00,0x03,0x00,0x00,0x00,0x6d,0x00,
0x00,0x00,0x00,0x00,0x00,0x00,0xec,0x0b,0x00,0x00,0x00,0x00,0x00,0x00,0x04,0x00,
0x00,0x00,0x1f,0x00,0x00,0x00,0xfc,0xff,0xff,0xff,0xff,0xff,0xff,0xff,0x4b,0x0d,
0x00,0x00,0x00,0x00,0x00,0x00,0x02,0x00,0x00,0x00,0x03,0x00,0x00,0x00,0x5c,0x01,
0x00,0x00,0x00,0x00,0x00,0x00,0xa2,0x0d,0x00,0x00,0x00,0x00,0x00,0x00,0x02,0x00,
0x00,0x00,0x03,0x00,0x00,0x00,0x8c,0x00,0x00,0x00,0x00,0x00,0x00,0x00,0xbe,0x0d,
0x00,0x00,0x00,0x00,0x00,0x00,0x04,0x00,0x00,0x00,0x1f,0x00,0x00,0x00,0xfc,0xff,
0xff,0xff,0xff,0xff,0xff,0xff,0xe2,0x0d,0x00,0x00,0x00,0x00,0x00,0x00,0x02,0x00,
0x00,0x00,0x03,0x00,0x00,0x00,0xc2,0x00,0x00,0x00,0x00,0x00,0x00,0x00,0xed,0x0d,
0x00,0x00,0x00,0x00,0x00,0x00,0x04,0x00,0x00,0x00,0x21,0x00,0x00,0x00,0xfc,0xff,
0xff,0xff,0xff,0xff,0xff,0xff,0x27,0x0f,0x00,0x00,0x00,0x00,0x00,0x00,0x02,0x00,
0x00,0x00,0x03,0x00,0x00,0x00,0x5c,0x01,0x00,0x00,0x00,0x00,0x00,0x00,0x7a,0x0f,
0x00,0x00,0x00,0x00,0x00,0x00,0x02,0x00,0x00,0x00,0x03,0x00,0x00,0x00,0xc4,0x00,
0x00,0x00,0x00,0x00,0x00,0x00,0x96,0x0f,0x00,0x00,0x00,0x00,0x00,0x00,0x04,0x00,
0x00,0x00,0x1f,0x00,0x00,0x00,0xfc,0xff,0xff,0xff,0xff,0xff,0xff,0xff,0xe6,0x0f,
0x00,0x00,0x00,0x00,0x00,0x00,0x02,0x00,0x00,0x00,0x03,0x00,0x00,0x00,0xf2,0x00,
0x00,0x00,0x00,0x00,0x00,0x00,0xfc,0x0f,0x00,0x00,0x00,0x00,0x00,0x00,0x04,0x00,
0x00,0x00,0x1f,0x00,0x00,0x00,0xfc,0xff,0xff,0xff,0xff,0xff,0xff,0xff,0x29,0x10,
0x00,0x00,0x00,0x00,0x00,0x00,0x04,0x00,0x00,0x00,0x18,0x00,0x00,0x00,0xfc,0xff,
0xff,0xff,0xff,0xff,0xff,0xff,0xe8,0x10,0x00,0x00,0x00,0x00,0x00,0x00,0x02,0x00,
0x00,0x00,0x03,0x00,0x00,0x00,0x5c,0x01,0x00,0x00,0x00,0x00,0x00,0x00,0x35,0x11,
0x00,0x00,0x00,0x00,0x00,0x00,0x02,0x00,0x00,0x00,0x03,0x00,0x00,0x00,0x04,0x01,
0x00,0x00,0x00,0x00,0x00,0x00,0x4e,0x11,0x00,0x00,0x00,0x00,0x00,0x00,0x04,0x00,
0x00,0x00,0x1f,0x00,0x00,0x00,0xfc,0xff,0xff,0xff,0xff,0xff,0xff,0xff,0x1c,0x13,
0x00,0x00,0x00,0x00,0x00,0x00,0x02,0x00,0x00,0x00,0x03,0x00,0x00,0x00,0xf2,0x00,
0x00,0x00,0x00,0x00,0x00,0x00,0x32,0x13,0x00,0x00,0x00,0x00,0x00,0x00,0x04,0x00,
0x00,0x00,0x1f,0x00,0x00,0x00,0xfc,0xff,0xff,0xff,0xff,0xff,0xff,0xff,0x5f,0x13,
0x00,0x00,0x00,0x00,0x00,0x00,0x04,0x00,0x00,0x00,0x18,0x00,0x00,0x00,0xfc,0xff,
0xff,0xff,0xff,0xff,0xff,0xff,0x87,0x13,0x00,0x00,0x00,0x00,0x00,0x00,0x02,0x00,
0x00,0x00,0x03,0x00,0x00,0x00,0x29,0x01,0x00,0x00,0x00,0x00,0x00,0x00,0x9b,0x13,
0x00,0x00,0x00,0x00,0x00,0x00,0x04,0x00,0x00,0x00,0x1f,0x00,0x00,0x00,0xfc,0xff,
0xff,0xff,0xff,0xff,0xff,0xff,0xc1,0x13,0x00,0x00,0x00,0x00,0x00,0x00,0x02,0x00,
0x00,0x00,0x03,0x00,0x00,0x00,0x3a,0x01,0x00,0x00,0x00,0x00,0x00,0x00,0xd8,0x13,
0x00,0x00,0x00,0x00,0x00,0x00,0x04,0x00,0x00,0x00,0x1f,0x00,0x00,0x00,0xfc,0xff,
0xff,0xff,0xff,0xff,0xff,0xff,0xf5,0x13,0x00,0x00,0x00,0x00,0x00,0x00,0x02,0x00,
0x00,0x00,0x03,0x00,0x00,0x00,0x48,0x01,0x00,0x00,0x00,0x00,0x00,0x00,0x0c,0x14,
0x00,0x00,0x00,0x00,0x00,0x00,0x04,0x00,0x00,0x00,0x1f,0x00,0x00,0x00,0xfc,0xff,
0xff,0xff,0xff,0xff,0xff,0xff,0x3c,0x14,0x00,0x00,0x00,0x00,0x00,0x00,0x04,0x00,
0x00,0x00,0x18,0x00,0x00,0x00,0xfc,0xff,0xff,0xff,0xff,0xff,0xff,0xff,0x9b,0x14,
0x00,0x00,0x00,0x00,0x00,0x00,0x02,0x00,0x00,0x00,0x03,0x00,0x00,0x00,0xf2,0x00,
0x00,0x00,0x00,0x00,0x00,0x00,0xb1,0x14,0x00,0x00,0x00,0x00,0x00,0x00,0x04,0x00,
0x00,0x00,0x1f,0x00,0x00,0x00,0xfc,0xff,0xff,0xff,0xff,0xff,0xff,0xff,0xcc,0x14,
0x00,0x00,0x00,0x00,0x00,0x00,0x04,0x00,0x00,0x00,0x18,0x00,0x00,0x00,0xfc,0xff,
0xff,0xff,0xff,0xff,0xff,0xff,0xe0,0x14,0x00,0x00,0x00,0x00,0x00,0x00,0x04,0x00,
0x00,0x00,0x22,0x00,0x00,0x00,0xfc,0xff,0xff,0xff,0xff,0xff,0xff,0xff,0x49,0x15,
0x00,0x00,0x00,0x00,0x00,0x00,0x04,0x00,0x00,0x00,0x23,0x00,0x00,0x00,0xfc,0xff,
0xff,0xff,0xff,0xff,0xff,0xff,0x77,0x15,0x00,0x00,0x00,0x00,0x00,0x00,0x04,0x00,
0x00,0x00,0x23,0x00,0x00,0x00,0xfc,0xff,0xff,0xff,0xff,0xff,0xff,0xff,0xa6,0x15,
0x00,0x00,0x00,0x00,0x00,0x00,0x04,0x00,0x00,0x00,0x23,0x00,0x00,0x00,0xfc,0xff,
0xff,0xff,0xff,0xff,0xff,0xff,0xc3,0x15,0x00,0x00,0x00,0x00,0x00,0x00,0x04,0x00,
0x00,0x00,0x22,0x00,0x00,0x00,0xfc,0xff,0xff,0xff,0xff,0xff,0xff,0xff,0xd7,0x15,
0x00,0x00,0x00,0x00,0x00,0x00,0x04,0x00,0x00,0x00,0x0f,0x00,0x00,0x00,0xfc,0xff,
0xff,0xff,0xff,0xff,0xff,0xff,0x20,0x00,0x00,0x00,0x00,0x00,0x00,0x00,0x02,0x00,
0x00,0x00,0x02,0x00,0x00,0x00,0x00,0x00,0x00,0x00,0x00,0x00,0x00,0x00,0x40,0x00,
0x00,0x00,0x00,0x00,0x00,0x00,0x02,0x00,0x00,0x00,0x02,0x00,0x00,0x00,0xc1,0x00,
0x00,0x00,0x00,0x00,0x00,0x00,0x60,0x00,0x00,0x00,0x00,0x00,0x00,0x00,0x02,0x00,
0x00,0x00,0x02,0x00,0x00,0x00,0x17,0x01,0x00,0x00,0x00,0x00,0x00,0x00,0x80,0x00,
0x00,0x00,0x00,0x00,0x00,0x00,0x02,0x00,0x00,0x00,0x02,0x00,0x00,0x00,0x70,0x01,
0x00,0x00,0x00,0x00,0x00,0x00,0xa0,0x00,0x00,0x00,0x00,0x00,0x00,0x00,0x02,0x00,
0x00,0x00,0x02,0x00,0x00,0x00,0xfd,0x01,0x00,0x00,0x00,0x00,0x00,0x00,0xc0,0x00,
0x00,0x00,0x00,0x00,0x00,0x00,0x02,0x00,0x00,0x00,0x02,0x00,0x00,0x00,0xf6,0x06,
0x00,0x00,0x00,0x00,0x00,0x00,0xe0,0x00,0x00,0x00,0x00,0x00,0x00,0x00,0x02,0x00,
0x00,0x00,0x02,0x00,0x00,0x00,0xce,0x0a,0x00,0x00,0x00,0x00,0x00,0x00,0x00,0x2e,
0x73,0x79,0x6d,0x74,0x61,0x62,0x00,0x2e,0x73,0x74,0x72,0x74,0x61,0x62,0x00,0x2e,
0x73,0x68,0x73,0x74,0x72,0x74,0x61,0x62,0x00,0x2e,0x72,0x65,0x6c,0x61,0x2e,0x74,
0x65,0x78,0x74,0x00,0x2e,0x64,0x61,0x74,0x61,0x00,0x2e,0x62,0x73,0x73,0x00,0x2e,
0x72,0x6f,0x64,0x61,0x74,0x61,0x00,0x2e,0x63,0x6f,0x6d,0x6d,0x65,0x6e,0x74,0x00,
0x2e,0x6e,0x6f,0x74,0x65,0x2e,0x47,0x4e,0x55,0x2d,0x73,0x74,0x61,0x63,0x6b,0x00,
0x2e,0x6e,0x6f,0x74,0x65,0x2e,0x67,0x6e,0x75,0x2e,0x70,0x72,0x6f,0x70,0x65,0x72,
0x74,0x79,0x00,0x2e,0x72,0x65,0x6c,0x61,0x2e,0x65,0x68,0x5f,0x66,0x72,0x61,0x6d,
0x65,0x00,0x00,0x00,0x00,0x00,0x00,0x00,0x00,0x00,0x00,0x00,0x00,0x00,0x00,0x00,
0x00,0x00,0x00,0x00,0x00,0x00,0x00,0x00,0x00,0x00,0x00,0x00,0x00,0x00,0x00,0x00,
0x00,0x00,0x00,0x00,0x00,0x00,0x00,0x00,0x00,0x00,0x00,0x00,0x00,0x00,0x00,0x00,
0x00,0x00,0x00,0x00,0x00,0x00,0x00,0x00,0x00,0x00,0x00,0x00,0x00,0x00,0x00,0x00,
0x00,0x00,0x00,0x00,0x00,0x00,0x20,0x00,0x00,0x00,0x01,0x00,0x00,0x00,0x06,0x00,
0x00,0x00,0x00,0x00,0x00,0x00,0x00,0x00,0x00,0x00,0x00,0x00,0x00,0x00,0x40,0x00,
0x00,0x00,0x00,0x00,0x00,0x00,0xdd,0x15,0x00,0x00,0x00,0x00,0x00,0x00,0x00,0x00,
0x00,0x00,0x00,0x00,0x00,0x00,0x01,0x00,0x00,0x00,0x00,0x00,0x00,0x00,0x00,0x00,
0x00,0x00,0x00,0x00,0x00,0x00,0x1b,0x00,0x00,0x00,0x04,0x00,0x00,0x00,0x40,0x00,
0x00,0x00,0x00,0x00,0x00,0x00,0x00,0x00,0x00,0x00,0x00,0x00,0x00,0x00,0x98,0x1d,
0x00,0x00,0x00,0x00,0x00,0x00,0xb0,0x07,0x00,0x00,0x00,0x00,0x00,0x00,0x0b,0x00,
0x00,0x00,0x01,0x00,0x00,0x00,0x08,0x00,0x00,0x00,0x00,0x00,0x00,0x00,0x18,0x00,
0x00,0x00,0x00,0x00,0x00,0x00,0x26,0x00,0x00,0x00,0x01,0x00,0x00,0x00,0x03,0x00,
0x00,0x00,0x00,0x00,0x00,0x00,0x00,0x00,0x00,0x00,0x00,0x00,0x00,0x00,0x1d,0x16,
0x00,0x00,0x00,0x00,0x00,0x00,0x00,0x00,0x00,0x00,0x00,0x00,0x00,0x00,0x00,0x00,
0x00,0x00,0x00,0x00,0x00,0x00,0x01,0x00,0x00,0x00,0x00,0x00,0x00,0x00,0x00,0x00,
0x00,0x00,0x00,0x00,0x00,0x00,0x2c,0x00,0x00,0x00,0x08,0x00,0x00,0x00,0x03,0x00,
0x00,0x00,0x00,0x00,0x00,0x00,0x00,0x00,0x00,0x00,0x00,0x00,0x00,0x00,0x1d,0x16,
0x00,0x00,0x00,0x00,0x00,0x00,0x00,0x00,0x00,0x00,0x00,0x00,0x00,0x00,0x00,0x00,
0x00,0x00,0x00,0x00,0x00,0x00,0x01,0x00,0x00,0x00,0x00,0x00,0x00,0x00,0x00,0x00,
0x00,0x00,0x00,0x00,0x00,0x00,0x31,0x00,0x00,0x00,0x01,0x00,0x00,0x00,0x02,0x00,
0x00,0x00,0x00,0x00,0x00,0x00,0x00,0x00,0x00,0x00,0x00,0x00,0x00,0x00,0x20,0x16,
0x00,0x00,0x00,0x00,0x00,0x00,0x68,0x01,0x00,0x00,0x00,0x00,0x00,0x00,0x00,0x00,
0x00,0x00,0x00,0x00,0x00,0x00,0x08,0x00,0x00,0x00,0x00,0x00,0x00,0x00,0x00,0x00,
0x00,0x00,0x00,0x00,0x00,0x00,0x39,0x00,0x00,0x00,0x01,0x00,0x00,0x00,0x30,0x00,
0x00,0x00,0x00,0x00,0x00,0x00,0x00,0x00,0x00,0x00,0x00,0x00,0x00,0x00,0x88,0x17,
0x00,0x00,0x00,0x00,0x00,0x00,0x20,0x00,0x00,0x00,0x00,0x00,0x00,0x00,0x00,0x00,
0x00,0x00,0x00,0x00,0x00,0x00,0x01,0x00,0x00,0x00,0x00,0x00,0x00,0x00,0x01,0x00,
0x00,0x00,0x00,0x00,0x00,0x00,0x42,0x00,0x00,0x00,0x01,0x00,0x00,0x00,0x00,0x00,
0x00,0x00,0x00,0x00,0x00,0x00,0x00,0x00,0x00,0x00,0x00,0x00,0x00,0x00,0xa8,0x17,
0x00,0x00,0x00,0x00,0x00,0x00,0x00,0x00,0x00,0x00,0x00,0x00,0x00,0x00,0x00,0x00,
0x00,0x00,0x00,0x00,0x00,0x00,0x01,0x00,0x00,0x00,0x00,0x00,0x00,0x00,0x00,0x00,
0x00,0x00,0x00,0x00,0x00,0x00,0x52,0x00,0x00,0x00,0x07,0x00,0x00,0x00,0x02,0x00,
0x00,0x00,0x00,0x00,0x00,0x00,0x00,0x00,0x00,0x00,0x00,0x00,0x00,0x00,0xa8,0x17,
0x00,0x00,0x00,0x00,0x00,0x00,0x50,0x00,0x00,0x00,0x00,0x00,0x00,0x00,0x00,0x00,
0x00,0x00,0x00,0x00,0x00,0x00,0x08,0x00,0x00,0x00,0x00,0x00,0x00,0x00,0x00,0x00,
0x00,0x00,0x00,0x00,0x00,0x00,0x6a,0x00,0x00,0x00,0x01,0x00,0x00,0x00,0x02,0x00,
0x00,0x00,0x00,0x00,0x00,0x00,0x00,0x00,0x00,0x00,0x00,0x00,0x00,0x00,0xf8,0x17,
0x00,0x00,0x00,0x00,0x00,0x00,0xf8,0x00,0x00,0x00,0x00,0x00,0x00,0x00,0x00,0x00,
0x00,0x00,0x00,0x00,0x00,0x00,0x08,0x00,0x00,0x00,0x00,0x00,0x00,0x00,0x00,0x00,
0x00,0x00,0x00,0x00,0x00,0x00,0x65,0x00,0x00,0x00,0x04,0x00,0x00,0x00,0x40,0x00,
0x00,0x00,0x00,0x00,0x00,0x00,0x00,0x00,0x00,0x00,0x00,0x00,0x00,0x00,0x48,0x25,
0x00,0x00,0x00,0x00,0x00,0x00,0xa8,0x00,0x00,0x00,0x00,0x00,0x00,0x00,0x0b,0x00,
0x00,0x00,0x09,0x00,0x00,0x00,0x08,0x00,0x00,0x00,0x00,0x00,0x00,0x00,0x18,0x00,
0x00,0x00,0x00,0x00,0x00,0x00,0x01,0x00,0x00,0x00,0x02,0x00,0x00,0x00,0x00,0x00,
0x00,0x00,0x00,0x00,0x00,0x00,0x00,0x00,0x00,0x00,0x00,0x00,0x00,0x00,0xf0,0x18,
0x00,0x00,0x00,0x00,0x00,0x00,0x60,0x03,0x00,0x00,0x00,0x00,0x00,0x00,0x0c,0x00,
0x00,0x00,0x0a,0x00,0x00,0x00,0x08,0x00,0x00,0x00,0x00,0x00,0x00,0x00,0x18,0x00,
0x00,0x00,0x00,0x00,0x00,0x00,0x09,0x00,0x00,0x00,0x03,0x00,0x00,0x00,0x00,0x00,
0x00,0x00,0x00,0x00,0x00,0x00,0x00,0x00,0x00,0x00,0x00,0x00,0x00,0x00,0x50,0x1c,
0x00,0x00,0x00,0x00,0x00,0x00,0x43,0x01,0x00,0x00,0x00,0x00,0x00,0x00,0x00,0x00,
0x00,0x00,0x00,0x00,0x00,0x00,0x01,0x00,0x00,0x00,0x00,0x00,0x00,0x00,0x00,0x00,
0x00,0x00,0x00,0x00,0x00,0x00,0x11,0x00,0x00,0x00,0x03,0x00,0x00,0x00,0x00,0x00,
0x00,0x00,0x00,0x00,0x00,0x00,0x00,0x00,0x00,0x00,0x00,0x00,0x00,0x00,0xf0,0x25,
0x00,0x00,0x00,0x00,0x00,0x00,0x74,0x00,0x00,0x00,0x00,0x00,0x00,0x00,0x00,0x00,
0x00,0x00,0x00,0x00,0x00,0x00,0x01,0x00,0x00,0x00,0x00,0x00,0x00,0x00,0x00,0x00,
0x00,0x00,0x00,0x00,0x00,0x00,0x76,0x61,0x5f,0x6c,0x69,0x73,0x74,0x2e,0x6f,0x2f,
0x20,0x20,0x20,0x20,0x20,0x20,0x31,0x37,0x38,0x35,0x37,0x37,0x39,0x35,0x35,0x32,
0x20,0x20,0x31,0x30,0x30,0x30,0x20,0x20,0x31,0x30,0x30,0x30,0x20,0x20,0x31,0x30,
0x30,0x36,0x34,0x34,0x20,0x20,0x31,0x38,0x31,0x36,0x20,0x20,0x20,0x20,0x20,0x20,
0x60,0x0a,0x7f,0x45,0x4c,0x46,0x02,0x01,0x01,0x00,0x00,0x00,0x00,0x00,0x00,0x00,
0x00,0x00,0x01,0x00,0x3e,0x00,0x01,0x00,0x00,0x00,0x00,0x00,0x00,0x00,0x00,0x00,
0x00,0x00,0x00,0x00,0x00,0x00,0x00,0x00,0x00,0x00,0xd8,0x03,0x00,0x00,0x00,0x00,
0x00,0x00,0x00,0x00,0x00,0x00,0x40,0x00,0x00,0x00,0x00,0x00,0x40,0x00,0x0d,0x00,
0x0c,0x00,0xf3,0x0f,0x1e,0xfa,0x55,0x48,0x89,0xe5,0x48,0x83,0xec,0x20,0x48,0x89,
0x7d,0xf8,0x89,0x75,0xf4,0x89,0x55,0xf0,0x89,0x4d,0xec,0x8b,0x45,0xf0,0x83,0xc0,
0x07,0x83,0xe0,0xf8,0x89,0x45,0xf0,0x8b,0x45,0xec,0x83,0xc0,0x07,0x83,0xe0,0xf8,
0x89,0x45,0xec,0x8b,0x45,0xf4,0x83,0xf8,0x02,0x0f,0x84,0x13,0x01,0x00,0x00,0x83,
0xf8,0x02,0x0f,0x87,0x65,0x01,0x00,0x00,0x85,0xc0,0x74,0x0a,0x83,0xf8,0x01,0x74,
0x4b,0xe9,0x57,0x01,0x00,0x00,0x48,0x8b,0x45,0xf8,0x8b,0x10,0x8b,0x45,0xf0,0x01,
0xd0,0x83,0xf8,0x30,0x0f,0x87,0xe4,0x00,0x00,0x00,0x48,0x8b,0x45,0xf8,0x8b,0x10,
0x8b,0x45,0xf0,0x01,0xc2,0x48,0x8b,0x45,0xf8,0x89,0x10,0x48,0x8b,0x45,0xf8,0x48,
0x8b,0x50,0x10,0x48,0x8b,0x45,0xf8,0x8b,0x00,0x89,0xc1,0x8b,0x45,0xf0,0x48,0x98,
0x48,0x29,0xc1,0x48,0x8d,0x04,0x0a,0xe9,0x16,0x01,0x00,0x00,0x48,0x8b,0x45,0xf8,
0x8b,0x40,0x04,0x3d,0xaf,0x00,0x00,0x00,0x0f,0x87,0xa3,0x00,0x00,0x00,0x48,0x8b,
0x45,0xf8,0x8b,0x40,0x04,0x8d,0x50,0x10,0x48,0x8b,0x45,0xf8,0x89,0x50,0x04,0x83,
0x7d,0xf0,0x08,0x75,0x1d,0x48,0x8b,0x45,0xf8,0x48,0x8b,0x50,0x10,0x48,0x8b,0x45,
0xf8,0x8b,0x40,0x04,0x89,0xc0,0x48,0x83,0xe8,0x10,0x48,0x01,0xd0,0xe9,0xd0,0x00,
0x00,0x00,0x48,0x8b,0x45,0xf8,0x8b,0x40,0x04,0x3d,0xaf,0x00,0x00,0x00,0x77,0x61,
0x48,0x8b,0x45,0xf8,0x48,0x8b,0x50,0x10,0x48,0x8b,0x45,0xf8,0x8b,0x40,0x04,0x89,
0xc0,0x48,0x8d,0x0c,0x02,0x48,0x8b,0x45,0xf8,0x48,0x8b,0x50,0x10,0x48,0x8b,0x45,
0xf8,0x8b,0x40,0x04,0x89,0xc0,0x48,0x83,0xe8,0x08,0x48,0x01,0xc2,0x48,0x8b,0x01,
0x48,0x89,0x02,0x48,0x8b,0x45,0xf8,0x8b,0x40,0x04,0x8d,0x50,0x10,0x48,0x8b,0x45,
0xf8,0x89,0x50,0x04,0x48,0x8b,0x45,0xf8,0x48,0x8b,0x50,0x10,0x48,0x8b,0x45,0xf8,
0x8b,0x40,0x04,0x89,0xc0,0x48,0x83,0xe8,0x20,0x48,0x01,0xd0,0xeb,0x64,0x90,0xeb,
0x01,0x90,0x48,0x8b,0x45,0xf8,0x48,0x8b,0x50,0x08,0x8b,0x45,0xf0,0x48,0x98,0x48,
0x01,0xc2,0x48,0x8b,0x45,0xf8,0x48,0x89,0x50,0x08,0x48,0x8b,0x45,0xf8,0x48,0x8b,
0x40,0x08,0x8b,0x55,0xec,0x48,0x63,0xd2,0x48,0x83,0xea,0x01,0x48,0x01,0xd0,0x48,
0x89,0xc2,0x8b,0x45,0xec,0xf7,0xd8,0x48,0x98,0x48,0x21,0xd0,0x48,0x89,0xc2,0x48,
0x8b,0x45,0xf8,0x48,0x89,0x50,0x08,0x48,0x8b,0x45,0xf8,0x48,0x8b,0x40,0x08,0x8b,
0x55,0xf0,0x48,0x63,0xd2,0x48,0xf7,0xda,0x48,0x01,0xd0,0xeb,0x05,0xe8,0x00,0x00,
0x00,0x00,0xc9,0xc3,0x00,0x47,0x43,0x43,0x3a,0x20,0x28,0x47,0x65,0x6e,0x74,0x6f,
0x6f,0x20,0x31,0x35,0x2e,0x33,0x2e,0x30,0x20,0x70,0x38,0x29,0x20,0x31,0x35,0x2e,
0x33,0x2e,0x30,0x00,0x00,0x00,0x00,0x00,0x00,0x00,0x04,0x00,0x00,0x00,0x10,0x00,
0x00,0x00,0x05,0x00,0x00,0x00,0x47,0x4e,0x55,0x00,0x02,0x00,0x00,0xc0,0x04,0x00,
0x00,0x00,0x03,0x00,0x00,0x00,0x00,0x00,0x00,0x00,0x04,0x00,0x00,0x00,0x20,0x00,
0x00,0x00,0x05,0x00,0x00,0x00,0x47,0x4e,0x55,0x00,0x02,0x00,0x01,0xc0,0x04,0x00,
0x00,0x00,0x01,0x00,0x00,0x00,0x00,0x00,0x00,0x00,0x01,0x00,0x01,0xc0,0x04,0x00,
0x00,0x00,0x01,0x00,0x00,0x00,0x00,0x00,0x00,0x00,0x14,0x00,0x00,0x00,0x00,0x00,
0x00,0x00,0x01,0x7a,0x52,0x00,0x01,0x78,0x10,0x01,0x1b,0x0c,0x07,0x08,0x90,0x01,
0x00,0x00,0x1c,0x00,0x00,0x00,0x1c,0x00,0x00,0x00,0x00,0x00,0x00,0x00,0xb2,0x01,
0x00,0x00,0x00,0x45,0x0e,0x10,0x86,0x02,0x43,0x0d,0x06,0x03,0xa9,0x01,0x0c,0x07,
0x08,0x00,0x00,0x00,0x00,0x00,0x00,0x00,0x00,0x00,0x00,0x00,0x00,0x00,0x00,0x00,
0x00,0x00,0x00,0x00,0x00,0x00,0x00,0x00,0x00,0x00,0x01,0x00,0x00,0x00,0x04,0x00,
0xf1,0xff,0x00,0x00,0x00,0x00,0x00,0x00,0x00,0x00,0x00,0x00,0x00,0x00,0x00,0x00,
0x00,0x00,0x00,0x00,0x00,0x00,0x03,0x00,0x01,0x00,0x00,0x00,0x00,0x00,0x00,0x00,
0x00,0x00,0x00,0x00,0x00,0x00,0x00,0x00,0x00,0x00,0x0b,0x00,0x00,0x00,0x12,0x00,
0x01,0x00,0x00,0x00,0x00,0x00,0x00,0x00,0x00,0x00,0xb2,0x01,0x00,0x00,0x00,0x00,
0x00,0x00,0x14,0x00,0x00,0x00,0x10,0x00,0x00,0x00,0x00,0x00,0x00,0x00,0x00,0x00,
0x00,0x00,0x00,0x00,0x00,0x00,0x00,0x00,0x00,0x00,0x00,0x76,0x61,0x5f,0x6c,0x69,
0x73,0x74,0x2e,0x63,0x00,0x5f,0x5f,0x76,0x61,0x5f,0x61,0x72,0x67,0x00,0x61,0x62,
0x6f,0x72,0x74,0x00,0x00,0x00,0x00,0x00,0x00,0x00,0xac,0x01,0x00,0x00,0x00,0x00,
0x00,0x00,0x04,0x00,0x00,0x00,0x04,0x00,0x00,0x00,0xfc,0xff,0xff,0xff,0xff,0xff,
0xff,0xff,0x20,0x00,0x00,0x00,0x00,0x00,0x00,0x00,0x02,0x00,0x00,0x00,0x02,0x00,
0x00,0x00,0x00,0x00,0x00,0x00,0x00,0x00,0x00,0x00,0x00,0x2e,0x73,0x79,0x6d,0x74,
0x61,0x62,0x00,0x2e,0x73,0x74,0x72,0x74,0x61,0x62,0x00,0x2e,0x73,0x68,0x73,0x74,
0x72,0x74,0x61,0x62,0x00,0x2e,0x72,0x65,0x6c,0x61,0x2e,0x74,0x65,0x78,0x74,0x00,
0x2e,0x64,0x61,0x74,0x61,0x00,0x2e,0x62,0x73,0x73,0x00,0x2e,0x63,0x6f,0x6d,0x6d,
0x65,0x6e,0x74,0x00,0x2e,0x6e,0x6f,0x74,0x65,0x2e,0x47,0x4e,0x55,0x2d,0x73,0x74,
0x61,0x63,0x6b,0x00,0x2e,0x6e,0x6f,0x74,0x65,0x2e,0x67,0x6e,0x75,0x2e,0x70,0x72,
0x6f,0x70,0x65,0x72,0x74,0x79,0x00,0x2e,0x72,0x65,0x6c,0x61,0x2e,0x65,0x68,0x5f,
0x66,0x72,0x61,0x6d,0x65,0x00,0x00,0x00,0x00,0x00,0x00,0x00,0x00,0x00,0x00,0x00,
0x00,0x00,0x00,0x00,0x00,0x00,0x00,0x00,0x00,0x00,0x00,0x00,0x00,0x00,0x00,0x00,
0x00,0x00,0x00,0x00,0x00,0x00,0x00,0x00,0x00,0x00,0x00,0x00,0x00,0x00,0x00,0x00,
0x00,0x00,0x00,0x00,0x00,0x00,0x00,0x00,0x00,0x00,0x00,0x00,0x00,0x00,0x00,0x00,
0x00,0x00,0x00,0x00,0x00,0x00,0x00,0x00,0x00,0x00,0x20,0x00,0x00,0x00,0x01,0x00,
0x00,0x00,0x06,0x00,0x00,0x00,0x00,0x00,0x00,0x00,0x00,0x00,0x00,0x00,0x00,0x00,
0x00,0x00,0x40,0x00,0x00,0x00,0x00,0x00,0x00,0x00,0xb2,0x01,0x00,0x00,0x00,0x00,
0x00,0x00,0x00,0x00,0x00,0x00,0x00,0x00,0x00,0x00,0x01,0x00,0x00,0x00,0x00,0x00,
0x00,0x00,0x00,0x00,0x00,0x00,0x00,0x00,0x00,0x00,0x1b,0x00,0x00,0x00,0x04,0x00,
0x00,0x00,0x40,0x00,0x00,0x00,0x00,0x00,0x00,0x00,0x00,0x00,0x00,0x00,0x00,0x00,
0x00,0x00,0x38,0x03,0x00,0x00,0x00,0x00,0x00,0x00,0x18,0x00,0x00,0x00,0x00,0x00,
0x00,0x00,0x0a,0x00,0x00,0x00,0x01,0x00,0x00,0x00,0x08,0x00,0x00,0x00,0x00,0x00,
0x00,0x00,0x18,0x00,0x00,0x00,0x00,0x00,0x00,0x00,0x26,0x00,0x00,0x00,0x01,0x00,
0x00,0x00,0x03,0x00,0x00,0x00,0x00,0x00,0x00,0x00,0x00,0x00,0x00,0x00,0x00,0x00,
0x00,0x00,0xf2,0x01,0x00,0x00,0x00,0x00,0x00,0x00,0x00,0x00,0x00,0x00,0x00,0x00,
0x00,0x00,0x00,0x00,0x00,0x00,0x00,0x00,0x00,0x00,0x01,0x00,0x00,0x00,0x00,0x00,
0x00,0x00,0x00,0x00,0x00,0x00,0x00,0x00,0x00,0x00,0x2c,0x00,0x00,0x00,0x08,0x00,
0x00,0x00,0x03,0x00,0x00,0x00,0x00,0x00,0x00,0x00,0x00,0x00,0x00,0x00,0x00,0x00,
0x00,0x00,0xf2,0x01,0x00,0x00,0x00,0x00,0x00,0x00,0x00,0x00,0x00,0x00,0x00,0x00,
0x00,0x00,0x00,0x00,0x00,0x00,0x00,0x00,0x00,0x00,0x01,0x00,0x00,0x00,0x00,0x00,
0x00,0x00,0x00,0x00,0x00,0x00,0x00,0x00,0x00,0x00,0x31,0x00,0x00,0x00,0x01,0x00,
0x00,0x00,0x30,0x00,0x00,0x00,0x00,0x00,0x00,0x00,0x00,0x00,0x00,0x00,0x00,0x00,
0x00,0x00,0xf2,0x01,0x00,0x00,0x00,0x00,0x00,0x00,0x20,0x00,0x00,0x00,0x00,0x00,
0x00,0x00,0x00,0x00,0x00,0x00,0x00,0x00,0x00,0x00,0x01,0x00,0x00,0x00,0x00,0x00,
0x00,0x00,0x01,0x00,0x00,0x00,0x00,0x00,0x00,0x00,0x3a,0x00,0x00,0x00,0x01,0x00,
0x00,0x00,0x00,0x00,0x00,0x00,0x00,0x00,0x00,0x00,0x00,0x00,0x00,0x00,0x00,0x00,
0x00,0x00,0x12,0x02,0x00,0x00,0x00,0x00,0x00,0x00,0x00,0x00,0x00,0x00,0x00,0x00,
0x00,0x00,0x00,0x00,0x00,0x00,0x00,0x00,0x00,0x00,0x01,0x00,0x00,0x00,0x00,0x00,
0x00,0x00,0x00,0x00,0x00,0x00,0x00,0x00,0x00,0x00,0x4a,0x00,0x00,0x00,0x07,0x00,
0x00,0x00,0x02,0x00,0x00,0x00,0x00,0x00,0x00,0x00,0x00,0x00,0x00,0x00,0x00,0x00,
0x00,0x00,0x18,0x02,0x00,0x00,0x00,0x00,0x00,0x00,0x50,0x00,0x00,0x00,0x00,0x00,
0x00,0x00,0x00,0x00,0x00,0x00,0x00,0x00,0x00,0x00,0x08,0x00,0x00,0x00,0x00,0x00,
0x00,0x00,0x00,0x00,0x00,0x00,0x00,0x00,0x00,0x00,0x62,0x00,0x00,0x00,0x01,0x00,
0x00,0x00,0x02,0x00,0x00,0x00,0x00,0x00,0x00,0x00,0x00,0x00,0x00,0x00,0x00,0x00,
0x00,0x00,0x68,0x02,0x00,0x00,0x00,0x00,0x00,0x00,0x38,0x00,0x00,0x00,0x00,0x00,
0x00,0x00,0x00,0x00,0x00,0x00,0x00,0x00,0x00,0x00,0x08,0x00,0x00,0x00,0x00,0x00,
0x00,0x00,0x00,0x00,0x00,0x00,0x00,0x00,0x00,0x00,0x5d,0x00,0x00,0x00,0x04,0x00,
0x00,0x00,0x40,0x00,0x00,0x00,0x00,0x00,0x00,0x00,0x00,0x00,0x00,0x00,0x00,0x00,
0x00,0x00,0x50,0x03,0x00,0x00,0x00,0x00,0x00,0x00,0x18,0x00,0x00,0x00,0x00,0x00,
0x00,0x00,0x0a,0x00,0x00,0x00,0x08,0x00,0x00,0x00,0x08,0x00,0x00,0x00,0x00,0x00,
0x00,0x00,0x18,0x00,0x00,0x00,0x00,0x00,0x00,0x00,0x01,0x00,0x00,0x00,0x02,0x00,
0x00,0x00,0x00,0x00,0x00,0x00,0x00,0x00,0x00,0x00,0x00,0x00,0x00,0x00,0x00,0x00,
0x00,0x00,0xa0,0x02,0x00,0x00,0x00,0x00,0x00,0x00,0x78,0x00,0x00,0x00,0x00,0x00,
0x00,0x00,0x0b,0x00,0x00,0x00,0x03,0x00,0x00,0x00,0x08,0x00,0x00,0x00,0x00,0x00,
0x00,0x00,0x18,0x00,0x00,0x00,0x00,0x00,0x00,0x00,0x09,0x00,0x00,0x00,0x03,0x00,
0x00,0x00,0x00,0x00,0x00,0x00,0x00,0x00,0x00,0x00,0x00,0x00,0x00,0x00,0x00,0x00,
0x00,0x00,0x18,0x03,0x00,0x00,0x00,0x00,0x00,0x00,0x1a,0x00,0x00,0x00,0x00,0x00,
0x00,0x00,0x00,0x00,0x00,0x00,0x00,0x00,0x00,0x00,0x01,0x00,0x00,0x00,0x00,0x00,
0x00,0x00,0x00,0x00,0x00,0x00,0x00,0x00,0x00,0x00,0x11,0x00,0x00,0x00,0x03,0x00,
0x00,0x00,0x00,0x00,0x00,0x00,0x00,0x00,0x00,0x00,0x00,0x00,0x00,0x00,0x00,0x00,
0x00,0x00,0x68,0x03,0x00,0x00,0x00,0x00,0x00,0x00,0x6c,0x00,0x00,0x00,0x00,0x00,
0x00,0x00,0x00,0x00,0x00,0x00,0x00,0x00,0x00,0x00,0x01,0x00,0x00,0x00,0x00,0x00,
0x00,0x00,0x00,0x00,0x00,0x00,0x00,0x00,0x00,0x00,0x66,0x6c,0x6f,0x61,0x74,0x31,
0x32,0x38,0x2e,0x6f,0x2f,0x20,0x20,0x20,0x20,0x20,0x31,0x37,0x38,0x35,0x37,0x37,
0x39,0x35,0x35,0x32,0x20,0x20,0x31,0x30,0x30,0x30,0x20,0x20,0x31,0x30,0x30,0x30,
0x20,0x20,0x31,0x30,0x30,0x36,0x34,0x34,0x20,0x20,0x31,0x32,0x35,0x36,0x38,0x20,
0x20,0x20,0x20,0x20,0x60,0x0a,0x7f,0x45,0x4c,0x46,0x02,0x01,0x01,0x00,0x00,0x00,
0x00,0x00,0x00,0x00,0x00,0x00,0x01,0x00,0x3e,0x00,0x01,0x00,0x00,0x00,0x00,0x00,
0x00,0x00,0x00,0x00,0x00,0x00,0x00,0x00,0x00,0x00,0x00,0x00,0x00,0x00,0xd8,0x2d,
0x00,0x00,0x00,0x00,0x00,0x00,0x00,0x00,0x00,0x00,0x40,0x00,0x00,0x00,0x00,0x00,
0x40,0x00,0x0d,0x00,0x0c,0x00,0xf3,0x0f,0x1e,0xfa,0x55,0x48,0x89,0xe5,0x89,0x7d,
0xec,0x48,0xc7,0x45,0xf0,0x00,0x00,0x00,0x00,0x8b,0x45,0xec,0x48,0x98,0x48,0xc1,
0xe0,0x3f,0x48,0x89,0x45,0xf8,0x66,0x0f,0x6f,0x45,0xf0,0x5d,0xc3,0xf3,0x0f,0x1e,
0xfa,0x55,0x48,0x89,0xe5,0x89,0x7d,0xec,0x48,0xc7,0x45,0xf0,0x00,0x00,0x00,0x00,
0x8b,0x45,0xec,0x48,0x98,0x48,0xc1,0xe0,0x3f,0x48,0x89,0xc2,0x48,0xb8,0x00,0x00,
0x00,0x00,0x00,0x00,0xff,0x7f,0x48,0x09,0xd0,0x48,0x89,0x45,0xf8,0x66,0x0f,0x6f,
0x45,0xf0,0x5d,0xc3,0xf3,0x0f,0x1e,0xfa,0x55,0x48,0x89,0xe5,0x48,0xc7,0x45,0xf0,
0xff,0xff,0xff,0xff,0x48,0xb8,0xff,0xff,0xff,0xff,0xff,0xff,0xff,0x7f,0x48,0x89,
0x45,0xf8,0x66,0x0f,0x6f,0x45,0xf0,0x5d,0xc3,0xf3,0x0f,0x1e,0xfa,0x55,0x48,0x89,
0xe5,0x48,0x89,0x7d,0xe8,0x89,0x75,0xe4,0x48,0x89,0x55,0xd8,0x48,0x8b,0x45,0xd8,
0x48,0x8b,0x00,0x48,0x89,0x45,0xf0,0x48,0x8b,0x45,0xd8,0x48,0x8b,0x40,0x08,0x8b,
0x55,0xe4,0x48,0x63,0xd2,0x48,0xc1,0xe2,0x3f,0x48,0x09,0xc2,0x48,0xb8,0x00,0x00,
0x00,0x00,0x00,0x80,0xff,0x7f,0x48,0x09,0xd0,0x48,0x89,0x45,0xf8,0x66,0x0f,0x6f,
0x45,0xf0,0x48,0x8b,0x45,0xe8,0x0f,0x29,0x00,0xb8,0x01,0x00,0x00,0x00,0x5d,0xc3,
0xf3,0x0f,0x1e,0xfa,0x55,0x48,0x89,0xe5,0x48,0x83,0xec,0x20,0x48,0x89,0x7d,0xf8,
0x89,0x75,0xf4,0x89,0x55,0xf0,0x48,0x89,0x4d,0xe8,0x44,0x89,0x45,0xe4,0x44,0x89,
0x4d,0xe0,0x81,0x7d,0xf0,0xff,0x7f,0x00,0x00,0x75,0x32,0x48,0x8b,0x45,0xe8,0x48,
0x8b,0x10,0x48,0x8b,0x45,0xe8,0x48,0x8b,0x40,0x08,0x48,0xc1,0xe0,0x10,0x48,0x09,
0xd0,0x48,0x85,0xc0,0x74,0x17,0x48,0x8b,0x55,0xe8,0x8b,0x4d,0xf4,0x48,0x8b,0x45,
0xf8,0x89,0xce,0x48,0x89,0xc7,0xe8,0x4e,0xff,0xff,0xff,0xeb,0x40,0x81,0x7d,0xe0,
0xff,0x7f,0x00,0x00,0x75,0x32,0x48,0x8b,0x45,0x10,0x48,0x8b,0x10,0x48,0x8b,0x45,
0x10,0x48,0x8b,0x40,0x08,0x48,0xc1,0xe0,0x10,0x48,0x09,0xd0,0x48,0x85,0xc0,0x74,
0x17,0x48,0x8b,0x55,0x10,0x8b,0x4d,0xe4,0x48,0x8b,0x45,0xf8,0x89,0xce,0x48,0x89,
0xc7,0xe8,0x13,0xff,0xff,0xff,0xeb,0x05,0xb8,0x00,0x00,0x00,0x00,0xc9,0xc3,0xf3,
0x0f,0x1e,0xfa,0x55,0x48,0x89,0xe5,0x48,0x89,0x7d,0xe8,0x48,0x89,0x75,0xe0,0x48,
0x89,0x55,0xd8,0x0f,0x29,0x45,0xc0,0x66,0x0f,0x6f,0x45,0xc0,0x0f,0x29,0x45,0xf0,
0x48,0x8b,0x45,0xf8,0x48,0xc1,0xe8,0x3f,0x89,0xc2,0x48,0x8b,0x45,0xe8,0x89,0x10,
0x48,0x8b,0x45,0xf8,0x48,0xc1,0xe8,0x30,0x25,0xff,0x7f,0x00,0x00,0x89,0xc2,0x48,
0x8b,0x45,0xe0,0x89,0x10,0x48,0x8b,0x45,0xf8,0x48,0xba,0xff,0xff,0xff,0xff,0xff,
0xff,0x00,0x00,0x48,0x21,0xd0,0x48,0x89,0x45,0xf8,0x48,0x8b,0x45,0xe0,0x8b,0x00,
0x85,0xc0,0x74,0x17,0x48,0x8b,0x45,0xf8,0x48,0xba,0x00,0x00,0x00,0x00,0x00,0x00,
0x01,0x00,0x48,0x09,0xd0,0x48,0x89,0x45,0xf8,0xeb,0x0a,0x48,0x8b,0x45,0xe0,0xc7,
0x00,0x01,0x00,0x00,0x00,0x66,0x0f,0x6f,0x45,0xf0,0x48,0x8b,0x45,0xd8,0x0f,0x29,
0x00,0x90,0x5d,0xc3,0xf3,0x0f,0x1e,0xfa,0x55,0x48,0x89,0xe5,0x48,0x89,0x7d,0xe8,
0x48,0x89,0x75,0xe0,0x48,0x8b,0x45,0xe0,0x48,0x8b,0x10,0x48,0x8b,0x45,0xe0,0x48,
0x8b,0x40,0x08,0x48,0x09,0xd0,0x48,0x85,0xc0,0x0f,0x84,0xca,0x00,0x00,0x00,0x48,
0x8b,0x45,0xe0,0x48,0x8b,0x40,0x08,0x48,0x85,0xc0,0x75,0x29,0x48,0x8b,0x45,0xe0,
0x48,0x8b,0x10,0x48,0x8b,0x45,0xe0,0x48,0x89,0x50,0x08,0x48,0x8b,0x45,0xe0,0x48,
0xc7,0x00,0x00,0x00,0x00,0x00,0x48,0x8b,0x45,0xe8,0x8b,0x00,0x8d,0x50,0xc0,0x48,
0x8b,0x45,0xe8,0x89,0x10,0xc7,0x45,0xfc,0x20,0x00,0x00,0x00,0xeb,0x7f,0x48,0x8b,
0x45,0xe0,0x48,0x8b,0x50,0x08,0xb8,0x40,0x00,0x00,0x00,0x2b,0x45,0xfc,0x89,0xc1,
0x48,0xd3,0xea,0x48,0x89,0xd0,0x48,0x85,0xc0,0x75,0x5f,0x48,0x8b,0x45,0xe0,0x48,
0x8b,0x50,0x08,0x8b,0x45,0xfc,0x48,0x89,0xd6,0x89,0xc1,0x48,0xd3,0xe6,0x48,0x8b,
0x45,0xe0,0x48,0x8b,0x10,0xb8,0x40,0x00,0x00,0x00,0x2b,0x45,0xfc,0x89,0xc1,0x48,
0xd3,0xea,0x48,0x89,0xd0,0x48,0x09,0xc6,0x48,0x89,0xf2,0x48,0x8b,0x45,0xe0,0x48,
0x89,0x50,0x08,0x48,0x8b,0x45,0xe0,0x48,0x8b,0x10,0x8b,0x45,0xfc,0x89,0xc1,0x48,
0xd3,0xe2,0x48,0x8b,0x45,0xe0,0x48,0x89,0x10,0x48,0x8b,0x45,0xe8,0x8b,0x00,0x2b,
0x45,0xfc,0x89,0xc2,0x48,0x8b,0x45,0xe8,0x89,0x10,0xd1,0x7d,0xfc,0x83,0x7d,0xfc,
0x00,0x0f,0x85,0x77,0xff,0xff,0xff,0xeb,0x01,0x90,0x5d,0xc3,0xf3,0x0f,0x1e,0xfa,
0x55,0x48,0x89,0xe5,0x89,0x7d,0xfc,0x48,0x89,0x75,0xf0,0x83,0x7d,0xfc,0x7f,0x7e,
0x33,0x48,0x8b,0x45,0xf0,0x48,0x8b,0x10,0x48,0x8b,0x45,0xf0,0x48,0x8b,0x40,0x08,
0x48,0x09,0xd0,0x48,0x85,0xc0,0x0f,0x95,0xc0,0x0f,0xb6,0xd0,0x48,0x8b,0x45,0xf0,
0x48,0x89,0x10,0x48,0x8b,0x45,0xf0,0x48,0xc7,0x40,0x08,0x00,0x00,0x00,0x00,0xe9,
0xb0,0x00,0x00,0x00,0x83,0x7d,0xfc,0x3f,0x7e,0x32,0x48,0x8b,0x45,0xf0,0x48,0x8b,
0x50,0x08,0x48,0x8b,0x45,0xf0,0x48,0x8b,0x00,0x48,0x85,0xc0,0x0f,0x95,0xc0,0x0f,
0xb6,0xc0,0x48,0x09,0xc2,0x48,0x8b,0x45,0xf0,0x48,0x89,0x10,0x48,0x8b,0x45,0xf0,
0x48,0xc7,0x40,0x08,0x00,0x00,0x00,0x00,0x83,0x6d,0xfc,0x40,0x83,0x7d,0xfc,0x00,
0x7e,0x72,0x48,0x8b,0x45,0xf0,0x48,0x8b,0x10,0x8b,0x45,0xfc,0x48,0x89,0xd6,0x89,
0xc1,0x48,0xd3,0xee,0x48,0x8b,0x45,0xf0,0x48,0x8b,0x50,0x08,0xb8,0x40,0x00,0x00,
0x00,0x2b,0x45,0xfc,0x89,0xc1,0x48,0xd3,0xe2,0x48,0x89,0xd0,0x48,0x09,0xc6,0x48,
0x8b,0x45,0xf0,0x48,0x8b,0x10,0xb8,0x40,0x00,0x00,0x00,0x2b,0x45,0xfc,0x89,0xc1,
0x48,0xd3,0xe2,0x48,0x89,0xd0,0x48,0x85,0xc0,0x0f,0x95,0xc0,0x0f,0xb6,0xc0,0x48,
0x09,0xc6,0x48,0x89,0xf2,0x48,0x8b,0x45,0xf0,0x48,0x89,0x10,0x48,0x8b,0x45,0xf0,
0x48,0x8b,0x50,0x08,0x8b,0x45,0xfc,0x89,0xc1,0x48,0xd3,0xea,0x48,0x8b,0x45,0xf0,
0x48,0x89,0x50,0x08,0x5d,0xc3,0xf3,0x0f,0x1e,0xfa,0x55,0x48,0x89,0xe5,0x48,0x83,
0xec,0x20,0x89,0x7d,0xec,0x89,0x75,0xe8,0x48,0x89,0x55,0xe0,0x83,0x7d,0xe8,0x00,
0x7e,0x13,0x48,0x8b,0x45,0xe0,0x48,0x89,0xc6,0xbf,0x0d,0x00,0x00,0x00,0xe8,0xd9,
0xfe,0xff,0xff,0xeb,0x1d,0xb8,0x0e,0x00,0x00,0x00,0x2b,0x45,0xe8,0x48,0x8b,0x55,
0xe0,0x48,0x89,0xd6,0x89,0xc7,0xe8,0xc1,0xfe,0xff,0xff,0xc7,0x45,0xe8,0x00,0x00,
0x00,0x00,0x48,0x8b,0x45,0xe0,0x48,0x8b,0x00,0x83,0xe0,0x03,0x89,0x45,0xfc,0x48,
0x8b,0x45,0xe0,0x48,0x8b,0x00,0x48,0xc1,0xe8,0x02,0x48,0x89,0xc2,0x48,0x8b,0x45,
0xe0,0x48,0x8b,0x40,0x08,0x48,0xc1,0xe0,0x3e,0x48,0x09,0xc2,0x48,0x8b,0x45,0xe0,
0x48,0x89,0x10,0x48,0x8b,0x45,0xe0,0x48,0x8b,0x40,0x08,0x48,0xc1,0xe8,0x02,0x48,
0x89,0xc2,0x48,0x8b,0x45,0xe0,0x48,0x89,0x50,0x08,0x83,0x7d,0xfc,0x03,0x74,0x1b,
0x83,0x7d,0xfc,0x02,0x0f,0x94,0xc2,0x48,0x8b,0x45,0xe0,0x48,0x8b,0x00,0x83,0xe0,
0x01,0x21,0xd0,0x84,0xc0,0x0f,0x84,0xaa,0x00,0x00,0x00,0x48,0x8b,0x45,0xe0,0x48,
0x8b,0x00,0x48,0x8d,0x50,0x01,0x48,0x8b,0x45,0xe0,0x48,0x89,0x10,0x48,0x8b,0x45,
0xe0,0x48,0x8b,0x00,0x48,0x85,0xc0,0x0f,0x85,0x88,0x00,0x00,0x00,0x48,0x8b,0x45,
0xe0,0x48,0x8b,0x40,0x08,0x48,0x8d,0x50,0x01,0x48,0x8b,0x45,0xe0,0x48,0x89,0x50,
0x08,0x48,0x8b,0x45,0xe0,0x48,0x8b,0x50,0x08,0x48,0xb8,0x00,0x00,0x00,0x00,0x00,
0x00,0x01,0x00,0x48,0x39,0xc2,0x75,0x09,0xc7,0x45,0xe8,0x01,0x00,0x00,0x00,0xeb,
0x54,0x48,0x8b,0x45,0xe0,0x48,0x8b,0x50,0x08,0x48,0xb8,0x00,0x00,0x00,0x00,0x00,
0x00,0x02,0x00,0x48,0x39,0xc2,0x75,0x3d,0x83,0x45,0xe8,0x01,0x48,0x8b,0x45,0xe0,
0x48,0x8b,0x00,0x48,0xd1,0xe8,0x48,0x89,0xc2,0x48,0x8b,0x45,0xe0,0x48,0x8b,0x40,
0x08,0x48,0xc1,0xe0,0x3f,0x48,0x09,0xc2,0x48,0x8b,0x45,0xe0,0x48,0x89,0x10,0x48,
0x8b,0x45,0xe0,0x48,0x8b,0x40,0x08,0x48,0xd1,0xe8,0x48,0x89,0xc2,0x48,0x8b,0x45,
0xe0,0x48,0x89,0x50,0x08,0x81,0x7d,0xe8,0xfe,0x7f,0x00,0x00,0x7e,0x0c,0x8b,0x45,
0xec,0x89,0xc7,0xe8,0xb5,0xfa,0xff,0xff,0xeb,0x3d,0x48,0x8b,0x45,0xe0,0x48,0x8b,
0x40,0x08,0x48,0xba,0xff,0xff,0xff,0xff,0xff,0xff,0x00,0x00,0x48,0x21,0xc2,0x8b,
0x45,0xe8,0x48,0x98,0x48,0xc1,0xe0,0x30,0x48,0x09,0xc2,0x8b,0x45,0xec,0x48,0x98,
0x48,0xc1,0xe0,0x3f,0x48,0x09,0xc2,0x48,0x8b,0x45,0xe0,0x48,0x89,0x50,0x08,0x48,
0x8b,0x45,0xe0,0x66,0x0f,0x6f,0x00,0xc9,0xc3,0xf3,0x0f,0x1e,0xfa,0x55,0x48,0x89,
0xe5,0x48,0x81,0xec,0xa0,0x00,0x00,0x00,0x0f,0x29,0x45,0x80,0x0f,0x29,0x8d,0x70,
0xff,0xff,0xff,0x89,0xbd,0x6c,0xff,0xff,0xff,0x64,0x48,0x8b,0x04,0x25,0x28,0x00,
0x00,0x00,0x48,0x89,0x45,0xf8,0x31,0xc0,0x66,0x0f,0x6f,0x45,0x80,0x48,0x8d,0x55,
0xb0,0x48,0x8d,0x4d,0x98,0x48,0x8d,0x45,0xa4,0x48,0x89,0xce,0x48,0x89,0xc7,0xe8,
0x7b,0xfb,0xff,0xff,0x66,0x0f,0x6f,0x85,0x70,0xff,0xff,0xff,0x48,0x8d,0x55,0xc0,
0x48,0x8d,0x4d,0x9c,0x48,0x8d,0x45,0xa8,0x48,0x89,0xce,0x48,0x89,0xc7,0xe8,0x5c,
0xfb,0xff,0xff,0x44,0x8b,0x4d,0x9c,0x44,0x8b,0x45,0xa8,0x8b,0x55,0x98,0x8b,0x75,
0xa4,0x48,0x8d,0x4d,0xb0,0x48,0x8d,0x45,0xe0,0x48,0x83,0xec,0x08,0x48,0x8d,0x7d,
0xc0,0x57,0x48,0x89,0xc7,0xe8,0x96,0xfa,0xff,0xff,0x48,0x83,0xc4,0x10,0x85,0xc0,
0x74,0x0a,0x66,0x0f,0x6f,0x45,0xe0,0xe9,0x28,0x02,0x00,0x00,0x8b,0x45,0xa8,0x33,
0x85,0x6c,0xff,0xff,0xff,0x89,0x45,0xa8,0x8b,0x45,0x98,0x3d,0xff,0x7f,0x00,0x00,
0x75,0x1e,0x8b,0x45,0x9c,0x3d,0xff,0x7f,0x00,0x00,0x75,0x14,0x8b,0x55,0xa4,0x8b,
0x45,0xa8,0x39,0xc2,0x74,0x0a,0xe8,0xd9,0xf9,0xff,0xff,0xe9,0xf4,0x01,0x00,0x00,
0x8b,0x45,0x98,0x3d,0xff,0x7f,0x00,0x00,0x75,0x0f,0x8b,0x45,0xa4,0x89,0xc7,0xe8,
0x89,0xf9,0xff,0xff,0xe9,0xdb,0x01,0x00,0x00,0x8b,0x45,0x9c,0x3d,0xff,0x7f,0x00,
0x00,0x75,0x0f,0x8b,0x45,0xa8,0x89,0xc7,0xe8,0x70,0xf9,0xff,0xff,0xe9,0xc2,0x01,
0x00,0x00,0x48,0x8b,0x55,0xb0,0x48,0x8b,0x45,0xb8,0x48,0x09,0xc2,0x48,0x8b,0x45,
0xc0,0x48,0x09,0xc2,0x48,0x8b,0x45,0xc8,0x48,0x09,0xd0,0x48,0x85,0xc0,0x75,0x14,
0x8b,0x55,0xa4,0x8b,0x45,0xa8,0x21,0xd0,0x89,0xc7,0xe8,0x17,0xf9,0xff,0xff,0xe9,
0x90,0x01,0x00,0x00,0x48,0x8b,0x45,0xb8,0x48,0x8d,0x14,0xc5,0x00,0x00,0x00,0x00,
0x48,0x8b,0x45,0xb0,0x48,0xc1,0xe8,0x3d,0x48,0x09,0xd0,0x48,0x89,0x45,0xb8,0x48,
0x8b,0x45,0xb0,0x48,0xc1,0xe0,0x03,0x48,0x89,0x45,0xb0,0x48,0x8b,0x45,0xc8,0x48,
0x8d,0x14,0xc5,0x00,0x00,0x00,0x00,0x48,0x8b,0x45,0xc0,0x48,0xc1,0xe8,0x3d,0x48,
0x09,0xd0,0x48,0x89,0x45,0xc8,0x48,0x8b,0x45,0xc0,0x48,0xc1,0xe0,0x03,0x48,0x89,
0x45,0xc0,0x8b,0x55,0x98,0x8b,0x45,0x9c,0x39,0xc2,0x7f,0x1e,0x8b,0x55,0x9c,0x8b,
0x45,0x98,0x29,0xc2,0x48,0x8d,0x45,0xb0,0x48,0x89,0xc6,0x89,0xd7,0xe8,0xaa,0xfb,
0xff,0xff,0x8b,0x45,0x9c,0x89,0x45,0x98,0xeb,0x1c,0x8b,0x55,0x98,0x8b,0x45,0x9c,
0x29,0xc2,0x48,0x8d,0x45,0xc0,0x48,0x89,0xc6,0x89,0xd7,0xe8,0x8c,0xfb,0xff,0xff,
0x8b,0x45,0x98,0x89,0x45,0x9c,0x8b,0x45,0xa4,0x89,0x45,0xac,0x8b,0x45,0x98,0x89,
0x45,0xa0,0x8b,0x55,0xa4,0x8b,0x45,0xa8,0x39,0xc2,0x75,0x35,0x48,0x8b,0x55,0xb0,
0x48,0x8b,0x45,0xc0,0x48,0x01,0xd0,0x48,0x89,0x45,0xd0,0x48,0x8b,0x55,0xb8,0x48,
0x8b,0x45,0xc8,0x48,0x8d,0x0c,0x02,0x48,0x8b,0x55,0xd0,0x48,0x8b,0x45,0xb0,0x48,
0x39,0xc2,0x0f,0x92,0xc0,0x0f,0xb6,0xc0,0x48,0x01,0xc8,0x48,0x89,0x45,0xd8,0xeb,
0x6e,0x48,0x8b,0x55,0xb0,0x48,0x8b,0x45,0xc0,0x48,0x29,0xc2,0x48,0x89,0x55,0xd0,
0x48,0x8b,0x55,0xb8,0x48,0x8b,0x45,0xc8,0x48,0x89,0xd1,0x48,0x29,0xc1,0x48,0x8b,
0x45,0xd0,0x48,0x8b,0x55,0xb0,0x48,0x39,0xc2,0x0f,0x92,0xc0,0x0f,0xb6,0xc0,0x48,
0x29,0xc1,0x48,0x89,0xca,0x48,0x89,0x55,0xd8,0x48,0x8b,0x45,0xd8,0x48,0x85,0xc0,
0x79,0x2d,0x83,0x75,0xac,0x01,0x48,0x8b,0x45,0xd0,0x48,0xf7,0xd8,0x48,0x89,0x45,
0xd0,0x48,0x8b,0x45,0xd8,0x48,0xf7,0xd8,0x48,0x89,0xc2,0x48,0x8b,0x45,0xd0,0x48,
0x85,0xc0,0x0f,0x95,0xc0,0x0f,0xb6,0xc0,0x48,0x29,0xc2,0x48,0x89,0x55,0xd8,0x48,
0x8b,0x55,0xd0,0x48,0x8b,0x45,0xd8,0x48,0x09,0xd0,0x48,0x85,0xc0,0x75,0x0c,0xbf,
0x00,0x00,0x00,0x00,0xe8,0xad,0xf7,0xff,0xff,0xeb,0x29,0x48,0x8d,0x55,0xd0,0x48,
0x8d,0x45,0xa0,0x48,0x89,0xd6,0x48,0x89,0xc7,0xe8,0xa6,0xf9,0xff,0xff,0x8b,0x45,
0xa0,0x8d,0x48,0x0c,0x48,0x8d,0x55,0xd0,0x8b,0x45,0xac,0x89,0xce,0x89,0xc7,0xe8,
0x82,0xfb,0xff,0xff,0x48,0x8b,0x45,0xf8,0x64,0x48,0x2b,0x04,0x25,0x28,0x00,0x00,
0x00,0x74,0x05,0xe8,0x00,0x00,0x00,0x00,0xc9,0xc3,0xf3,0x0f,0x1e,0xfa,0x55,0x48,
0x89,0xe5,0x48,0x83,0xec,0x20,0x0f,0x29,0x45,0xf0,0x0f,0x29,0x4d,0xe0,0x66,0x0f,
0x6f,0x4d,0xe0,0x66,0x0f,0x6f,0x45,0xf0,0xbf,0x00,0x00,0x00,0x00,0xe8,0xf7,0xfc,
0xff,0xff,0xc9,0xc3,0xf3,0x0f,0x1e,0xfa,0x55,0x48,0x89,0xe5,0x48,0x83,0xec,0x20,
0x0f,0x29,0x45,0xf0,0x0f,0x29,0x4d,0xe0,0x66,0x0f,0x6f,0x4d,0xe0,0x66,0x0f,0x6f,
0x45,0xf0,0xbf,0x01,0x00,0x00,0x00,0xe8,0xcd,0xfc,0xff,0xff,0xc9,0xc3,0xf3,0x0f,
0x1e,0xfa,0x55,0x48,0x89,0xe5,0x48,0x81,0xec,0x10,0x01,0x00,0x00,0x0f,0x29,0x85,
0x00,0xff,0xff,0xff,0x0f,0x29,0x8d,0xf0,0xfe,0xff,0xff,0x64,0x48,0x8b,0x04,0x25,
0x28,0x00,0x00,0x00,0x48,0x89,0x45,0xf8,0x31,0xc0,0x66,0x0f,0x6f,0x85,0x00,0xff,
0xff,0xff,0x48,0x8d,0x55,0xb0,0x48,0x8d,0x8d,0x10,0xff,0xff,0xff,0x48,0x8d,0x85,
0x18,0xff,0xff,0xff,0x48,0x89,0xce,0x48,0x89,0xc7,0xe8,0x40,0xf8,0xff,0xff,0x66,
0x0f,0x6f,0x85,0xf0,0xfe,0xff,0xff,0x48,0x8d,0x55,0xc0,0x48,0x8d,0x8d,0x14,0xff,
0xff,0xff,0x48,0x8d,0x85,0x1c,0xff,0xff,0xff,0x48,0x89,0xce,0x48,0x89,0xc7,0xe8,
0x1b,0xf8,0xff,0xff,0x44,0x8b,0x8d,0x14,0xff,0xff,0xff,0x44,0x8b,0x85,0x1c,0xff,
0xff,0xff,0x8b,0x95,0x10,0xff,0xff,0xff,0x8b,0xb5,0x18,0xff,0xff,0xff,0x48,0x8d,
0x4d,0xb0,0x48,0x8d,0x45,0xe0,0x48,0x83,0xec,0x08,0x48,0x8d,0x7d,0xc0,0x57,0x48,
0x89,0xc7,0xe8,0x49,0xf7,0xff,0xff,0x48,0x83,0xc4,0x10,0x85,0xc0,0x74,0x0a,0x66,
0x0f,0x6f,0x45,0xe0,0xe9,0x1d,0x04,0x00,0x00,0x8b,0x85,0x10,0xff,0xff,0xff,0x3d,
0xff,0x7f,0x00,0x00,0x75,0x10,0x48,0x8b,0x55,0xc0,0x48,0x8b,0x45,0xc8,0x48,0x09,
0xd0,0x48,0x85,0xc0,0x74,0x1d,0x8b,0x85,0x14,0xff,0xff,0xff,0x3d,0xff,0x7f,0x00,
0x00,0x75,0x1a,0x48,0x8b,0x55,0xb0,0x48,0x8b,0x45,0xb8,0x48,0x09,0xd0,0x48,0x85,
0xc0,0x75,0x0a,0xe8,0x7c,0xf6,0xff,0xff,0xe9,0xd9,0x03,0x00,0x00,0x8b,0x85,0x10,
0xff,0xff,0xff,0x3d,0xff,0x7f,0x00,0x00,0x74,0x0d,0x8b,0x85,0x14,0xff,0xff,0xff,
0x3d,0xff,0x7f,0x00,0x00,0x75,0x1a,0x8b,0x95,0x18,0xff,0xff,0xff,0x8b,0x85,0x1c,
0xff,0xff,0xff,0x31,0xd0,0x89,0xc7,0xe8,0x11,0xf6,0xff,0xff,0xe9,0xa5,0x03,0x00,
0x00,0x48,0x8b,0x55,0xb0,0x48,0x8b,0x45,0xb8,0x48,0x09,0xd0,0x48,0x85,0xc0,0x74,
0x10,0x48,0x8b,0x55,0xc0,0x48,0x8b,0x45,0xc8,0x48,0x09,0xd0,0x48,0x85,0xc0,0x75,
0x1a,0x8b,0x95,0x18,0xff,0xff,0xff,0x8b,0x85,0x1c,0xff,0xff,0xff,0x31,0xd0,0x89,
0xc7,0xe8,0xb0,0xf5,0xff,0xff,0xe9,0x6b,0x03,0x00,0x00,0x48,0x8d,0x55,0xb0,0x48,
0x8d,0x85,0x10,0xff,0xff,0xff,0x48,0x89,0xd6,0x48,0x89,0xc7,0xe8,0xa3,0xf7,0xff,
0xff,0x48,0x8d,0x55,0xc0,0x48,0x8d,0x85,0x14,0xff,0xff,0xff,0x48,0x89,0xd6,0x48,
0x89,0xc7,0xe8,0x8d,0xf7,0xff,0xff,0x8b,0x95,0x18,0xff,0xff,0xff,0x8b,0x85,0x1c,
0xff,0xff,0xff,0x31,0xd0,0x89,0x85,0x24,0xff,0xff,0xff,0x8b,0x95,0x10,0xff,0xff,
0xff,0x8b,0x85,0x14,0xff,0xff,0xff,0x01,0xd0,0x2d,0xe0,0x3f,0x00,0x00,0x89,0x85,
0x20,0xff,0xff,0xff,0x48,0x8b,0x45,0xb0,0x48,0xc1,0xe0,0x1c,0x48,0xc1,0xe8,0x22,
0x48,0x89,0x85,0x38,0xff,0xff,0xff,0x48,0x8b,0x45,0xc0,0x48,0xc1,0xe0,0x1c,0x48,
0xc1,0xe8,0x22,0x48,0x89,0x85,0x40,0xff,0xff,0xff,0x48,0x8b,0x45,0xb0,0x48,0xc1,
0xe8,0x24,0x48,0x89,0xc2,0x48,0x8b,0x45,0xb8,0x48,0xc1,0xe0,0x3e,0x48,0xc1,0xe8,
0x22,0x48,0x09,0xd0,0x48,0x89,0x85,0x48,0xff,0xff,0xff,0x48,0x8b,0x45,0xc0,0x48,
0xc1,0xe8,0x24,0x48,0x89,0xc2,0x48,0x8b,0x45,0xc8,0x48,0xc1,0xe0,0x3e,0x48,0xc1,
0xe8,0x22,0x48,0x09,0xd0,0x48,0x89,0x85,0x50,0xff,0xff,0xff,0x48,0x8b,0x45,0xb8,
0x48,0xc1,0xe0,0x20,0x48,0xc1,0xe8,0x22,0x48,0x89,0x85,0x58,0xff,0xff,0xff,0x48,
0x8b,0x45,0xc8,0x48,0xc1,0xe0,0x20,0x48,0xc1,0xe8,0x22,0x48,0x89,0x85,0x60,0xff,
0xff,0xff,0x48,0x8b,0x45,0xb8,0x48,0xc1,0xe8,0x20,0x48,0x89,0x85,0x68,0xff,0xff,
0xff,0x48,0x8b,0x45,0xc8,0x48,0xc1,0xe8,0x20,0x48,0x89,0x85,0x70,0xff,0xff,0xff,
0x48,0x8b,0x85,0x38,0xff,0xff,0xff,0x48,0x0f,0xaf,0x85,0x40,0xff,0xff,0xff,0x48,
0x89,0x85,0x78,0xff,0xff,0xff,0x48,0x8b,0x85,0x78,0xff,0xff,0xff,0x48,0xc1,0xe8,
0x1e,0x48,0x89,0xc1,0x48,0x8b,0x85,0x48,0xff,0xff,0xff,0x48,0x0f,0xaf,0x85,0x40,
0xff,0xff,0xff,0x48,0x89,0xc2,0x48,0x8b,0x85,0x38,0xff,0xff,0xff,0x48,0x0f,0xaf,
0x85,0x50,0xff,0xff,0xff,0x48,0x01,0xd0,0x48,0x01,0xc8,0x48,0x89,0x45,0x80,0x48,
0x8b,0x45,0x80,0x48,0xc1,0xe8,0x1e,0x48,0x89,0xc1,0x48,0x8b,0x85,0x48,0xff,0xff,
0xff,0x48,0x0f,0xaf,0x85,0x50,0xff,0xff,0xff,0x48,0x89,0xc2,0x48,0x8b,0x85,0x38,
0xff,0xff,0xff,0x48,0x0f,0xaf,0x85,0x60,0xff,0xff,0xff,0x48,0x01,0xd0,0x48,0x8d,
0x14,0x01,0x48,0x8b,0x85,0x58,0xff,0xff,0xff,0x48,0x0f,0xaf,0x85,0x40,0xff,0xff,
0xff,0x48,0x01,0xd0,0x48,0x89,0x45,0x88,0x48,0x8b,0x45,0x88,0x48,0xc1,0xe8,0x1e,
0x48,0x89,0xc1,0x48,0x8b,0x85,0x48,0xff,0xff,0xff,0x48,0x0f,0xaf,0x85,0x60,0xff,
0xff,0xff,0x48,0x89,0xc2,0x48,0x8b,0x85,0x38,0xff,0xff,0xff,0x48,0x0f,0xaf,0x85,
0x70,0xff,0xff,0xff,0x48,0x01,0xd0,0x48,0x01,0xc1,0x48,0x8b,0x85,0x68,0xff,0xff,
0xff,0x48,0x0f,0xaf,0x85,0x40,0xff,0xff,0xff,0x48,0x89,0xc2,0x48,0x8b,0x85,0x58,
0xff,0xff,0xff,0x48,0x0f,0xaf,0x85,0x50,0xff,0xff,0xff,0x48,0x01,0xd0,0x48,0x01,
0xc8,0x48,0x89,0x45,0x90,0x48,0x8b,0x45,0x90,0x48,0xc1,0xe8,0x1e,0x48,0x89,0xc1,
0x48,0x8b,0x85,0x58,0xff,0xff,0xff,0x48,0x0f,0xaf,0x85,0x60,0xff,0xff,0xff,0x48,
0x89,0xc2,0x48,0x8b,0x85,0x48,0xff,0xff,0xff,0x48,0x0f,0xaf,0x85,0x70,0xff,0xff,
0xff,0x48,0x01,0xd0,0x48,0x8d,0x14,0x01,0x48,0x8b,0x85,0x68,0xff,0xff,0xff,0x48,
0x0f,0xaf,0x85,0x50,0xff,0xff,0xff,0x48,0x01,0xd0,0x48,0x89,0x45,0x98,0x48,0x8b,
0x45,0x98,0x48,0xc1,0xe8,0x1e,0x48,0x89,0xc1,0x48,0x8b,0x85,0x68,0xff,0xff,0xff,
0x48,0x0f,0xaf,0x85,0x60,0xff,0xff,0xff,0x48,0x89,0xc2,0x48,0x8b,0x85,0x58,0xff,
0xff,0xff,0x48,0x0f,0xaf,0x85,0x70,0xff,0xff,0xff,0x48,0x01,0xd0,0x48,0x01,0xc8,
0x48,0x89,0x45,0xa0,0x48,0x8b,0x45,0xa0,0x48,0xc1,0xe8,0x1e,0x48,0x89,0xc2,0x48,
0x8b,0x85,0x68,0xff,0xff,0xff,0x48,0x0f,0xaf,0x85,0x70,0xff,0xff,0xff,0x48,0x01,
0xd0,0x48,0x89,0x45,0xa8,0x48,0x8b,0x45,0xa0,0x48,0xc1,0xe0,0x22,0x48,0x89,0xc2,
0x48,0x8b,0x45,0x98,0x48,0xc1,0xe0,0x22,0x48,0xc1,0xe8,0x1e,0x48,0x09,0xc2,0x48,
0x8b,0x45,0x90,0x48,0xc1,0xe0,0x22,0x48,0xc1,0xe8,0x3c,0x48,0x09,0xc2,0x48,0x8b,
0x45,0x90,0x48,0xc1,0xe0,0x26,0x48,0x89,0xc1,0x48,0x8b,0x45,0x88,0x48,0x0b,0x45,
0x80,0x48,0x0b,0x85,0x78,0xff,0xff,0xff,0x48,0xc1,0xe0,0x22,0x48,0x09,0xc8,0x48,
0x85,0xc0,0x0f,0x95,0xc0,0x0f,0xb6,0xc0,0x48,0x09,0xd0,0x48,0x89,0x85,0x28,0xff,
0xff,0xff,0x48,0x8b,0x45,0xa8,0x48,0x89,0x85,0x30,0xff,0xff,0xff,0x48,0x8b,0x85,
0x30,0xff,0xff,0xff,0x48,0x85,0xc0,0x78,0x2e,0x48,0x8b,0x85,0x30,0xff,0xff,0xff,
0x48,0x8d,0x14,0x00,0x48,0x8b,0x85,0x28,0xff,0xff,0xff,0x48,0xc1,0xe8,0x3f,0x48,
0x09,0xd0,0x48,0x89,0x85,0x30,0xff,0xff,0xff,0x48,0xd1,0xa5,0x28,0xff,0xff,0xff,
0x83,0xad,0x20,0xff,0xff,0xff,0x01,0x48,0x8b,0x85,0x28,0xff,0xff,0xff,0x48,0x89,
0x45,0xd0,0x48,0x8b,0x85,0x30,0xff,0xff,0xff,0x48,0x89,0x45,0xd8,0x48,0x8d,0x55,
0xd0,0x8b,0x8d,0x20,0xff,0xff,0xff,0x8b,0x85,0x24,0xff,0xff,0xff,0x89,0xce,0x89,
0xc7,0xe8,0x40,0xf6,0xff,0xff,0x48,0x8b,0x45,0xf8,0x64,0x48,0x2b,0x04,0x25,0x28,
0x00,0x00,0x00,0x74,0x05,0xe8,0x00,0x00,0x00,0x00,0xc9,0xc3,0xf3,0x0f,0x1e,0xfa,
0x55,0x48,0x89,0xe5,0x48,0x81,0xec,0x90,0x00,0x00,0x00,0x0f,0x29,0x45,0x80,0x0f,
0x29,0x8d,0x70,0xff,0xff,0xff,0x64,0x48,0x8b,0x04,0x25,0x28,0x00,0x00,0x00,0x48,
0x89,0x45,0xf8,0x31,0xc0,0x66,0x0f,0x6f,0x45,0x80,0x48,0x8d,0x55,0xb0,0x48,0x8d,
0x4d,0x94,0x48,0x8d,0x45,0xa0,0x48,0x89,0xce,0x48,0x89,0xc7,0xe8,0x5e,0xf3,0xff,
0xff,0x66,0x0f,0x6f,0x85,0x70,0xff,0xff,0xff,0x48,0x8d,0x55,0xc0,0x48,0x8d,0x4d,
0x98,0x48,0x8d,0x45,0xa4,0x48,0x89,0xce,0x48,0x89,0xc7,0xe8,0x3f,0xf3,0xff,0xff,
0x44,0x8b,0x4d,0x98,0x44,0x8b,0x45,0xa4,0x8b,0x55,0x94,0x8b,0x75,0xa0,0x48,0x8d,
0x4d,0xb0,0x48,0x8d,0x45,0xe0,0x48,0x83,0xec,0x08,0x48,0x8d,0x7d,0xc0,0x57,0x48,
0x89,0xc7,0xe8,0x79,0xf2,0xff,0xff,0x48,0x83,0xc4,0x10,0x85,0xc0,0x74,0x0a,0x66,
0x0f,0x6f,0x45,0xe0,0xe9,0x42,0x02,0x00,0x00,0x8b,0x45,0x94,0x3d,0xff,0x7f,0x00,
0x00,0x75,0x0a,0x8b,0x45,0x98,0x3d,0xff,0x7f,0x00,0x00,0x74,0x20,0x48,0x8b,0x55,
0xb0,0x48,0x8b,0x45,0xb8,0x48,0x09,0xd0,0x48,0x85,0xc0,0x75,0x1a,0x48,0x8b,0x55,
0xc0,0x48,0x8b,0x45,0xc8,0x48,0x09,0xd0,0x48,0x85,0xc0,0x75,0x0a,0xe8,0xb2,0xf1,
0xff,0xff,0xe9,0x04,0x02,0x00,0x00,0x8b,0x45,0x94,0x3d,0xff,0x7f,0x00,0x00,0x74,
0x10,0x48,0x8b,0x55,0xc0,0x48,0x8b,0x45,0xc8,0x48,0x09,0xd0,0x48,0x85,0xc0,0x75,
0x14,0x8b,0x55,0xa0,0x8b,0x45,0xa4,0x31,0xd0,0x89,0xc7,0xe8,0x4d,0xf1,0xff,0xff,
0xe9,0xd6,0x01,0x00,0x00,0x48,0x8b,0x55,0xb0,0x48,0x8b,0x45,0xb8,0x48,0x09,0xd0,
0x48,0x85,0xc0,0x74,0x0a,0x8b,0x45,0x98,0x3d,0xff,0x7f,0x00,0x00,0x75,0x14,0x8b,
0x55,0xa0,0x8b,0x45,0xa4,0x31,0xd0,0x89,0xc7,0xe8,0xf8,0xf0,0xff,0xff,0xe9,0xa8,
0x01,0x00,0x00,0x48,0x8d,0x55,0xb0,0x48,0x8d,0x45,0x94,0x48,0x89,0xd6,0x48,0x89,
0xc7,0xe8,0xee,0xf2,0xff,0xff,0x48,0x8d,0x55,0xc0,0x48,0x8d,0x45,0x98,0x48,0x89,
0xd6,0x48,0x89,0xc7,0xe8,0xdb,0xf2,0xff,0xff,0x8b,0x55,0xa0,0x8b,0x45,0xa4,0x31,
0xd0,0x89,0x45,0xac,0x8b,0x55,0x94,0x8b,0x45,0x98,0x29,0xc2,0x8d,0x82,0x0b,0x40,
0x00,0x00,0x89,0x45,0x9c,0x48,0x8b,0x45,0xb0,0x48,0xd1,0xe8,0x48,0x89,0xc2,0x48,
0x8b,0x45,0xb8,0x48,0xc1,0xe0,0x3f,0x48,0x09,0xd0,0x48,0x89,0x45,0xb0,0x48,0x8b,
0x45,0xb8,0x48,0xd1,0xe8,0x48,0x89,0x45,0xb8,0x48,0x8b,0x45,0xc0,0x48,0xd1,0xe8,
0x48,0x89,0xc2,0x48,0x8b,0x45,0xc8,0x48,0xc1,0xe0,0x3f,0x48,0x09,0xd0,0x48,0x89,
0x45,0xc0,0x48,0x8b,0x45,0xc8,0x48,0xd1,0xe8,0x48,0x89,0x45,0xc8,0x48,0xc7,0x45,
0xd0,0x00,0x00,0x00,0x00,0x48,0xc7,0x45,0xd8,0x00,0x00,0x00,0x00,0xc7,0x45,0xa8,
0x00,0x00,0x00,0x00,0xe9,0xb3,0x00,0x00,0x00,0x48,0x8b,0x45,0xd8,0x48,0x8d,0x14,
0x00,0x48,0x8b,0x45,0xd0,0x48,0xc1,0xe8,0x3f,0x48,0x09,0xd0,0x48,0x89,0x45,0xd8,
0x48,0x8b,0x45,0xd0,0x48,0x01,0xc0,0x48,0x89,0x45,0xd0,0x48,0x8b,0x45,0xb8,0x48,
0x8b,0x55,0xc8,0x48,0x39,0xc2,0x72,0x1a,0x48,0x8b,0x55,0xb8,0x48,0x8b,0x45,0xc8,
0x48,0x39,0xc2,0x75,0x51,0x48,0x8b,0x55,0xb0,0x48,0x8b,0x45,0xc0,0x48,0x39,0xc2,
0x72,0x44,0x48,0x8b,0x55,0xb8,0x48,0x8b,0x45,0xc8,0x48,0x89,0xd1,0x48,0x29,0xc1,
0x48,0x8b,0x55,0xb0,0x48,0x8b,0x45,0xc0,0x48,0x39,0xc2,0x0f,0x92,0xc0,0x0f,0xb6,
0xc0,0x48,0x29,0xc1,0x48,0x89,0xca,0x48,0x89,0x55,0xb8,0x48,0x8b,0x55,0xb0,0x48,
0x8b,0x45,0xc0,0x48,0x29,0xc2,0x48,0x89,0x55,0xb0,0x48,0x8b,0x45,0xd0,0x48,0x83,
0xc8,0x01,0x48,0x89,0x45,0xd0,0x48,0x8b,0x45,0xb8,0x48,0x8d,0x14,0x00,0x48,0x8b,
0x45,0xb0,0x48,0xc1,0xe8,0x3f,0x48,0x09,0xd0,0x48,0x89,0x45,0xb8,0x48,0x8b,0x45,
0xb0,0x48,0x01,0xc0,0x48,0x89,0x45,0xb0,0x83,0x45,0xa8,0x01,0x83,0x7d,0xa8,0x73,
0x0f,0x8e,0x43,0xff,0xff,0xff,0x48,0x8b,0x55,0xd0,0x48,0x8b,0x4d,0xb0,0x48,0x8b,
0x45,0xb8,0x48,0x09,0xc8,0x48,0x85,0xc0,0x0f,0x95,0xc0,0x0f,0xb6,0xc0,0x48,0x09,
0xd0,0x48,0x89,0x45,0xd0,0x48,0x8d,0x55,0xd0,0x48,0x8d,0x45,0x9c,0x48,0x89,0xd6,
0x48,0x89,0xc7,0xe8,0x6c,0xf1,0xff,0xff,0x8b,0x4d,0x9c,0x48,0x8d,0x55,0xd0,0x8b,
0x45,0xac,0x89,0xce,0x89,0xc7,0xe8,0x4b,0xf3,0xff,0xff,0x48,0x8b,0x45,0xf8,0x64,
0x48,0x2b,0x04,0x25,0x28,0x00,0x00,0x00,0x74,0x05,0xe8,0x00,0x00,0x00,0x00,0xc9,
0xc3,0xf3,0x0f,0x1e,0xfa,0x55,0x48,0x89,0xe5,0x0f,0x29,0x45,0xf0,0x48,0x8d,0x45,
0xf0,0x48,0x8b,0x50,0x08,0x48,0x8d,0x45,0xf0,0x48,0xb9,0x00,0x00,0x00,0x00,0x00,
0x00,0x00,0x80,0x48,0x31,0xca,0x48,0x89,0x50,0x08,0x66,0x0f,0x6f,0x45,0xf0,0x5d,
0xc3,0xf3,0x0f,0x1e,0xfa,0x55,0x48,0x89,0xe5,0xf3,0x0f,0x11,0x45,0xcc,0xf3,0x0f,
0x10,0x45,0xcc,0xf3,0x0f,0x11,0x45,0xd8,0x8b,0x45,0xd8,0x89,0x45,0xdc,0x8b,0x45,
0xdc,0x48,0x89,0x45,0xe8,0x48,0xc7,0x45,0xf0,0x00,0x00,0x00,0x00,0x8b,0x45,0xdc,
0x01,0xc0,0x85,0xc0,0x75,0x11,0x48,0x8b,0x45,0xe8,0x48,0xc1,0xe0,0x20,0x48,0x89,
0x45,0xf8,0xe9,0x14,0x01,0x00,0x00,0x8b,0x45,0xdc,0x01,0xc0,0xc1,0xe8,0x18,0x3d,
0xff,0x00,0x00,0x00,0x75,0x52,0x48,0x8b,0x45,0xe8,0x48,0xc1,0xe8,0x1f,0x48,0xc1,
0xe0,0x3f,0x48,0x89,0xc2,0x48,0x8b,0x45,0xe8,0x48,0xc1,0xe0,0x29,0x48,0xc1,0xe8,
0x10,0x48,0x09,0xc2,0x8b,0x45,0xdc,0xc1,0xe0,0x09,0x85,0xc0,0x74,0x0c,0x48,0xb8,
0x00,0x00,0x00,0x00,0x00,0x80,0x00,0x00,0xeb,0x05,0xb8,0x00,0x00,0x00,0x00,0x48,
0x09,0xc2,0x48,0xb8,0x00,0x00,0x00,0x00,0x00,0x00,0xff,0x7f,0x48,0x09,0xd0,0x48,
0x89,0x45,0xf8,0xe9,0xb3,0x00,0x00,0x00,0x8b,0x45,0xdc,0x01,0xc0,0xc1,0xe8,0x18,
0x85,0xc0,0x75,0x6d,0x48,0xc7,0x45,0xe0,0x00,0x00,0x00,0x00,0xeb,0x05,0x48,0x83,
0x45,0xe0,0x01,0x8b,0x45,0xdc,0x25,0xff,0xff,0xff,0x7f,0x89,0xc2,0x48,0x8b,0x45,
0xe0,0x89,0xc1,0xb8,0x17,0x00,0x00,0x00,0x29,0xc8,0x89,0xc1,0xd3,0xea,0x89,0xd0,
0x85,0xc0,0x74,0xda,0x48,0x8b,0x45,0xe8,0x48,0xc1,0xe8,0x1f,0x48,0xc1,0xe0,0x3f,
0x48,0x89,0xc2,0xb8,0x81,0x3f,0x00,0x00,0x48,0x2b,0x45,0xe0,0x48,0xc1,0xe0,0x30,
0x48,0x09,0xc2,0x48,0x8b,0x45,0xe0,0x89,0xc1,0x48,0x8b,0x45,0xe8,0x48,0xd3,0xe0,
0x48,0xc1,0xe0,0x29,0x48,0xc1,0xe8,0x10,0x48,0x09,0xd0,0x48,0x89,0x45,0xf8,0xeb,
0x3a,0x48,0x8b,0x45,0xe8,0x48,0xc1,0xe8,0x1f,0x48,0xc1,0xe0,0x3f,0x48,0x89,0xc2,
0x48,0x8b,0x45,0xe8,0x48,0xc1,0xe8,0x17,0x0f,0xb6,0xc0,0x48,0x05,0x80,0x3f,0x00,
0x00,0x48,0xc1,0xe0,0x30,0x48,0x09,0xc2,0x48,0x8b,0x45,0xe8,0x48,0xc1,0xe0,0x29,
0x48,0xc1,0xe8,0x10,0x48,0x09,0xd0,0x48,0x89,0x45,0xf8,0x66,0x0f,0x6f,0x45,0xf0,
0x5d,0xc3,0xf3,0x0f,0x1e,0xfa,0x55,0x48,0x89,0xe5,0xf2,0x0f,0x11,0x45,0xc8,0xf2,
0x0f,0x10,0x45,0xc8,0xf2,0x0f,0x11,0x45,0xd8,0x48,0x8b,0x45,0xd8,0x48,0x89,0x45,
0xe8,0x48,0x8b,0x45,0xe8,0x48,0xc1,0xe0,0x3c,0x48,0x89,0x45,0xf0,0x48,0x8b,0x45,
0xe8,0x48,0x01,0xc0,0x48,0x85,0xc0,0x75,0x0d,0x48,0x8b,0x45,0xe8,0x48,0x89,0x45,
0xf8,0xe9,0x3f,0x01,0x00,0x00,0x48,0x8b,0x45,0xe8,0x48,0x01,0xc0,0x48,0xc1,0xe8,
0x35,0x48,0x3d,0xff,0x07,0x00,0x00,0x75,0x54,0x48,0xb8,0x00,0x00,0x00,0x00,0x00,
0x00,0x00,0x80,0x48,0x23,0x45,0xe8,0x48,0x8b,0x55,0xe8,0x48,0xc1,0xe2,0x0c,0x48,
0xc1,0xea,0x10,0x48,0x09,0xc2,0x48,0x8b,0x45,0xe8,0x48,0xc1,0xe0,0x0c,0x48,0x85,
0xc0,0x74,0x0c,0x48,0xb8,0x00,0x00,0x00,0x00,0x00,0x80,0x00,0x00,0xeb,0x05,0xb8,
0x00,0x00,0x00,0x00,0x48,0x09,0xc2,0x48,0xb8,0x00,0x00,0x00,0x00,0x00,0x00,0xff,
0x7f,0x48,0x09,0xd0,0x48,0x89,0x45,0xf8,0xe9,0xd8,0x00,0x00,0x00,0x48,0x8b,0x45,
0xe8,0x48,0x01,0xc0,0x48,0xc1,0xe8,0x35,0x48,0x85,0xc0,0x0f,0x85,0x87,0x00,0x00,
0x00,0x48,0xc7,0x45,0xe0,0x00,0x00,0x00,0x00,0xeb,0x05,0x48,0x83,0x45,0xe0,0x01,
0x48,0xb8,0xff,0xff,0xff,0xff,0xff,0xff,0xff,0x7f,0x48,0x23,0x45,0xe8,0x48,0x89,
0xc2,0x48,0x8b,0x45,0xe0,0x89,0xc1,0xb8,0x34,0x00,0x00,0x00,0x29,0xc8,0x89,0xc1,
0x48,0xd3,0xea,0x48,0x89,0xd0,0x48,0x85,0xc0,0x74,0xd0,0x48,0x8b,0x45,0xf0,0x48,
0x8b,0x55,0xe0,0x89,0xd1,0x48,0xd3,0xe0,0x48,0x89,0x45,0xf0,0x48,0xb8,0x00,0x00,
0x00,0x00,0x00,0x00,0x00,0x80,0x48,0x23,0x45,0xe8,0xba,0x01,0x3c,0x00,0x00,0x48,
0x2b,0x55,0xe0,0x48,0xc1,0xe2,0x30,0x48,0x09,0xc2,0x48,0x8b,0x45,0xe0,0x89,0xc1,
0x48,0x8b,0x45,0xe8,0x48,0xd3,0xe0,0x48,0xc1,0xe0,0x0c,0x48,0xc1,0xe8,0x10,0x48,
0x09,0xd0,0x48,0x89,0x45,0xf8,0xeb,0x3d,0x48,0xb8,0x00,0x00,0x00,0x00,0x00,0x00,
0x00,0x80,0x48,0x23,0x45,0xe8,0x48,0x8b,0x55,0xe8,0x48,0xc1,0xea,0x34,0x81,0xe2,
0xff,0x07,0x00,0x00,0x48,0x81,0xc2,0x00,0x3c,0x00,0x00,0x48,0xc1,0xe2,0x30,0x48,
0x09,0xc2,0x48,0x8b,0x45,0xe8,0x48,0xc1,0xe0,0x0c,0x48,0xc1,0xe8,0x10,0x48,0x09,
0xd0,0x48,0x89,0x45,0xf8,0x66,0x0f,0x6f,0x45,0xf0,0x5d,0xc3,0xf3,0x0f,0x1e,0xfa,
0x55,0x48,0x89,0xe5,0x48,0x83,0xec,0x40,0x0f,0x29,0x45,0xc0,0x64,0x48,0x8b,0x04,
0x25,0x28,0x00,0x00,0x00,0x48,0x89,0x45,0xf8,0x31,0xc0,0x66,0x0f,0x6f,0x45,0xc0,
0x48,0x8d,0x55,0xe0,0x48,0x8d,0x4d,0xd4,0x48,0x8d,0x45,0xd8,0x48,0x89,0xce,0x48,
0x89,0xc7,0xe8,0x58,0xed,0xff,0xff,0x8b,0x45,0xd4,0x3d,0xff,0x7f,0x00,0x00,0x75,
0x38,0x48,0x8b,0x45,0xe0,0x48,0x8b,0x55,0xe8,0x48,0xc1,0xe2,0x10,0x48,0x09,0xd0,
0x48,0x85,0xc0,0x74,0x24,0x8b,0x45,0xd8,0xc1,0xe0,0x1f,0x89,0xc2,0x48,0x8b,0x45,
0xe8,0x48,0xc1,0xe8,0x19,0x25,0xff,0xff,0x7f,0x00,0x09,0xd0,0x0d,0x00,0x00,0xc0,
0x7f,0x89,0x45,0xdc,0xe9,0xd9,0x00,0x00,0x00,0x8b,0x45,0xd4,0x3d,0x7e,0x40,0x00,
0x00,0x7e,0x13,0x8b,0x45,0xd8,0xc1,0xe0,0x1f,0x0d,0x00,0x00,0x80,0x7f,0x89,0x45,
0xdc,0xe9,0xbc,0x00,0x00,0x00,0x8b,0x45,0xd4,0x3d,0x68,0x3f,0x00,0x00,0x7f,0x0e,
0x8b,0x45,0xd8,0xc1,0xe0,0x1f,0x89,0x45,0xdc,0xe9,0xa4,0x00,0x00,0x00,0x8b,0x45,
0xd4,0x2d,0x81,0x3f,0x00,0x00,0x89,0x45,0xd4,0x48,0x8b,0x45,0xe8,0x48,0xc1,0xe8,
0x17,0x89,0xc1,0x48,0x8b,0x45,0xe0,0x48,0x8b,0x55,0xe8,0x48,0xc1,0xe2,0x29,0x48,
0x09,0xd0,0x48,0x85,0xc0,0x0f,0x95,0xc0,0x0f,0xb6,0xc0,0x09,0xc8,0x89,0x45,0xdc,
0x8b,0x45,0xd4,0x85,0xc0,0x79,0x31,0x8b,0x55,0xdc,0x8b,0x45,0xd4,0xf7,0xd8,0x89,
0xd6,0x89,0xc1,0xd3,0xee,0x8b,0x55,0xdc,0x8b,0x45,0xd4,0x83,0xc0,0x20,0x89,0xc1,
0xd3,0xe2,0x89,0xd0,0x85,0xc0,0x0f,0x95,0xc0,0x0f,0xb6,0xc0,0x09,0xf0,0x89,0x45,
0xdc,0xc7,0x45,0xd4,0x00,0x00,0x00,0x00,0x8b,0x45,0xdc,0x83,0xe0,0x03,0x83,0xf8,
0x03,0x74,0x0b,0x8b,0x45,0xdc,0x83,0xe0,0x07,0x83,0xf8,0x06,0x75,0x09,0x8b,0x45,
0xdc,0x83,0xc0,0x04,0x89,0x45,0xdc,0x8b,0x45,0xdc,0xc1,0xe8,0x02,0x89,0xc2,0x8b,
0x45,0xd4,0xc1,0xe0,0x17,0x01,0xc2,0x8b,0x45,0xd8,0xc1,0xe0,0x1f,0x09,0xd0,0x89,
0x45,0xdc,0xf3,0x0f,0x10,0x45,0xdc,0x48,0x8b,0x45,0xf8,0x64,0x48,0x2b,0x04,0x25,
0x28,0x00,0x00,0x00,0x74,0x05,0xe8,0x00,0x00,0x00,0x00,0xc9,0xc3,0xf3,0x0f,0x1e,
0xfa,0x55,0x48,0x89,0xe5,0x48,0x83,0xec,0x40,0x0f,0x29,0x45,0xc0,0x64,0x48,0x8b,
0x04,0x25,0x28,0x00,0x00,0x00,0x48,0x89,0x45,0xf8,0x31,0xc0,0x66,0x0f,0x6f,0x45,
0xc0,0x48,0x8d,0x55,0xe0,0x48,0x8d,0x4d,0xd0,0x48,0x8d,0x45,0xd4,0x48,0x89,0xce,
0x48,0x89,0xc7,0xe8,0xe7,0xeb,0xff,0xff,0x8b,0x45,0xd0,0x3d,0xff,0x7f,0x00,0x00,
0x75,0x50,0x48,0x8b,0x45,0xe0,0x48,0x8b,0x55,0xe8,0x48,0xc1,0xe2,0x10,0x48,0x09,
0xd0,0x48,0x85,0xc0,0x74,0x3c,0x8b,0x45,0xd4,0x48,0x98,0x48,0xc1,0xe0,0x3f,0x48,
0x89,0xc2,0x48,0x8b,0x45,0xe8,0x48,0xc1,0xe0,0x10,0x48,0xc1,0xe8,0x0c,0x48,0x09,
0xc2,0x48,0x8b,0x45,0xe0,0x48,0xc1,0xe8,0x3c,0x48,0x09,0xc2,0x48,0xb8,0x00,0x00,
0x00,0x00,0x00,0x00,0xf8,0x7f,0x48,0x09,0xd0,0x48,0x89,0x45,0xd8,0xe9,0x0f,0x01,
0x00,0x00,0x8b,0x45,0xd0,0x3d,0xfe,0x43,0x00,0x00,0x7e,0x22,0x8b,0x45,0xd4,0x48,
0x98,0x48,0xc1,0xe0,0x3f,0x48,0x89,0xc2,0x48,0xb8,0x00,0x00,0x00,0x00,0x00,0x00,
0xf0,0x7f,0x48,0x09,0xd0,0x48,0x89,0x45,0xd8,0xe9,0xe3,0x00,0x00,0x00,0x8b,0x45,
0xd0,0x3d,0xcb,0x3b,0x00,0x00,0x7f,0x12,0x8b,0x45,0xd4,0x48,0x98,0x48,0xc1,0xe0,
0x3f,0x48,0x89,0x45,0xd8,0xe9,0xc7,0x00,0x00,0x00,0x8b,0x45,0xd0,0x2d,0x01,0x3c,
0x00,0x00,0x89,0x45,0xd0,0x48,0x8b,0x45,0xe8,0x48,0xc1,0xe0,0x06,0x48,0x89,0xc2,
0x48,0x8b,0x45,0xe0,0x48,0xc1,0xe8,0x3a,0x48,0x09,0xc2,0x48,0x8b,0x45,0xe0,0x48,
0xc1,0xe0,0x06,0x48,0x85,0xc0,0x0f,0x95,0xc0,0x0f,0xb6,0xc0,0x48,0x09,0xd0,0x48,
0x89,0x45,0xd8,0x8b,0x45,0xd0,0x85,0xc0,0x79,0x3a,0x48,0x8b,0x55,0xd8,0x8b,0x45,
0xd0,0xf7,0xd8,0x48,0x89,0xd6,0x89,0xc1,0x48,0xd3,0xee,0x48,0x8b,0x55,0xd8,0x8b,
0x45,0xd0,0x83,0xc0,0x40,0x89,0xc1,0x48,0xd3,0xe2,0x48,0x89,0xd0,0x48,0x85,0xc0,
0x0f,0x95,0xc0,0x0f,0xb6,0xc0,0x48,0x09,0xf0,0x48,0x89,0x45,0xd8,0xc7,0x45,0xd0,
0x00,0x00,0x00,0x00,0x48,0x8b,0x45,0xd8,0x83,0xe0,0x03,0x48,0x83,0xf8,0x03,0x74,
0x0d,0x48,0x8b,0x45,0xd8,0x83,0xe0,0x07,0x48,0x83,0xf8,0x06,0x75,0x0c,0x48,0x8b,
0x45,0xd8,0x48,0x83,0xc0,0x04,0x48,0x89,0x45,0xd8,0x48,0x8b,0x45,0xd8,0x48,0xc1,
0xe8,0x02,0x48,0x89,0xc2,0x8b,0x45,0xd0,0x48,0x98,0x48,0xc1,0xe0,0x34,0x48,0x01,
0xc2,0x8b,0x45,0xd4,0x48,0x98,0x48,0xc1,0xe0,0x3f,0x48,0x09,0xd0,0x48,0x89,0x45,
0xd8,0xf2,0x0f,0x10,0x45,0xd8,0x48,0x8b,0x45,0xf8,0x64,0x48,0x2b,0x04,0x25,0x28,
0x00,0x00,0x00,0x74,0x05,0xe8,0x00,0x00,0x00,0x00,0xc9,0xc3,0xf3,0x0f,0x1e,0xfa,
0x55,0x48,0x89,0xe5,0x48,0x83,0xec,0x40,0x0f,0x29,0x45,0xc0,0x64,0x48,0x8b,0x04,
0x25,0x28,0x00,0x00,0x00,0x48,0x89,0x45,0xf8,0x31,0xc0,0x66,0x0f,0x6f,0x45,0xc0,
0x48,0x8d,0x55,0xe0,0x48,0x8d,0x4d,0xd4,0x48,0x8d,0x45,0xd8,0x48,0x89,0xce,0x48,
0x89,0xc7,0xe8,0x28,0xea,0xff,0xff,0x8b,0x45,0xd4,0x3d,0xf0,0x3f,0x00,0x00,0x7f,
0x07,0xb8,0x00,0x00,0x00,0x00,0xeb,0x49,0x8b,0x45,0xd4,0x3d,0x1d,0x40,0x00,0x00,
0x7e,0x15,0x8b,0x45,0xd8,0x85,0xc0,0x74,0x07,0xb8,0x00,0x00,0x00,0x80,0xeb,0x31,
0xb8,0xff,0xff,0xff,0x7f,0xeb,0x2a,0x48,0x8b,0x75,0xe8,0x8b,0x45,0xd4,0xba,0x2f,
0x40,0x00,0x00,0x29,0xc2,0x48,0x89,0xf0,0x89,0xd1,0x48,0xd3,0xe8,0x89,0x45,0xdc,
0x8b,0x45,0xd8,0x85,0xc0,0x74,0x07,0x8b,0x45,0xdc,0xf7,0xd8,0xeb,0x03,0x8b,0x45,
0xdc,0x48,0x8b,0x55,0xf8,0x64,0x48,0x2b,0x14,0x25,0x28,0x00,0x00,0x00,0x74,0x05,
0xe8,0x00,0x00,0x00,0x00,0xc9,0xc3,0xf3,0x0f,0x1e,0xfa,0x55,0x48,0x89,0xe5,0x48,
0x83,0xec,0x40,0x0f,0x29,0x45,0xc0,0x64,0x48,0x8b,0x04,0x25,0x28,0x00,0x00,0x00,
0x48,0x89,0x45,0xf8,0x31,0xc0,0x66,0x0f,0x6f,0x45,0xc0,0x48,0x8d,0x55,0xe0,0x48,
0x8d,0x4d,0xd0,0x48,0x8d,0x45,0xd4,0x48,0x89,0xce,0x48,0x89,0xc7,0xe8,0x7d,0xe9,
0xff,0xff,0x8b,0x45,0xd0,0x3d,0xfe,0x3f,0x00,0x00,0x7f,0x07,0xb8,0x00,0x00,0x00,
0x00,0xeb,0x6c,0x8b,0x45,0xd0,0x3d,0x3d,0x40,0x00,0x00,0x7e,0x1f,0x8b,0x45,0xd4,
0x85,0xc0,0x74,0x0c,0x48,0xb8,0x00,0x00,0x00,0x00,0x00,0x00,0x00,0x80,0xeb,0x4f,
0x48,0xb8,0xff,0xff,0xff,0xff,0xff,0xff,0xff,0x7f,0xeb,0x43,0x48,0x8b,0x45,0xe8,
0x48,0xc1,0xe0,0x0f,0x48,0x89,0xc2,0x48,0x8b,0x45,0xe0,0x48,0xc1,0xe8,0x31,0x48,
0x89,0xd6,0x48,0x09,0xc6,0x8b,0x45,0xd0,0xba,0x3e,0x40,0x00,0x00,0x29,0xc2,0x48,
0x89,0xf0,0x89,0xd1,0x48,0xd3,0xe8,0x48,0x89,0x45,0xd8,0x8b,0x45,0xd4,0x85,0xc0,
0x74,0x09,0x48,0x8b,0x45,0xd8,0x48,0xf7,0xd8,0xeb,0x04,0x48,0x8b,0x45,0xd8,0x48,
0x8b,0x55,0xf8,0x64,0x48,0x2b,0x14,0x25,0x28,0x00,0x00,0x00,0x74,0x05,0xe8,0x00,
0x00,0x00,0x00,0xc9,0xc3,0xf3,0x0f,0x1e,0xfa,0x55,0x48,0x89,0xe5,0x48,0x83,0xec,
0x40,0x0f,0x29,0x45,0xc0,0x64,0x48,0x8b,0x04,0x25,0x28,0x00,0x00,0x00,0x48,0x89,
0x45,0xf8,0x31,0xc0,0x66,0x0f,0x6f,0x45,0xc0,0x48,0x8d,0x55,0xe0,0x48,0x8d,0x4d,
0xd8,0x48,0x8d,0x45,0xdc,0x48,0x89,0xce,0x48,0x89,0xc7,0xe8,0xaf,0xe8,0xff,0xff,
0x8b,0x45,0xdc,0x85,0xc0,0x75,0x0a,0x8b,0x45,0xd8,0x3d,0xf0,0x3f,0x00,0x00,0x7f,
0x07,0xb8,0x00,0x00,0x00,0x00,0xeb,0x27,0x8b,0x45,0xd8,0x3d,0x1e,0x40,0x00,0x00,
0x7e,0x07,0xb8,0xff,0xff,0xff,0xff,0xeb,0x16,0x48,0x8b,0x75,0xe8,0x8b,0x45,0xd8,
0xba,0x2f,0x40,0x00,0x00,0x29,0xc2,0x48,0x89,0xf0,0x89,0xd1,0x48,0xd3,0xe8,0x48,
0x8b,0x55,0xf8,0x64,0x48,0x2b,0x14,0x25,0x28,0x00,0x00,0x00,0x74,0x05,0xe8,0x00,
0x00,0x00,0x00,0xc9,0xc3,0xf3,0x0f,0x1e,0xfa,0x55,0x48,0x89,0xe5,0x48,0x83,0xec,
0x40,0x0f,0x29,0x45,0xc0,0x64,0x48,0x8b,0x04,0x25,0x28,0x00,0x00,0x00,0x48,0x89,
0x45,0xf8,0x31,0xc0,0x66,0x0f,0x6f,0x45,0xc0,0x48,0x8d,0x55,0xe0,0x48,0x8d,0x4d,
0xd8,0x48,0x8d,0x45,0xdc,0x48,0x89,0xce,0x48,0x89,0xc7,0xe8,0x1f,0xe8,0xff,0xff,
0x8b,0x45,0xdc,0x85,0xc0,0x75,0x0a,0x8b,0x45,0xd8,0x3d,0xfe,0x3f,0x00,0x00,0x7f,
0x07,0xb8,0x00,0x00,0x00,0x00,0xeb,0x3e,0x8b,0x45,0xd8,0x3d,0x3e,0x40,0x00,0x00,
0x7e,0x09,0x48,0xc7,0xc0,0xff,0xff,0xff,0xff,0xeb,0x2b,0x48,0x8b,0x45,0xe8,0x48,
0xc1,0xe0,0x0f,0x48,0x89,0xc2,0x48,0x8b,0x45,0xe0,0x48,0xc1,0xe8,0x31,0x48,0x89,
0xd6,0x48,0x09,0xc6,0x8b,0x45,0xd8,0xba,0x3e,0x40,0x00,0x00,0x29,0xc2,0x48,0x89,
0xf0,0x89,0xd1,0x48,0xd3,0xe8,0x48,0x8b,0x55,0xf8,0x64,0x48,0x2b,0x14,0x25,0x28,
0x00,0x00,0x00,0x74,0x05,0xe8,0x00,0x00,0x00,0x00,0xc9,0xc3,0xf3,0x0f,0x1e,0xfa,
0x55,0x48,0x89,0xe5,0x89,0x7d,0xdc,0xc7,0x45,0xe0,0x00,0x00,0x00,0x00,0xc7,0x45,
0xe4,0x1e,0x40,0x00,0x00,0x8b,0x45,0xdc,0x89,0x45,0xe8,0x48,0xc7,0x45,0xf0,0x00,
0x00,0x00,0x00,0x48,0xc7,0x45,0xf8,0x00,0x00,0x00,0x00,0x83,0x7d,0xdc,0x00,0x74,
0x6f,0x83,0x7d,0xdc,0x00,0x79,0x0a,0xc7,0x45,0xe0,0x01,0x00,0x00,0x00,0xf7,0x5d,
0xe8,0xc7,0x45,0xec,0x10,0x00,0x00,0x00,0xeb,0x26,0xb8,0x20,0x00,0x00,0x00,0x2b,
0x45,0xec,0x8b,0x55,0xe8,0x89,0xc1,0xd3,0xea,0x89,0xd0,0x85,0xc0,0x75,0x0e,0x8b,
0x45,0xec,0x89,0xc1,0xd3,0x65,0xe8,0x8b,0x45,0xec,0x29,0x45,0xe4,0xd1,0x7d,0xec,
0x83,0x7d,0xec,0x00,0x75,0xd4,0x8b,0x45,0xe0,0x48,0x98,0x48,0xc1,0xe0,0x3f,0x48,
0x89,0xc2,0x8b,0x45,0xe4,0x48,0x98,0x48,0xc1,0xe0,0x30,0x48,0x09,0xc2,0x8b,0x45,
0xe8,0x01,0xc0,0x89,0xc0,0x48,0xc1,0xe0,0x10,0x48,0x09,0xd0,0x48,0x89,0x45,0xf8,
0x66,0x0f,0x6f,0x45,0xf0,0x5d,0xc3,0xf3,0x0f,0x1e,0xfa,0x55,0x48,0x89,0xe5,0x48,
0x89,0x7d,0xc8,0xc7,0x45,0xdc,0x00,0x00,0x00,0x00,0xc7,0x45,0xe0,0x3e,0x40,0x00,
0x00,0x48,0x8b,0x45,0xc8,0x48,0x89,0x45,0xe8,0x48,0xc7,0x45,0xf0,0x00,0x00,0x00,
0x00,0x48,0xc7,0x45,0xf8,0x00,0x00,0x00,0x00,0x48,0x83,0x7d,0xc8,0x00,0x0f,0x84,
0x82,0x00,0x00,0x00,0x48,0x83,0x7d,0xc8,0x00,0x79,0x0b,0xc7,0x45,0xdc,0x01,0x00,
0x00,0x00,0x48,0xf7,0x5d,0xe8,0xc7,0x45,0xe4,0x20,0x00,0x00,0x00,0xeb,0x2b,0xb8,
0x40,0x00,0x00,0x00,0x2b,0x45,0xe4,0x48,0x8b,0x55,0xe8,0x89,0xc1,0x48,0xd3,0xea,
0x48,0x89,0xd0,0x48,0x85,0xc0,0x75,0x0f,0x8b,0x45,0xe4,0x89,0xc1,0x48,0xd3,0x65,
0xe8,0x8b,0x45,0xe4,0x29,0x45,0xe0,0xd1,0x7d,0xe4,0x83,0x7d,0xe4,0x00,0x75,0xcf,
0x48,0x8b,0x45,0xe8,0x48,0xc1,0xe0,0x31,0x48,0x89,0x45,0xf0,0x8b,0x45,0xdc,0x48,
0x98,0x48,0xc1,0xe0,0x3f,0x48,0x89,0xc2,0x8b,0x45,0xe0,0x48,0x98,0x48,0xc1,0xe0,
0x30,0x48,0x09,0xc2,0x48,0x8b,0x45,0xe8,0x48,0x01,0xc0,0x48,0xc1,0xe8,0x10,0x48,
0x09,0xd0,0x48,0x89,0x45,0xf8,0x66,0x0f,0x6f,0x45,0xf0,0x5d,0xc3,0xf3,0x0f,0x1e,
0xfa,0x55,0x48,0x89,0xe5,0x89,0x7d,0xdc,0xc7,0x45,0xe4,0x1e,0x40,0x00,0x00,0x8b,
0x45,0xdc,0x89,0x45,0xe8,0x48,0xc7,0x45,0xf0,0x00,0x00,0x00,0x00,0x48,0xc7,0x45,
0xf8,0x00,0x00,0x00,0x00,0x83,0x7d,0xdc,0x00,0x74,0x53,0xc7,0x45,0xec,0x10,0x00,
0x00,0x00,0xeb,0x26,0xb8,0x20,0x00,0x00,0x00,0x2b,0x45,0xec,0x8b,0x55,0xe8,0x89,
0xc1,0xd3,0xea,0x89,0xd0,0x85,0xc0,0x75,0x0e,0x8b,0x45,0xec,0x89,0xc1,0xd3,0x65,
0xe8,0x8b,0x45,0xec,0x29,0x45,0xe4,0xd1,0x7d,0xec,0x83,0x7d,0xec,0x00,0x75,0xd4,
0x8b,0x45,0xe4,0x48,0x98,0x48,0xc1,0xe0,0x30,0x48,0x89,0xc2,0x8b,0x45,0xe8,0x01,
0xc0,0x89,0xc0,0x48,0xc1,0xe0,0x10,0x48,0x09,0xd0,0x48,0x89,0x45,0xf8,0x66,0x0f,
0x6f,0x45,0xf0,0x5d,0xc3,0xf3,0x0f,0x1e,0xfa,0x55,0x48,0x89,0xe5,0x48,0x89,0x7d,
0xd8,0xc7,0x45,0xe0,0x3e,0x40,0x00,0x00,0x48,0x8b,0x45,0xd8,0x48,0x89,0x45,0xe8,
0x48,0xc7,0x45,0xf0,0x00,0x00,0x00,0x00,0x48,0xc7,0x45,0xf8,0x00,0x00,0x00,0x00,
0x48,0x83,0x7d,0xd8,0x00,0x74,0x64,0xc7,0x45,0xe4,0x20,0x00,0x00,0x00,0xeb,0x2b,
0xb8,0x40,0x00,0x00,0x00,0x2b,0x45,0xe4,0x48,0x8b,0x55,0xe8,0x89,0xc1,0x48,0xd3,
0xea,0x48,0x89,0xd0,0x48,0x85,0xc0,0x75,0x0f,0x8b,0x45,0xe4,0x89,0xc1,0x48,0xd3,
0x65,0xe8,0x8b,0x45,0xe4,0x29,0x45,0xe0,0xd1,0x7d,0xe4,0x83,0x7d,0xe4,0x00,0x75,
0xcf,0x48,0x8b,0x45,0xe8,0x48,0xc1,0xe0,0x31,0x48,0x89,0x45,0xf0,0x8b,0x45,0xe0,
0x48,0x98,0x48,0xc1,0xe0,0x30,0x48,0x89,0xc2,0x48,0x8b,0x45,0xe8,0x48,0x01,0xc0,
0x48,0xc1,0xe8,0x10,0x48,0x09,0xd0,0x48,0x89,0x45,0xf8,0x66,0x0f,0x6f,0x45,0xf0,
0x5d,0xc3,0xf3,0x0f,0x1e,0xfa,0x55,0x48,0x89,0xe5,0x0f,0x29,0x45,0xd0,0x0f,0x29,
0x4d,0xc0,0x66,0x0f,0x6f,0x45,0xd0,0x0f,0x29,0x45,0xe0,0x66,0x0f,0x6f,0x45,0xc0,
0x0f,0x29,0x45,0xf0,0x48,0x8b,0x45,0xe0,0x48,0x8b,0x55,0xe8,0x48,0x01,0xd2,0x48,
0x09,0xc2,0x48,0x8b,0x45,0xf0,0x48,0x09,0xc2,0x48,0x8b,0x45,0xf8,0x48,0x01,0xc0,
0x48,0x09,0xd0,0x48,0x85,0xc0,0x0f,0x84,0x13,0x01,0x00,0x00,0x48,0x8b,0x45,0xe8,
0x48,0x01,0xc0,0x48,0xc1,0xe8,0x31,0x48,0x3d,0xff,0x7f,0x00,0x00,0x75,0x18,0x48,
0x8b,0x45,0xe0,0x48,0x8b,0x55,0xe8,0x48,0xc1,0xe2,0x10,0x48,0x09,0xd0,0x48,0x85,
0xc0,0x0f,0x85,0xe1,0x00,0x00,0x00,0x48,0x8b,0x45,0xf8,0x48,0x01,0xc0,0x48,0xc1,
0xe8,0x31,0x48,0x3d,0xff,0x7f,0x00,0x00,0x75,0x18,0x48,0x8b,0x45,0xf0,0x48,0x8b,
0x55,0xf8,0x48,0xc1,0xe2,0x10,0x48,0x09,0xd0,0x48,0x85,0xc0,0x0f,0x85,0xb6,0x00,
0x00,0x00,0x48,0x8b,0x45,0xe8,0x48,0xc1,0xe8,0x3f,0x48,0x89,0xc2,0x48,0x8b,0x45,
0xf8,0x48,0xc1,0xe8,0x3f,0x48,0x39,0xc2,0x74,0x1d,0x48,0x8b,0x45,0xf8,0x48,0xc1,
0xe8,0x3f,0x89,0xc1,0x48,0x8b,0x45,0xe8,0x48,0xc1,0xe8,0x3f,0x89,0xc2,0x89,0xc8,
0x29,0xd0,0xe9,0x8d,0x00,0x00,0x00,0x48,0x8b,0x55,0xe8,0x48,0x8b,0x45,0xf8,0x48,
0x39,0xc2,0x73,0x0f,0x48,0x8b,0x45,0xe8,0x48,0xc1,0xe8,0x3f,0x01,0xc0,0x83,0xe8,
0x01,0xeb,0x71,0x48,0x8b,0x45,0xe8,0x48,0x8b,0x55,0xf8,0x48,0x39,0xc2,0x73,0x14,
0x48,0x8b,0x45,0xe8,0x48,0xc1,0xe8,0x3f,0x8d,0x14,0x00,0xb8,0x01,0x00,0x00,0x00,
0x29,0xd0,0xeb,0x50,0x48,0x8b,0x55,0xe0,0x48,0x8b,0x45,0xf0,0x48,0x39,0xc2,0x73,
0x0f,0x48,0x8b,0x45,0xe8,0x48,0xc1,0xe8,0x3f,0x01,0xc0,0x83,0xe8,0x01,0xeb,0x34,
0x48,0x8b,0x55,0xf0,0x48,0x8b,0x45,0xe0,0x48,0x39,0xc2,0x73,0x14,0x48,0x8b,0x45,
0xe8,0x48,0xc1,0xe8,0x3f,0x8d,0x14,0x00,0xb8,0x01,0x00,0x00,0x00,0x29,0xd0,0xeb,
0x13,0xb8,0x00,0x00,0x00,0x00,0xeb,0x0c,0xb8,0x02,0x00,0x00,0x00,0xeb,0x05,0xb8,
0x00,0x00,0x00,0x00,0x5d,0xc3,0xf3,0x0f,0x1e,0xfa,0x55,0x48,0x89,0xe5,0x48,0x83,
0xec,0x20,0x0f,0x29,0x45,0xf0,0x0f,0x29,0x4d,0xe0,0x66,0x0f,0x6f,0x4d,0xe0,0x66,
0x0f,0x6f,0x45,0xf0,0xe8,0x79,0xfe,0xff,0xff,0x85,0xc0,0x0f,0x95,0xc0,0x0f,0xb6,
0xc0,0xc9,0xc3,0xf3,0x0f,0x1e,0xfa,0x55,0x48,0x89,0xe5,0x48,0x83,0xec,0x20,0x0f,
0x29,0x45,0xf0,0x0f,0x29,0x4d,0xe0,0x66,0x0f,0x6f,0x4d,0xe0,0x66,0x0f,0x6f,0x45,
0xf0,0xe8,0x4c,0xfe,0xff,0xff,0x85,0xc0,0x0f,0x95,0xc0,0x0f,0xb6,0xc0,0xc9,0xc3,
0xf3,0x0f,0x1e,0xfa,0x55,0x48,0x89,0xe5,0x48,0x83,0xec,0x20,0x0f,0x29,0x45,0xf0,
0x0f,0x29,0x4d,0xe0,0x66,0x0f,0x6f,0x4d,0xe0,0x66,0x0f,0x6f,0x45,0xf0,0xe8,0x1f,
0xfe,0xff,0xff,0xc9,0xc3,0xf3,0x0f,0x1e,0xfa,0x55,0x48,0x89,0xe5,0x48,0x83,0xec,
0x20,0x0f,0x29,0x45,0xf0,0x0f,0x29,0x4d,0xe0,0x66,0x0f,0x6f,0x4d,0xe0,0x66,0x0f,
0x6f,0x45,0xf0,0xe8,0xfa,0xfd,0xff,0xff,0xc9,0xc3,0xf3,0x0f,0x1e,0xfa,0x55,0x48,
0x89,0xe5,0x48,0x83,0xec,0x20,0x0f,0x29,0x45,0xf0,0x0f,0x29,0x4d,0xe0,0x66,0x0f,
0x6f,0x4d,0xf0,0x66,0x0f,0x6f,0x45,0xe0,0xe8,0xd5,0xfd,0xff,0xff,0xf7,0xd8,0xc9,
0xc3,0xf3,0x0f,0x1e,0xfa,0x55,0x48,0x89,0xe5,0x48,0x83,0xec,0x20,0x0f,0x29,0x45,
0xf0,0x0f,0x29,0x4d,0xe0,0x66,0x0f,0x6f,0x4d,0xf0,0x66,0x0f,0x6f,0x45,0xe0,0xe8,
0xae,0xfd,0xff,0xff,0xf7,0xd8,0xc9,0xc3,0xf3,0x0f,0x1e,0xfa,0x55,0x48,0x89,0xe5,
0x48,0x83,0xec,0x20,0x0f,0x29,0x45,0xf0,0x0f,0x29,0x4d,0xe0,0x66,0x0f,0x6f,0x4d,
0xe0,0x66,0x0f,0x6f,0x45,0xf0,0xe8,0x87,0xfd,0xff,0xff,0x83,0xf8,0x02,0x0f,0x94,
0xc0,0x0f,0xb6,0xc0,0xc9,0xc3,0x00,0x47,0x43,0x43,0x3a,0x20,0x28,0x47,0x65,0x6e,
0x74,0x6f,0x6f,0x20,0x31,0x35,0x2e,0x33,0x2e,0x30,0x20,0x70,0x38,0x29,0x20,0x31,
0x35,0x2e,0x33,0x2e,0x30,0x00,0x04,0x00,0x00,0x00,0x10,0x00,0x00,0x00,0x05,0x00,
0x00,0x00,0x47,0x4e,0x55,0x00,0x02,0x00,0x00,0xc0,0x04,0x00,0x00,0x00,0x03,0x00,
0x00,0x00,0x00,0x00,0x00,0x00,0x04,0x00,0x00,0x00,0x20,0x00,0x00,0x00,0x05,0x00,
0x00,0x00,0x47,0x4e,0x55,0x00,0x02,0x00,0x01,0xc0,0x04,0x00,0x00,0x00,0x01,0x00,
0x00,0x00,0x00,0x00,0x00,0x00,0x01,0x00,0x01,0xc0,0x04,0x00,0x00,0x00,0x09,0x00,
0x00,0x00,0x00,0x00,0x00,0x00,0x14,0x00,0x00,0x00,0x00,0x00,0x00,0x00,0x01,0x7a,
0x52,0x00,0x01,0x78,0x10,0x01,0x1b,0x0c,0x07,0x08,0x90,0x01,0x00,0x00,0x1c,0x00,
0x00,0x00,0x1c,0x00,0x00,0x00,0x00,0x00,0x00,0x00,0x27,0x00,0x00,0x00,0x00,0x45,
0x0e,0x10,0x86,0x02,0x43,0x0d,0x06,0x5e,0x0c,0x07,0x08,0x00,0x00,0x00,0x1c,0x00,
0x00,0x00,0x3c,0x00,0x00,0x00,0x00,0x00,0x00,0x00,0x37,0x00,0x00,0x00,0x00,0x45,
0x0e,0x10,0x86,0x02,0x43,0x0d,0x06,0x6e,0x0c,0x07,0x08,0x00,0x00,0x00,0x1c,0x00,
0x00,0x00,0x5c,0x00,0x00,0x00,0x00,0x00,0x00,0x00,0x25,0x00,0x00,0x00,0x00,0x45,
0x0e,0x10,0x86,0x02,0x43,0x0d,0x06,0x5c,0x0c,0x07,0x08,0x00,0x00,0x00,0x1c,0x00,
0x00,0x00,0x7c,0x00,0x00,0x00,0x00,0x00,0x00,0x00,0x57,0x00,0x00,0x00,0x00,0x45,
0x0e,0x10,0x86,0x02,0x43,0x0d,0x06,0x02,0x4e,0x0c,0x07,0x08,0x00,0x00,0x1c,0x00,
0x00,0x00,0x9c,0x00,0x00,0x00,0x00,0x00,0x00,0x00,0x9f,0x00,0x00,0x00,0x00,0x45,
0x0e,0x10,0x86,0x02,0x43,0x0d,0x06,0x02,0x96,0x0c,0x07,0x08,0x00,0x00,0x1c,0x00,
0x00,0x00,0xbc,0x00,0x00,0x00,0x00,0x00,0x00,0x00,0x95,0x00,0x00,0x00,0x00,0x45,
0x0e,0x10,0x86,0x02,0x43,0x0d,0x06,0x02,0x8c,0x0c,0x07,0x08,0x00,0x00,0x1c,0x00,
0x00,0x00,0xdc,0x00,0x00,0x00,0x00,0x00,0x00,0x00,0xf8,0x00,0x00,0x00,0x00,0x45,
0x0e,0x10,0x86,0x02,0x43,0x0d,0x06,0x02,0xef,0x0c,0x07,0x08,0x00,0x00,0x1c,0x00,
0x00,0x00,0xfc,0x00,0x00,0x00,0x00,0x00,0x00,0x00,0xfa,0x00,0x00,0x00,0x00,0x45,
0x0e,0x10,0x86,0x02,0x43,0x0d,0x06,0x02,0xf1,0x0c,0x07,0x08,0x00,0x00,0x1c,0x00,
0x00,0x00,0x1c,0x01,0x00,0x00,0x00,0x00,0x00,0x00,0xb3,0x01,0x00,0x00,0x00,0x45,
0x0e,0x10,0x86,0x02,0x43,0x0d,0x06,0x03,0xaa,0x01,0x0c,0x07,0x08,0x00,0x1c,0x00,
0x00,0x00,0x3c,0x01,0x00,0x00,0x00,0x00,0x00,0x00,0xe1,0x02,0x00,0x00,0x00,0x45,
0x0e,0x10,0x86,0x02,0x43,0x0d,0x06,0x03,0xd8,0x02,0x0c,0x07,0x08,0x00,0x1c,0x00,
0x00,0x00,0x5c,0x01,0x00,0x00,0x00,0x00,0x00,0x00,0x2a,0x00,0x00,0x00,0x00,0x45,
0x0e,0x10,0x86,0x02,0x43,0x0d,0x06,0x61,0x0c,0x07,0x08,0x00,0x00,0x00,0x1c,0x00,
0x00,0x00,0x7c,0x01,0x00,0x00,0x00,0x00,0x00,0x00,0x2a,0x00,0x00,0x00,0x00,0x45,
0x0e,0x10,0x86,0x02,0x43,0x0d,0x06,0x61,0x0c,0x07,0x08,0x00,0x00,0x00,0x1c,0x00,
0x00,0x00,0x9c,0x01,0x00,0x00,0x00,0x00,0x00,0x00,0xee,0x04,0x00,0x00,0x00,0x45,
0x0e,0x10,0x86,0x02,0x43,0x0d,0x06,0x03,0xe5,0x04,0x0c,0x07,0x08,0x00,0x1c,0x00,
0x00,0x00,0xbc,0x01,0x00,0x00,0x00,0x00,0x00,0x00,0xf5,0x02,0x00,0x00,0x00,0x45,
0x0e,0x10,0x86,0x02,0x43,0x0d,0x06,0x03,0xec,0x02,0x0c,0x07,0x08,0x00,0x1c,0x00,
0x00,0x00,0xdc,0x01,0x00,0x00,0x00,0x00,0x00,0x00,0x30,0x00,0x00,0x00,0x00,0x45,
0x0e,0x10,0x86,0x02,0x43,0x0d,0x06,0x67,0x0c,0x07,0x08,0x00,0x00,0x00,0x1c,0x00,
0x00,0x00,0xfc,0x01,0x00,0x00,0x00,0x00,0x00,0x00,0x61,0x01,0x00,0x00,0x00,0x45,
0x0e,0x10,0x86,0x02,0x43,0x0d,0x06,0x03,0x58,0x01,0x0c,0x07,0x08,0x00,0x1c,0x00,
0x00,0x00,0x1c,0x02,0x00,0x00,0x00,0x00,0x00,0x00,0x8a,0x01,0x00,0x00,0x00,0x45,
0x0e,0x10,0x86,0x02,0x43,0x0d,0x06,0x03,0x81,0x01,0x0c,0x07,0x08,0x00,0x1c,0x00,
0x00,0x00,0x3c,0x02,0x00,0x00,0x00,0x00,0x00,0x00,0x71,0x01,0x00,0x00,0x00,0x45,
0x0e,0x10,0x86,0x02,0x43,0x0d,0x06,0x03,0x68,0x01,0x0c,0x07,0x08,0x00,0x1c,0x00,
0x00,0x00,0x5c,0x02,0x00,0x00,0x00,0x00,0x00,0x00,0xbf,0x01,0x00,0x00,0x00,0x45,
0x0e,0x10,0x86,0x02,0x43,0x0d,0x06,0x03,0xb6,0x01,0x0c,0x07,0x08,0x00,0x1c,0x00,
0x00,0x00,0x7c,0x02,0x00,0x00,0x00,0x00,0x00,0x00,0xab,0x00,0x00,0x00,0x00,0x45,
0x0e,0x10,0x86,0x02,0x43,0x0d,0x06,0x02,0xa2,0x0c,0x07,0x08,0x00,0x00,0x1c,0x00,
0x00,0x00,0x9c,0x02,0x00,0x00,0x00,0x00,0x00,0x00,0xce,0x00,0x00,0x00,0x00,0x45,
0x0e,0x10,0x86,0x02,0x43,0x0d,0x06,0x02,0xc5,0x0c,0x07,0x08,0x00,0x00,0x1c,0x00,
0x00,0x00,0xbc,0x02,0x00,0x00,0x00,0x00,0x00,0x00,0x90,0x00,0x00,0x00,0x00,0x45,
0x0e,0x10,0x86,0x02,0x43,0x0d,0x06,0x02,0x87,0x0c,0x07,0x08,0x00,0x00,0x1c,0x00,
0x00,0x00,0xdc,0x02,0x00,0x00,0x00,0x00,0x00,0x00,0xa7,0x00,0x00,0x00,0x00,0x45,
0x0e,0x10,0x86,0x02,0x43,0x0d,0x06,0x02,0x9e,0x0c,0x07,0x08,0x00,0x00,0x1c,0x00,
0x00,0x00,0xfc,0x02,0x00,0x00,0x00,0x00,0x00,0x00,0xab,0x00,0x00,0x00,0x00,0x45,
0x0e,0x10,0x86,0x02,0x43,0x0d,0x06,0x02,0xa2,0x0c,0x07,0x08,0x00,0x00,0x1c,0x00,
0x00,0x00,0x1c,0x03,0x00,0x00,0x00,0x00,0x00,0x00,0xc6,0x00,0x00,0x00,0x00,0x45,
0x0e,0x10,0x86,0x02,0x43,0x0d,0x06,0x02,0xbd,0x0c,0x07,0x08,0x00,0x00,0x1c,0x00,
0x00,0x00,0x3c,0x03,0x00,0x00,0x00,0x00,0x00,0x00,0x88,0x00,0x00,0x00,0x00,0x45,
0x0e,0x10,0x86,0x02,0x43,0x0d,0x06,0x02,0x7f,0x0c,0x07,0x08,0x00,0x00,0x1c,0x00,
0x00,0x00,0x5c,0x03,0x00,0x00,0x00,0x00,0x00,0x00,0x9d,0x00,0x00,0x00,0x00,0x45,
0x0e,0x10,0x86,0x02,0x43,0x0d,0x06,0x02,0x94,0x0c,0x07,0x08,0x00,0x00,0x1c,0x00,
0x00,0x00,0x7c,0x03,0x00,0x00,0x00,0x00,0x00,0x00,0x64,0x01,0x00,0x00,0x00,0x45,
0x0e,0x10,0x86,0x02,0x43,0x0d,0x06,0x03,0x5b,0x01,0x0c,0x07,0x08,0x00,0x1c,0x00,
0x00,0x00,0x9c,0x03,0x00,0x00,0x00,0x00,0x00,0x00,0x2d,0x00,0x00,0x00,0x00,0x45,
0x0e,0x10,0x86,0x02,0x43,0x0d,0x06,0x64,0x0c,0x07,0x08,0x00,0x00,0x00,0x1c,0x00,
0x00,0x00,0xbc,0x03,0x00,0x00,0x00,0x00,0x00,0x00,0x2d,0x00,0x00,0x00,0x00,0x45,
0x0e,0x10,0x86,0x02,0x43,0x0d,0x06,0x64,0x0c,0x07,0x08,0x00,0x00,0x00,0x1c,0x00,
0x00,0x00,0xdc,0x03,0x00,0x00,0x00,0x00,0x00,0x00,0x25,0x00,0x00,0x00,0x00,0x45,
0x0e,0x10,0x86,0x02,0x43,0x0d,0x06,0x5c,0x0c,0x07,0x08,0x00,0x00,0x00,0x1c,0x00,
0x00,0x00,0xfc,0x03,0x00,0x00,0x00,0x00,0x00,0x00,0x25,0x00,0x00,0x00,0x00,0x45,
0x0e,0x10,0x86,0x02,0x43,0x0d,0x06,0x5c,0x0c,0x07,0x08,0x00,0x00,0x00,0x1c,0x00,
0x00,0x00,0x1c,0x04,0x00,0x00,0x00,0x00,0x00,0x00,0x27,0x00,0x00,0x00,0x00,0x45,
0x0e,0x10,0x86,0x02,0x43,0x0d,0x06,0x5e,0x0c,0x07,0x08,0x00,0x00,0x00,0x1c,0x00,
0x00,0x00,0x3c,0x04,0x00,0x00,0x00,0x00,0x00,0x00,0x27,0x00,0x00,0x00,0x00,0x45,
0x0e,0x10,0x86,0x02,0x43,0x0d,0x06,0x5e,0x0c,0x07,0x08,0x00,0x00,0x00,0x1c,0x00,
0x00,0x00,0x5c,0x04,0x00,0x00,0x00,0x00,0x00,0x00,0x2e,0x00,0x00,0x00,0x00,0x45,
0x0e,0x10,0x86,0x02,0x43,0x0d,0x06,0x65,0x0c,0x07,0x08,0x00,0x00,0x00,0x00,0x00,
0x00,0x00,0x00,0x00,0x00,0x00,0x00,0x00,0x00,0x00,0x00,0x00,0x00,0x00,0x00,0x00,
0x00,0x00,0x00,0x00,0x00,0x00,0x01,0x00,0x00,0x00,0x04,0x00,0xf1,0xff,0x00,0x00,
0x00,0x00,0x00,0x00,0x00,0x00,0x00,0x00,0x00,0x00,0x00,0x00,0x00,0x00,0x00,0x00,
0x00,0x00,0x03,0x00,0x01,0x00,0x00,0x00,0x00,0x00,0x00,0x00,0x00,0x00,0x00,0x00,
0x00,0x00,0x00,0x00,0x00,0x00,0x0c,0x00,0x00,0x00,0x02,0x00,0x01,0x00,0x00,0x00,
0x00,0x00,0x00,0x00,0x00,0x00,0x27,0x00,0x00,0x00,0x00,0x00,0x00,0x00,0x14,0x00,
0x00,0x00,0x02,0x00,0x01,0x00,0x27,0x00,0x00,0x00,0x00,0x00,0x00,0x00,0x37,0x00,
0x00,0x00,0x00,0x00,0x00,0x00,0x20,0x00,0x00,0x00,0x02,0x00,0x01,0x00,0x5e,0x00,
0x00,0x00,0x00,0x00,0x00,0x00,0x25,0x00,0x00,0x00,0x00,0x00,0x00,0x00,0x27,0x00,
0x00,0x00,0x02,0x00,0x01,0x00,0x83,0x00,0x00,0x00,0x00,0x00,0x00,0x00,0x57,0x00,
0x00,0x00,0x00,0x00,0x00,0x00,0x37,0x00,0x00,0x00,0x02,0x00,0x01,0x00,0xda,0x00,
0x00,0x00,0x00,0x00,0x00,0x00,0x9f,0x00,0x00,0x00,0x00,0x00,0x00,0x00,0x47,0x00,
0x00,0x00,0x02,0x00,0x01,0x00,0x79,0x01,0x00,0x00,0x00,0x00,0x00,0x00,0x95,0x00,
0x00,0x00,0x00,0x00,0x00,0x00,0x51,0x00,0x00,0x00,0x02,0x00,0x01,0x00,0x0e,0x02,
0x00,0x00,0x00,0x00,0x00,0x00,0xf8,0x00,0x00,0x00,0x00,0x00,0x00,0x00,0x5e,0x00,
0x00,0x00,0x02,0x00,0x01,0x00,0x06,0x03,0x00,0x00,0x00,0x00,0x00,0x00,0xfa,0x00,
0x00,0x00,0x00,0x00,0x00,0x00,0x6e,0x00,0x00,0x00,0x02,0x00,0x01,0x00,0x00,0x04,
0x00,0x00,0x00,0x00,0x00,0x00,0xb3,0x01,0x00,0x00,0x00,0x00,0x00,0x00,0x77,0x00,
0x00,0x00,0x02,0x00,0x01,0x00,0xb3,0x05,0x00,0x00,0x00,0x00,0x00,0x00,0xe1,0x02,
0x00,0x00,0x00,0x00,0x00,0x00,0x7e,0x00,0x00,0x00,0x02,0x00,0x01,0x00,0x5c,0x1c,
0x00,0x00,0x00,0x00,0x00,0x00,0x64,0x01,0x00,0x00,0x00,0x00,0x00,0x00,0x85,0x00,
0x00,0x00,0x10,0x00,0x00,0x00,0x00,0x00,0x00,0x00,0x00,0x00,0x00,0x00,0x00,0x00,
0x00,0x00,0x00,0x00,0x00,0x00,0x96,0x00,0x00,0x00,0x12,0x00,0x01,0x00,0x94,0x08,
0x00,0x00,0x00,0x00,0x00,0x00,0x2a,0x00,0x00,0x00,0x00,0x00,0x00,0x00,0x9f,0x00,
0x00,0x00,0x12,0x00,0x01,0x00,0xbe,0x08,0x00,0x00,0x00,0x00,0x00,0x00,0x2a,0x00,
0x00,0x00,0x00,0x00,0x00,0x00,0xa8,0x00,0x00,0x00,0x12,0x00,0x01,0x00,0xe8,0x08,
0x00,0x00,0x00,0x00,0x00,0x00,0xee,0x04,0x00,0x00,0x00,0x00,0x00,0x00,0xb1,0x00,
0x00,0x00,0x12,0x00,0x01,0x00,0xd6,0x0d,0x00,0x00,0x00,0x00,0x00,0x00,0xf5,0x02,
0x00,0x00,0x00,0x00,0x00,0x00,0xba,0x00,0x00,0x00,0x12,0x00,0x01,0x00,0xcb,0x10,
0x00,0x00,0x00,0x00,0x00,0x00,0x30,0x00,0x00,0x00,0x00,0x00,0x00,0x00,0xc3,0x00,
0x00,0x00,0x12,0x00,0x01,0x00,0xfb,0x10,0x00,0x00,0x00,0x00,0x00,0x00,0x61,0x01,
0x00,0x00,0x00,0x00,0x00,0x00,0xd1,0x00,0x00,0x00,0x12,0x00,0x01,0x00,0x5c,0x12,
0x00,0x00,0x00,0x00,0x00,0x00,0x8a,0x01,0x00,0x00,0x00,0x00,0x00,0x00,0xdf,0x00,
0x00,0x00,0x12,0x00,0x01,0x00,0xe6,0x13,0x00,0x00,0x00,0x00,0x00,0x00,0x71,0x01,
0x00,0x00,0x00,0x00,0x00,0x00,0xec,0x00,0x00,0x00,0x12,0x00,0x01,0x00,0x57,0x15,
0x00,0x00,0x00,0x00,0x00,0x00,0xbf,0x01,0x00,0x00,0x00,0x00,0x00,0x00,0xf9,0x00,
0x00,0x00,0x12,0x00,0x01,0x00,0x16,0x17,0x00,0x00,0x00,0x00,0x00,0x00,0xab,0x00,
0x00,0x00,0x00,0x00,0x00,0x00,0x03,0x01,0x00,0x00,0x12,0x00,0x01,0x00,0xc1,0x17,
0x00,0x00,0x00,0x00,0x00,0x00,0xce,0x00,0x00,0x00,0x00,0x00,0x00,0x00,0x0d,0x01,
0x00,0x00,0x12,0x00,0x01,0x00,0x8f,0x18,0x00,0x00,0x00,0x00,0x00,0x00,0x90,0x00,
0x00,0x00,0x00,0x00,0x00,0x00,0x1a,0x01,0x00,0x00,0x12,0x00,0x01,0x00,0x1f,0x19,
0x00,0x00,0x00,0x00,0x00,0x00,0xa7,0x00,0x00,0x00,0x00,0x00,0x00,0x00,0x27,0x01,
0x00,0x00,0x12,0x00,0x01,0x00,0xc6,0x19,0x00,0x00,0x00,0x00,0x00,0x00,0xab,0x00,
0x00,0x00,0x00,0x00,0x00,0x00,0x33,0x01,0x00,0x00,0x12,0x00,0x01,0x00,0x71,0x1a,
0x00,0x00,0x00,0x00,0x00,0x00,0xc6,0x00,0x00,0x00,0x00,0x00,0x00,0x00,0x3f,0x01,
0x00,0x00,0x12,0x00,0x01,0x00,0x37,0x1b,0x00,0x00,0x00,0x00,0x00,0x00,0x88,0x00,
0x00,0x00,0x00,0x00,0x00,0x00,0x4d,0x01,0x00,0x00,0x12,0x00,0x01,0x00,0xbf,0x1b,
0x00,0x00,0x00,0x00,0x00,0x00,0x9d,0x00,0x00,0x00,0x00,0x00,0x00,0x00,0x5b,0x01,
0x00,0x00,0x12,0x00,0x01,0x00,0xc0,0x1d,0x00,0x00,0x00,0x00,0x00,0x00,0x2d,0x00,
0x00,0x00,0x00,0x00,0x00,0x00,0x63,0x01,0x00,0x00,0x12,0x00,0x01,0x00,0xed,0x1d,
0x00,0x00,0x00,0x00,0x00,0x00,0x2d,0x00,0x00,0x00,0x00,0x00,0x00,0x00,0x6b,0x01,
0x00,0x00,0x12,0x00,0x01,0x00,0x1a,0x1e,0x00,0x00,0x00,0x00,0x00,0x00,0x25,0x00,
0x00,0x00,0x00,0x00,0x00,0x00,0x73,0x01,0x00,0x00,0x12,0x00,0x01,0x00,0x3f,0x1e,
0x00,0x00,0x00,0x00,0x00,0x00,0x25,0x00,0x00,0x00,0x00,0x00,0x00,0x00,0x7b,0x01,
0x00,0x00,0x12,0x00,0x01,0x00,0x64,0x1e,0x00,0x00,0x00,0x00,0x00,0x00,0x27,0x00,
0x00,0x00,0x00,0x00,0x00,0x00,0x83,0x01,0x00,0x00,0x12,0x00,0x01,0x00,0x8b,0x1e,
0x00,0x00,0x00,0x00,0x00,0x00,0x27,0x00,0x00,0x00,0x00,0x00,0x00,0x00,0x8b,0x01,
0x00,0x00,0x12,0x00,0x01,0x00,0xb2,0x1e,0x00,0x00,0x00,0x00,0x00,0x00,0x2e,0x00,
0x00,0x00,0x00,0x00,0x00,0x00,0x00,0x66,0x6c,0x6f,0x61,0x74,0x31,0x32,0x38,0x2e,
0x63,0x00,0x66,0x33,0x5f,0x7a,0x65,0x72,0x6f,0x00,0x66,0x33,0x5f,0x69,0x6e,0x66,
0x69,0x6e,0x69,0x74,0x79,0x00,0x66,0x33,0x5f,0x4e,0x61,0x4e,0x00,0x66,0x70,0x33,
0x5f,0x63,0x6f,0x6e,0x76,0x65,0x72,0x74,0x5f,0x4e,0x61,0x4e,0x00,0x66,0x70,0x33,
0x5f,0x64,0x65,0x74,0x65,0x63,0x74,0x5f,0x4e,0x61,0x4e,0x73,0x00,0x66,0x33,0x5f,
0x75,0x6e,0x70,0x61,0x63,0x6b,0x00,0x66,0x33,0x5f,0x6e,0x6f,0x72,0x6d,0x61,0x6c,
0x69,0x73,0x65,0x00,0x66,0x33,0x5f,0x73,0x74,0x69,0x63,0x6b,0x79,0x5f,0x73,0x68,
0x69,0x66,0x74,0x00,0x66,0x33,0x5f,0x72,0x6f,0x75,0x6e,0x64,0x00,0x66,0x33,0x5f,
0x61,0x64,0x64,0x00,0x66,0x33,0x5f,0x63,0x6d,0x70,0x00,0x5f,0x5f,0x73,0x74,0x61,
0x63,0x6b,0x5f,0x63,0x68,0x6b,0x5f,0x66,0x61,0x69,0x6c,0x00,0x5f,0x5f,0x61,0x64,
0x64,0x74,0x66,0x33,0x00,0x5f,0x5f,0x73,0x75,0x62,0x74,0x66,0x33,0x00,0x5f,0x5f,
0x6d,0x75,0x6c,0x74,0x66,0x33,0x00,0x5f,0x5f,0x64,0x69,0x76,0x74,0x66,0x33,0x00,
0x5f,0x5f,0x6e,0x65,0x67,0x74,0x66,0x32,0x00,0x5f,0x5f,0x65,0x78,0x74,0x65,0x6e,
0x64,0x73,0x66,0x74,0x66,0x32,0x00,0x5f,0x5f,0x65,0x78,0x74,0x65,0x6e,0x64,0x64,
0x66,0x74,0x66,0x32,0x00,0x5f,0x5f,0x74,0x72,0x75,0x6e,0x63,0x74,0x66,0x73,0x66,
0x32,0x00,0x5f,0x5f,0x74,0x72,0x75,0x6e,0x63,0x74,0x66,0x64,0x66,0x32,0x00,0x5f,
0x5f,0x66,0x69,0x78,0x74,0x66,0x73,0x69,0x00,0x5f,0x5f,0x66,0x69,0x78,0x74,0x66,
0x64,0x69,0x00,0x5f,0x5f,0x66,0x69,0x78,0x75,0x6e,0x73,0x74,0x66,0x73,0x69,0x00,
0x5f,0x5f,0x66,0x69,0x78,0x75,0x6e,0x73,0x74,0x66,0x64,0x69,0x00,0x5f,0x5f,0x66,
0x6c,0x6f,0x61,0x74,0x73,0x69,0x74,0x66,0x00,0x5f,0x5f,0x66,0x6c,0x6f,0x61,0x74,
0x64,0x69,0x74,0x66,0x00,0x5f,0x5f,0x66,0x6c,0x6f,0x61,0x74,0x75,0x6e,0x73,0x69,
0x74,0x66,0x00,0x5f,0x5f,0x66,0x6c,0x6f,0x61,0x74,0x75,0x6e,0x64,0x69,0x74,0x66,
0x00,0x5f,0x5f,0x65,0x71,0x74,0x66,0x32,0x00,0x5f,0x5f,0x6e,0x65,0x74,0x66,0x32,
0x00,0x5f,0x5f,0x6c,0x74,0x74,0x66,0x32,0x00,0x5f,0x5f,0x6c,0x65,0x74,0x66,0x32,
0x00,0x5f,0x5f,0x67,0x74,0x74,0x66,0x32,0x00,0x5f,0x5f,0x67,0x65,0x74,0x66,0x32,
0x00,0x5f,0x5f,0x75,0x6e,0x6f,0x72,0x64,0x74,0x66,0x32,0x00,0x00,0x00,0x8e,0x08,
0x00,0x00,0x00,0x00,0x00,0x00,0x04,0x00,0x00,0x00,0x0e,0x00,0x00,0x00,0xfc,0xff,
0xff,0xff,0xff,0xff,0xff,0xff,0xd0,0x0d,0x00,0x00,0x00,0x00,0x00,0x00,0x04,0x00,
0x00,0x00,0x0e,0x00,0x00,0x00,0xfc,0xff,0xff,0xff,0xff,0xff,0xff,0xff,0xc5,0x10,
0x00,0x00,0x00,0x00,0x00,0x00,0x04,0x00,0x00,0x00,0x0e,0x00,0x00,0x00,0xfc,0xff,
0xff,0xff,0xff,0xff,0xff,0xff,0x51,0x15,0x00,0x00,0x00,0x00,0x00,0x00,0x04,0x00,
0x00,0x00,0x0e,0x00,0x00,0x00,0xfc,0xff,0xff,0xff,0xff,0xff,0xff,0xff,0x10,0x17,
0x00,0x00,0x00,0x00,0x00,0x00,0x04,0x00,0x00,0x00,0x0e,0x00,0x00,0x00,0xfc,0xff,
0xff,0xff,0xff,0xff,0xff,0xff,0xbb,0x17,0x00,0x00,0x00,0x00,0x00,0x00,0x04,0x00,
0x00,0x00,0x0e,0x00,0x00,0x00,0xfc,0xff,0xff,0xff,0xff,0xff,0xff,0xff,0x89,0x18,
0x00,0x00,0x00,0x00,0x00,0x00,0x04,0x00,0x00,0x00,0x0e,0x00,0x00,0x00,0xfc,0xff,
0xff,0xff,0xff,0xff,0xff,0xff,0x19,0x19,0x00,0x00,0x00,0x00,0x00,0x00,0x04,0x00,
0x00,0x00,0x0e,0x00,0x00,0x00,0xfc,0xff,0xff,0xff,0xff,0xff,0xff,0xff,0xc0,0x19,
0x00,0x00,0x00,0x00,0x00,0x00,0x04,0x00,0x00,0x00,0x0e,0x00,0x00,0x00,0xfc,0xff,
0xff,0xff,0xff,0xff,0xff,0xff,0x20,0x00,0x00,0x00,0x00,0x00,0x00,0x00,0x02,0x00,
0x00,0x00,0x02,0x00,0x00,0x00,0x00,0x00,0x00,0x00,0x00,0x00,0x00,0x00,0x40,0x00,
0x00,0x00,0x00,0x00,0x00,0x00,0x02,0x00,0x00,0x00,0x02,0x00,0x00,0x00,0x27,0x00,
0x00,0x00,0x00,0x00,0x00,0x00,0x60,0x00,0x00,0x00,0x00,0x00,0x00,0x00,0x02,0x00,
0x00,0x00,0x02,0x00,0x00,0x00,0x5e,0x00,0x00,0x00,0x00,0x00,0x00,0x00,0x80,0x00,
0x00,0x00,0x00,0x00,0x00,0x00,0x02,0x00,0x00,0x00,0x02,0x00,0x00,0x00,0x83,0x00,
0x00,0x00,0x00,0x00,0x00,0x00,0xa0,0x00,0x00,0x00,0x00,0x00,0x00,0x00,0x02,0x00,
0x00,0x00,0x02,0x00,0x00,0x00,0xda,0x00,0x00,0x00,0x00,0x00,0x00,0x00,0xc0,0x00,
0x00,0x00,0x00,0x00,0x00,0x00,0x02,0x00,0x00,0x00,0x02,0x00,0x00,0x00,0x79,0x01,
0x00,0x00,0x00,0x00,0x00,0x00,0xe0,0x00,0x00,0x00,0x00,0x00,0x00,0x00,0x02,0x00,
0x00,0x00,0x02,0x00,0x00,0x00,0x0e,0x02,0x00,0x00,0x00,0x00,0x00,0x00,0x00,0x01,
0x00,0x00,0x00,0x00,0x00,0x00,0x02,0x00,0x00,0x00,0x02,0x00,0x00,0x00,0x06,0x03,
0x00,0x00,0x00,0x00,0x00,0x00,0x20,0x01,0x00,0x00,0x00,0x00,0x00,0x00,0x02,0x00,
0x00,0x00,0x02,0x00,0x00,0x00,0x00,0x04,0x00,0x00,0x00,0x00,0x00,0x00,0x40,0x01,
0x00,0x00,0x00,0x00,0x00,0x00,0x02,0x00,0x00,0x00,0x02,0x00,0x00,0x00,0xb3,0x05,
0x00,0x00,0x00,0x00,0x00,0x00,0x60,0x01,0x00,0x00,0x00,0x00,0x00,0x00,0x02,0x00,
0x00,0x00,0x02,0x00,0x00,0x00,0x94,0x08,0x00,0x00,0x00,0x00,0x00,0x00,0x80,0x01,
0x00,0x00,0x00,0x00,0x00,0x00,0x02,0x00,0x00,0x00,0x02,0x00,0x00,0x00,0xbe,0x08,
0x00,0x00,0x00,0x00,0x00,0x00,0xa0,0x01,0x00,0x00,0x00,0x00,0x00,0x00,0x02,0x00,
0x00,0x00,0x02,0x00,0x00,0x00,0xe8,0x08,0x00,0x00,0x00,0x00,0x00,0x00,0xc0,0x01,
0x00,0x00,0x00,0x00,0x00,0x00,0x02,0x00,0x00,0x00,0x02,0x00,0x00,0x00,0xd6,0x0d,
0x00,0x00,0x00,0x00,0x00,0x00,0xe0,0x01,0x00,0x00,0x00,0x00,0x00,0x00,0x02,0x00,
0x00,0x00,0x02,0x00,0x00,0x00,0xcb,0x10,0x00,0x00,0x00,0x00,0x00,0x00,0x00,0x02,
0x00,0x00,0x00,0x00,0x00,0x00,0x02,0x00,0x00,0x00,0x02,0x00,0x00,0x00,0xfb,0x10,
0x00,0x00,0x00,0x00,0x00,0x00,0x20,0x02,0x00,0x00,0x00,0x00,0x00,0x00,0x02,0x00,
0x00,0x00,0x02,0x00,0x00,0x00,0x5c,0x12,0x00,0x00,0x00,0x00,0x00,0x00,0x40,0x02,
0x00,0x00,0x00,0x00,0x00,0x00,0x02,0x00,0x00,0x00,0x02,0x00,0x00,0x00,0xe6,0x13,
0x00,0x00,0x00,0x00,0x00,0x00,0x60,0x02,0x00,0x00,0x00,0x00,0x00,0x00,0x02,0x00,
0x00,0x00,0x02,0x00,0x00,0x00,0x57,0x15,0x00,0x00,0x00,0x00,0x00,0x00,0x80,0x02,
0x00,0x00,0x00,0x00,0x00,0x00,0x02,0x00,0x00,0x00,0x02,0x00,0x00,0x00,0x16,0x17,
0x00,0x00,0x00,0x00,0x00,0x00,0xa0,0x02,0x00,0x00,0x00,0x00,0x00,0x00,0x02,0x00,
0x00,0x00,0x02,0x00,0x00,0x00,0xc1,0x17,0x00,0x00,0x00,0x00,0x00,0x00,0xc0,0x02,
0x00,0x00,0x00,0x00,0x00,0x00,0x02,0x00,0x00,0x00,0x02,0x00,0x00,0x00,0x8f,0x18,
0x00,0x00,0x00,0x00,0x00,0x00,0xe0,0x02,0x00,0x00,0x00,0x00,0x00,0x00,0x02,0x00,
0x00,0x00,0x02,0x00,0x00,0x00,0x1f,0x19,0x00,0x00,0x00,0x00,0x00,0x00,0x00,0x03,
0x00,0x00,0x00,0x00,0x00,0x00,0x02,0x00,0x00,0x00,0x02,0x00,0x00,0x00,0xc6,0x19,
0x00,0x00,0x00,0x00,0x00,0x00,0x20,0x03,0x00,0x00,0x00,0x00,0x00,0x00,0x02,0x00,
0x00,0x00,0x02,0x00,0x00,0x00,0x71,0x1a,0x00,0x00,0x00,0x00,0x00,0x00,0x40,0x03,
0x00,0x00,0x00,0x00,0x00,0x00,0x02,0x00,0x00,0x00,0x02,0x00,0x00,0x00,0x37,0x1b,
0x00,0x00,0x00,0x00,0x00,0x00,0x60,0x03,0x00,0x00,0x00,0x00,0x00,0x00,0x02,0x00,
0x00,0x00,0x02,0x00,0x00,0x00,0xbf,0x1b,0x00,0x00,0x00,0x00,0x00,0x00,0x80,0x03,
0x00,0x00,0x00,0x00,0x00,0x00,0x02,0x00,0x00,0x00,0x02,0x00,0x00,0x00,0x5c,0x1c,
0x00,0x00,0x00,0x00,0x00,0x00,0xa0,0x03,0x00,0x00,0x00,0x00,0x00,0x00,0x02,0x00,
0x00,0x00,0x02,0x00,0x00,0x00,0xc0,0x1d,0x00,0x00,0x00,0x00,0x00,0x00,0xc0,0x03,
0x00,0x00,0x00,0x00,0x00,0x00,0x02,0x00,0x00,0x00,0x02,0x00,0x00,0x00,0xed,0x1d,
0x00,0x00,0x00,0x00,0x00,0x00,0xe0,0x03,0x00,0x00,0x00,0x00,0x00,0x00,0x02,0x00,
0x00,0x00,0x02,0x00,0x00,0x00,0x1a,0x1e,0x00,0x00,0x00,0x00,0x00,0x00,0x00,0x04,
0x00,0x00,0x00,0x00,0x00,0x00,0x02,0x00,0x00,0x00,0x02,0x00,0x00,0x00,0x3f,0x1e,
0x00,0x00,0x00,0x00,0x00,0x00,0x20,0x04,0x00,0x00,0x00,0x00,0x00,0x00,0x02,0x00,
0x00,0x00,0x02,0x00,0x00,0x00,0x64,0x1e,0x00,0x00,0x00,0x00,0x00,0x00,0x40,0x04,
0x00,0x00,0x00,0x00,0x00,0x00,0x02,0x00,0x00,0x00,0x02,0x00,0x00,0x00,0x8b,0x1e,
0x00,0x00,0x00,0x00,0x00,0x00,0x60,0x04,0x00,0x00,0x00,0x00,0x00,0x00,0x02,0x00,
0x00,0x00,0x02,0x00,0x00,0x00,0xb2,0x1e,0x00,0x00,0x00,0x00,0x00,0x00,0x00,0x2e,
0x73,0x79,0x6d,0x74,0x61,0x62,0x00,0x2e,0x73,0x74,0x72,0x74,0x61,0x62,0x00,0x2e,
0x73,0x68,0x73,0x74,0x72,0x74,0x61,0x62,0x00,0x2e,0x72,0x65,0x6c,0x61,0x2e,0x74,
0x65,0x78,0x74,0x00,0x2e,0x64,0x61,0x74,0x61,0x00,0x2e,0x62,0x73,0x73,0x00,0x2e,
0x63,0x6f,0x6d,0x6d,0x65,0x6e,0x74,0x00,0x2e,0x6e,0x6f,0x74,0x65,0x2e,0x47,0x4e,
0x55,0x2d,0x73,0x74,0x61,0x63,0x6b,0x00,0x2e,0x6e,0x6f,0x74,0x65,0x2e,0x67,0x6e,
0x75,0x2e,0x70,0x72,0x6f,0x70,0x65,0x72,0x74,0x79,0x00,0x2e,0x72,0x65,0x6c,0x61,
0x2e,0x65,0x68,0x5f,0x66,0x72,0x61,0x6d,0x65,0x00,0x00,0x00,0x00,0x00,0x00,0x00,
0x00,0x00,0x00,0x00,0x00,0x00,0x00,0x00,0x00,0x00,0x00,0x00,0x00,0x00,0x00,0x00,
0x00,0x00,0x00,0x00,0x00,0x00,0x00,0x00,0x00,0x00,0x00,0x00,0x00,0x00,0x00,0x00,
0x00,0x00,0x00,0x00,0x00,0x00,0x00,0x00,0x00,0x00,0x00,0x00,0x00,0x00,0x00,0x00,
0x00,0x00,0x00,0x00,0x00,0x00,0x00,0x00,0x00,0x00,0x00,0x00,0x00,0x00,0x20,0x00,
0x00,0x00,0x01,0x00,0x00,0x00,0x06,0x00,0x00,0x00,0x00,0x00,0x00,0x00,0x00,0x00,
0x00,0x00,0x00,0x00,0x00,0x00,0x40,0x00,0x00,0x00,0x00,0x00,0x00,0x00,0xe0,0x1e,
0x00,0x00,0x00,0x00,0x00,0x00,0x00,0x00,0x00,0x00,0x00,0x00,0x00,0x00,0x01,0x00,
0x00,0x00,0x00,0x00,0x00,0x00,0x00,0x00,0x00,0x00,0x00,0x00,0x00,0x00,0x1b,0x00,
0x00,0x00,0x04,0x00,0x00,0x00,0x40,0x00,0x00,0x00,0x00,0x00,0x00,0x00,0x00,0x00,
0x00,0x00,0x00,0x00,0x00,0x00,0x48,0x29,0x00,0x00,0x00,0x00,0x00,0x00,0xd8,0x00,
0x00,0x00,0x00,0x00,0x00,0x00,0x0a,0x00,0x00,0x00,0x01,0x00,0x00,0x00,0x08,0x00,
0x00,0x00,0x00,0x00,0x00,0x00,0x18,0x00,0x00,0x00,0x00,0x00,0x00,0x00,0x26,0x00,
0x00,0x00,0x01,0x00,0x00,0x00,0x03,0x00,0x00,0x00,0x00,0x00,0x00,0x00,0x00,0x00,
0x00,0x00,0x00,0x00,0x00,0x00,0x20,0x1f,0x00,0x00,0x00,0x00,0x00,0x00,0x00,0x00,
0x00,0x00,0x00,0x00,0x00,0x00,0x00,0x00,0x00,0x00,0x00,0x00,0x00,0x00,0x01,0x00,
0x00,0x00,0x00,0x00,0x00,0x00,0x00,0x00,0x00,0x00,0x00,0x00,0x00,0x00,0x2c,0x00,
0x00,0x00,0x08,0x00,0x00,0x00,0x03,0x00,0x00,0x00,0x00,0x00,0x00,0x00,0x00,0x00,
0x00,0x00,0x00,0x00,0x00,0x00,0x20,0x1f,0x00,0x00,0x00,0x00,0x00,0x00,0x00,0x00,
0x00,0x00,0x00,0x00,0x00,0x00,0x00,0x00,0x00,0x00,0x00,0x00,0x00,0x00,0x01,0x00,
0x00,0x00,0x00,0x00,0x00,0x00,0x00,0x00,0x00,0x00,0x00,0x00,0x00,0x00,0x31,0x00,
0x00,0x00,0x01,0x00,0x00,0x00,0x30,0x00,0x00,0x00,0x00,0x00,0x00,0x00,0x00,0x00,
0x00,0x00,0x00,0x00,0x00,0x00,0x20,0x1f,0x00,0x00,0x00,0x00,0x00,0x00,0x20,0x00,
0x00,0x00,0x00,0x00,0x00,0x00,0x00,0x00,0x00,0x00,0x00,0x00,0x00,0x00,0x01,0x00,
0x00,0x00,0x00,0x00,0x00,0x00,0x01,0x00,0x00,0x00,0x00,0x00,0x00,0x00,0x3a,0x00,
0x00,0x00,0x01,0x00,0x00,0x00,0x00,0x00,0x00,0x00,0x00,0x00,0x00,0x00,0x00,0x00,
0x00,0x00,0x00,0x00,0x00,0x00,0x40,0x1f,0x00,0x00,0x00,0x00,0x00,0x00,0x00,0x00,
0x00,0x00,0x00,0x00,0x00,0x00,0x00,0x00,0x00,0x00,0x00,0x00,0x00,0x00,0x01,0x00,
0x00,0x00,0x00,0x00,0x00,0x00,0x00,0x00,0x00,0x00,0x00,0x00,0x00,0x00,0x4a,0x00,
0x00,0x00,0x07,0x00,0x00,0x00,0x02,0x00,0x00,0x00,0x00,0x00,0x00,0x00,0x00,0x00,
0x00,0x00,0x00,0x00,0x00,0x00,0x40,0x1f,0x00,0x00,0x00,0x00,0x00,0x00,0x50,0x00,
0x00,0x00,0x00,0x00,0x00,0x00,0x00,0x00,0x00,0x00,0x00,0x00,0x00,0x00,0x08,0x00,
0x00,0x00,0x00,0x00,0x00,0x00,0x00,0x00,0x00,0x00,0x00,0x00,0x00,0x00,0x62,0x00,
0x00,0x00,0x01,0x00,0x00,0x00,0x02,0x00,0x00,0x00,0x00,0x00,0x00,0x00,0x00,0x00,
0x00,0x00,0x00,0x00,0x00,0x00,0x90,0x1f,0x00,0x00,0x00,0x00,0x00,0x00,0x78,0x04,
0x00,0x00,0x00,0x00,0x00,0x00,0x00,0x00,0x00,0x00,0x00,0x00,0x00,0x00,0x08,0x00,
0x00,0x00,0x00,0x00,0x00,0x00,0x00,0x00,0x00,0x00,0x00,0x00,0x00,0x00,0x5d,0x00,
0x00,0x00,0x04,0x00,0x00,0x00,0x40,0x00,0x00,0x00,0x00,0x00,0x00,0x00,0x00,0x00,
0x00,0x00,0x00,0x00,0x00,0x00,0x20,0x2a,0x00,0x00,0x00,0x00,0x00,0x00,0x48,0x03,
0x00,0x00,0x00,0x00,0x00,0x00,0x0a,0x00,0x00,0x00,0x08,0x00,0x00,0x00,0x08,0x00,
0x00,0x00,0x00,0x00,0x00,0x00,0x18,0x00,0x00,0x00,0x00,0x00,0x00,0x00,0x01,0x00,
0x00,0x00,0x02,0x00,0x00,0x00,0x00,0x00,0x00,0x00,0x00,0x00,0x00,0x00,0x00,0x00,
0x00,0x00,0x00,0x00,0x00,0x00,0x08,0x24,0x00,0x00,0x00,0x00,0x00,0x00,0xa8,0x03,
0x00,0x00,0x00,0x00,0x00,0x00,0x0b,0x00,0x00,0x00,0x0e,0x00,0x00,0x00,0x08,0x00,
0x00,0x00,0x00,0x00,0x00,0x00,0x18,0x00,0x00,0x00,0x00,0x00,0x00,0x00,0x09,0x00,
0x00,0x00,0x03,0x00,0x00,0x00,0x00,0x00,0x00,0x00,0x00,0x00,0x00,0x00,0x00,0x00,
0x00,0x00,0x00,0x00,0x00,0x00,0xb0,0x27,0x00,0x00,0x00,0x00,0x00,0x00,0x96,0x01,
0x00,0x00,0x00,0x00,0x00,0x00,0x00,0x00,0x00,0x00,0x00,0x00,0x00,0x00,0x01,0x00,
0x00,0x00,0x00,0x00,0x00,0x00,0x00,0x00,0x00,0x00,0x00,0x00,0x00,0x00,0x11,0x00,
0x00,0x00,0x03,0x00,0x00,0x00,0x00,0x00,0x00,0x00,0x00,0x00,0x00,0x00,0x00,0x00,
0x00,0x00,0x00,0x00,0x00,0x00,0x68,0x2d,0x00,0x00,0x00,0x00,0x00,0x00,0x6c,0x00,
0x00,0x00,0x00,0x00,0x00,0x00,0x00,0x00,0x00,0x00,0x00,0x00,0x00,0x00,0x01,0x00,
0x00,0x00,0x00,0x00,0x00,0x00,0x00,0x00,0x00,0x00,0x00,0x00,0x00,0x00,0x75,0x6e,
0x77,0x69,0x6e,0x64,0x2d,0x73,0x74,0x75,0x62,0x2e,0x6f,0x2f,0x20,0x20,0x31,0x37,
0x38,0x35,0x37,0x37,0x39,0x35,0x35,0x32,0x20,0x20,0x31,0x30,0x30,0x30,0x20,0x20,
0x31,0x30,0x30,0x30,0x20,0x20,0x31,0x30,0x30,0x36,0x34,0x34,0x20,0x20,0x32,0x35,
0x39,0x32,0x20,0x20,0x20,0x20,0x20,0x20,0x60,0x0a,0x7f,0x45,0x4c,0x46,0x02,0x01,
0x01,0x00,0x00,0x00,0x00,0x00,0x00,0x00,0x00,0x00,0x01,0x00,0x3e,0x00,0x01,0x00,
0x00,0x00,0x00,0x00,0x00,0x00,0x00,0x00,0x00,0x00,0x00,0x00,0x00,0x00,0x00,0x00,
0x00,0x00,0xa0,0x06,0x00,0x00,0x00,0x00,0x00,0x00,0x00,0x00,0x00,0x00,0x40,0x00,
0x00,0x00,0x00,0x00,0x40,0x00,0x0e,0x00,0x0d,0x00,0xf3,0x0f,0x1e,0xfa,0x55,0x48,
0x89,0xe5,0x48,0x83,0xec,0x20,0x48,0x89,0x7d,0xe8,0x48,0x8d,0x05,0x00,0x00,0x00,
0x00,0xba,0x30,0x00,0x00,0x00,0x48,0x89,0xc6,0xbf,0x02,0x00,0x00,0x00,0xe8,0x00,
0x00,0x00,0x00,0x48,0x8b,0x45,0xe8,0x48,0x89,0x45,0xf8,0xeb,0x05,0x48,0x83,0x45,
0xf8,0x01,0x48,0x8b,0x45,0xf8,0x0f,0xb6,0x00,0x84,0xc0,0x75,0xf0,0x48,0x8b,0x45,
0xf8,0x48,0x2b,0x45,0xe8,0x48,0x89,0xc2,0x48,0x8b,0x45,0xe8,0x48,0x89,0xc6,0xbf,
0x02,0x00,0x00,0x00,0xe8,0x00,0x00,0x00,0x00,0x48,0x8d,0x05,0x00,0x00,0x00,0x00,
0xba,0x01,0x00,0x00,0x00,0x48,0x89,0xc6,0xbf,0x02,0x00,0x00,0x00,0xe8,0x00,0x00,
0x00,0x00,0xe8,0x00,0x00,0x00,0x00,0xf3,0x0f,0x1e,0xfa,0x55,0x48,0x89,0xe5,0x48,
0x83,0xec,0x10,0x48,0x89,0x7d,0xf8,0x48,0x8d,0x05,0x00,0x00,0x00,0x00,0x48,0x89,
0xc7,0xe8,0x64,0xff,0xff,0xff,0x0f,0x0b,0xf3,0x0f,0x1e,0xfa,0x55,0x48,0x89,0xe5,
0x48,0x83,0xec,0x20,0x48,0x89,0x7d,0xf8,0x48,0x89,0x75,0xf0,0x48,0x89,0x55,0xe8,
0x48,0x8d,0x05,0x00,0x00,0x00,0x00,0x48,0x89,0xc7,0xe8,0x3b,0xff,0xff,0xff,0xb8,
0x00,0x00,0x00,0x00,0xc9,0xc3,0xf3,0x0f,0x1e,0xfa,0x55,0x48,0x89,0xe5,0x48,0x83,
0xec,0x10,0x48,0x89,0x7d,0xf8,0x48,0x8d,0x05,0x00,0x00,0x00,0x00,0x48,0x89,0xc7,
0xe8,0x15,0xff,0xff,0xff,0xb8,0x00,0x00,0x00,0x00,0xc9,0xc3,0xf3,0x0f,0x1e,0xfa,
0x55,0x48,0x89,0xe5,0x48,0x83,0xec,0x20,0x89,0x7d,0xfc,0x89,0x75,0xf8,0x48,0x89,
0x55,0xf0,0x48,0x89,0x4d,0xe8,0x4c,0x89,0x45,0xe0,0x48,0x8d,0x05,0x00,0x00,0x00,
0x00,0x48,0x89,0xc7,0xe8,0xe1,0xfe,0xff,0xff,0xb8,0x00,0x00,0x00,0x00,0xc9,0xc3,
0x00,0x00,0x0a,0x00,0x5f,0x55,0x6e,0x77,0x69,0x6e,0x64,0x5f,0x52,0x65,0x73,0x75,
0x6d,0x65,0x00,0x5f,0x55,0x6e,0x77,0x69,0x6e,0x64,0x5f,0x46,0x6f,0x72,0x63,0x65,
0x64,0x55,0x6e,0x77,0x69,0x6e,0x64,0x00,0x5f,0x55,0x6e,0x77,0x69,0x6e,0x64,0x5f,
0x47,0x65,0x74,0x43,0x46,0x41,0x00,0x5f,0x5f,0x67,0x63,0x63,0x5f,0x70,0x65,0x72,
0x73,0x6f,0x6e,0x61,0x6c,0x69,0x74,0x79,0x5f,0x76,0x30,0x00,0x00,0x00,0x00,0x00,
0x00,0x00,0x00,0x00,0x00,0x00,0x00,0x00,0x00,0x00,0x00,0x00,0x00,0x00,0x00,0x00,
0x00,0x00,0x6d,0x63,0x63,0x3a,0x20,0x73,0x74,0x61,0x74,0x69,0x63,0x20,0x72,0x75,
0x6e,0x74,0x69,0x6d,0x65,0x3a,0x20,0x75,0x6e,0x73,0x75,0x70,0x70,0x6f,0x72,0x74,
0x65,0x64,0x20,0x75,0x6e,0x77,0x69,0x6e,0x64,0x65,0x72,0x20,0x63,0x61,0x6c,0x6c,
0x3a,0x20,0x00,0x00,0x47,0x43,0x43,0x3a,0x20,0x28,0x47,0x65,0x6e,0x74,0x6f,0x6f,
0x20,0x31,0x35,0x2e,0x33,0x2e,0x30,0x20,0x70,0x38,0x29,0x20,0x31,0x35,0x2e,0x33,
0x2e,0x30,0x00,0x00,0x00,0x00,0x00,0x00,0x00,0x00,0x04,0x00,0x00,0x00,0x10,0x00,
0x00,0x00,0x05,0x00,0x00,0x00,0x47,0x4e,0x55,0x00,0x02,0x00,0x00,0xc0,0x04,0x00,
0x00,0x00,0x03,0x00,0x00,0x00,0x00,0x00,0x00,0x00,0x04,0x00,0x00,0x00,0x20,0x00,
0x00,0x00,0x05,0x00,0x00,0x00,0x47,0x4e,0x55,0x00,0x02,0x00,0x01,0xc0,0x04,0x00,
0x00,0x00,0x01,0x00,0x00,0x00,0x00,0x00,0x00,0x00,0x01,0x00,0x01,0xc0,0x04,0x00,
0x00,0x00,0x01,0x00,0x00,0x00,0x00,0x00,0x00,0x00,0x14,0x00,0x00,0x00,0x00,0x00,
0x00,0x00,0x01,0x7a,0x52,0x00,0x01,0x78,0x10,0x01,0x1b,0x0c,0x07,0x08,0x90,0x01,
0x00,0x00,0x18,0x00,0x00,0x00,0x1c,0x00,0x00,0x00,0x00,0x00,0x00,0x00,0x7d,0x00,
0x00,0x00,0x00,0x45,0x0e,0x10,0x86,0x02,0x43,0x0d,0x06,0x00,0x00,0x00,0x18,0x00,
0x00,0x00,0x38,0x00,0x00,0x00,0x00,0x00,0x00,0x00,0x21,0x00,0x00,0x00,0x00,0x45,
0x0e,0x10,0x86,0x02,0x43,0x0d,0x06,0x00,0x00,0x00,0x1c,0x00,0x00,0x00,0x54,0x00,
0x00,0x00,0x00,0x00,0x00,0x00,0x2e,0x00,0x00,0x00,0x00,0x45,0x0e,0x10,0x86,0x02,
0x43,0x0d,0x06,0x65,0x0c,0x07,0x08,0x00,0x00,0x00,0x1c,0x00,0x00,0x00,0x74,0x00,
0x00,0x00,0x00,0x00,0x00,0x00,0x26,0x00,0x00,0x00,0x00,0x45,0x0e,0x10,0x86,0x02,
0x43,0x0d,0x06,0x5d,0x0c,0x07,0x08,0x00,0x00,0x00,0x1c,0x00,0x00,0x00,0x94,0x00,
0x00,0x00,0x00,0x00,0x00,0x00,0x34,0x00,0x00,0x00,0x00,0x45,0x0e,0x10,0x86,0x02,
0x43,0x0d,0x06,0x6b,0x0c,0x07,0x08,0x00,0x00,0x00,0x00,0x00,0x00,0x00,0x00,0x00,
0x00,0x00,0x00,0x00,0x00,0x00,0x00,0x00,0x00,0x00,0x00,0x00,0x00,0x00,0x00,0x00,
0x00,0x00,0x01,0x00,0x00,0x00,0x04,0x00,0xf1,0xff,0x00,0x00,0x00,0x00,0x00,0x00,
0x00,0x00,0x00,0x00,0x00,0x00,0x00,0x00,0x00,0x00,0x00,0x00,0x00,0x00,0x03,0x00,
0x01,0x00,0x00,0x00,0x00,0x00,0x00,0x00,0x00,0x00,0x00,0x00,0x00,0x00,0x00,0x00,
0x00,0x00,0x00,0x00,0x00,0x00,0x03,0x00,0x05,0x00,0x00,0x00,0x00,0x00,0x00,0x00,
0x00,0x00,0x00,0x00,0x00,0x00,0x00,0x00,0x00,0x00,0x0f,0x00,0x00,0x00,0x02,0x00,
0x01,0x00,0x00,0x00,0x00,0x00,0x00,0x00,0x00,0x00,0x7d,0x00,0x00,0x00,0x00,0x00,
0x00,0x00,0x22,0x00,0x00,0x00,0x01,0x00,0x05,0x00,0x60,0x00,0x00,0x00,0x00,0x00,
0x00,0x00,0x31,0x00,0x00,0x00,0x00,0x00,0x00,0x00,0x28,0x00,0x00,0x00,0x10,0x00,
0x00,0x00,0x00,0x00,0x00,0x00,0x00,0x00,0x00,0x00,0x00,0x00,0x00,0x00,0x00,0x00,
0x00,0x00,0x2e,0x00,0x00,0x00,0x10,0x00,0x00,0x00,0x00,0x00,0x00,0x00,0x00,0x00,
0x00,0x00,0x00,0x00,0x00,0x00,0x00,0x00,0x00,0x00,0x34,0x00,0x00,0x00,0x22,0x00,
0x01,0x00,0x7d,0x00,0x00,0x00,0x00,0x00,0x00,0x00,0x21,0x00,0x00,0x00,0x00,0x00,
0x00,0x00,0x43,0x00,0x00,0x00,0x22,0x00,0x01,0x00,0x9e,0x00,0x00,0x00,0x00,0x00,
0x00,0x00,0x2e,0x00,0x00,0x00,0x00,0x00,0x00,0x00,0x58,0x00,0x00,0x00,0x22,0x00,
0x01,0x00,0xcc,0x00,0x00,0x00,0x00,0x00,0x00,0x00,0x26,0x00,0x00,0x00,0x00,0x00,
0x00,0x00,0x67,0x00,0x00,0x00,0x22,0x00,0x01,0x00,0xf2,0x00,0x00,0x00,0x00,0x00,
0x00,0x00,0x34,0x00,0x00,0x00,0x00,0x00,0x00,0x00,0x00,0x75,0x6e,0x77,0x69,0x6e,
0x64,0x2d,0x73,0x74,0x75,0x62,0x2e,0x63,0x00,0x75,0x6e,0x77,0x69,0x6e,0x64,0x5f,
0x75,0x6e,0x73,0x75,0x70,0x70,0x6f,0x72,0x74,0x65,0x64,0x00,0x70,0x72,0x65,0x2e,
0x30,0x00,0x77,0x72,0x69,0x74,0x65,0x00,0x61,0x62,0x6f,0x72,0x74,0x00,0x5f,0x55,
0x6e,0x77,0x69,0x6e,0x64,0x5f,0x52,0x65,0x73,0x75,0x6d,0x65,0x00,0x5f,0x55,0x6e,
0x77,0x69,0x6e,0x64,0x5f,0x46,0x6f,0x72,0x63,0x65,0x64,0x55,0x6e,0x77,0x69,0x6e,
0x64,0x00,0x5f,0x55,0x6e,0x77,0x69,0x6e,0x64,0x5f,0x47,0x65,0x74,0x43,0x46,0x41,
0x00,0x5f,0x5f,0x67,0x63,0x63,0x5f,0x70,0x65,0x72,0x73,0x6f,0x6e,0x61,0x6c,0x69,
0x74,0x79,0x5f,0x76,0x30,0x00,0x00,0x00,0x00,0x00,0x13,0x00,0x00,0x00,0x00,0x00,
0x00,0x00,0x02,0x00,0x00,0x00,0x03,0x00,0x00,0x00,0x5c,0x00,0x00,0x00,0x00,0x00,
0x00,0x00,0x25,0x00,0x00,0x00,0x00,0x00,0x00,0x00,0x04,0x00,0x00,0x00,0x06,0x00,
0x00,0x00,0xfc,0xff,0xff,0xff,0xff,0xff,0xff,0xff,0x5b,0x00,0x00,0x00,0x00,0x00,
0x00,0x00,0x04,0x00,0x00,0x00,0x06,0x00,0x00,0x00,0xfc,0xff,0xff,0xff,0xff,0xff,
0xff,0xff,0x62,0x00,0x00,0x00,0x00,0x00,0x00,0x00,0x02,0x00,0x00,0x00,0x03,0x00,
0x00,0x00,0xfc,0xff,0xff,0xff,0xff,0xff,0xff,0xff,0x74,0x00,0x00,0x00,0x00,0x00,
0x00,0x00,0x04,0x00,0x00,0x00,0x06,0x00,0x00,0x00,0xfc,0xff,0xff,0xff,0xff,0xff,
0xff,0xff,0x79,0x00,0x00,0x00,0x00,0x00,0x00,0x00,0x04,0x00,0x00,0x00,0x07,0x00,
0x00,0x00,0xfc,0xff,0xff,0xff,0xff,0xff,0xff,0xff,0x90,0x00,0x00,0x00,0x00,0x00,
0x00,0x00,0x02,0x00,0x00,0x00,0x03,0x00,0x00,0x00,0xfe,0xff,0xff,0xff,0xff,0xff,
0xff,0xff,0xb9,0x00,0x00,0x00,0x00,0x00,0x00,0x00,0x02,0x00,0x00,0x00,0x03,0x00,
0x00,0x00,0x0d,0x00,0x00,0x00,0x00,0x00,0x00,0x00,0xdf,0x00,0x00,0x00,0x00,0x00,
0x00,0x00,0x02,0x00,0x00,0x00,0x03,0x00,0x00,0x00,0x22,0x00,0x00,0x00,0x00,0x00,
0x00,0x00,0x13,0x01,0x00,0x00,0x00,0x00,0x00,0x00,0x02,0x00,0x00,0x00,0x03,0x00,
0x00,0x00,0x31,0x00,0x00,0x00,0x00,0x00,0x00,0x00,0x20,0x00,0x00,0x00,0x00,0x00,
0x00,0x00,0x02,0x00,0x00,0x00,0x02,0x00,0x00,0x00,0x00,0x00,0x00,0x00,0x00,0x00,
0x00,0x00,0x3c,0x00,0x00,0x00,0x00,0x00,0x00,0x00,0x02,0x00,0x00,0x00,0x02,0x00,
0x00,0x00,0x7d,0x00,0x00,0x00,0x00,0x00,0x00,0x00,0x58,0x00,0x00,0x00,0x00,0x00,
0x00,0x00,0x02,0x00,0x00,0x00,0x02,0x00,0x00,0x00,0x9e,0x00,0x00,0x00,0x00,0x00,
0x00,0x00,0x78,0x00,0x00,0x00,0x00,0x00,0x00,0x00,0x02,0x00,0x00,0x00,0x02,0x00,
0x00,0x00,0xcc,0x00,0x00,0x00,0x00,0x00,0x00,0x00,0x98,0x00,0x00,0x00,0x00,0x00,
0x00,0x00,0x02,0x00,0x00,0x00,0x02,0x00,0x00,0x00,0xf2,0x00,0x00,0x00,0x00,0x00,
0x00,0x00,0x00,0x2e,0x73,0x79,0x6d,0x74,0x61,0x62,0x00,0x2e,0x73,0x74,0x72,0x74,
0x61,0x62,0x00,0x2e,0x73,0x68,0x73,0x74,0x72,0x74,0x61,0x62,0x00,0x2e,0x72,0x65,
0x6c,0x61,0x2e,0x74,0x65,0x78,0x74,0x00,0x2e,0x64,0x61,0x74,0x61,0x00,0x2e,0x62,
0x73,0x73,0x00,0x2e,0x72,0x6f,0x64,0x61,0x74,0x61,0x00,0x2e,0x63,0x6f,0x6d,0x6d,
0x65,0x6e,0x74,0x00,0x2e,0x6e,0x6f,0x74,0x65,0x2e,0x47,0x4e,0x55,0x2d,0x73,0x74,
0x61,0x63,0x6b,0x00,0x2e,0x6e,0x6f,0x74,0x65,0x2e,0x67,0x6e,0x75,0x2e,0x70,0x72,
0x6f,0x70,0x65,0x72,0x74,0x79,0x00,0x2e,0x72,0x65,0x6c,0x61,0x2e,0x65,0x68,0x5f,
0x66,0x72,0x61,0x6d,0x65,0x00,0x00,0x00,0x00,0x00,0x00,0x00,0x00,0x00,0x00,0x00,
0x00,0x00,0x00,0x00,0x00,0x00,0x00,0x00,0x00,0x00,0x00,0x00,0x00,0x00,0x00,0x00,
0x00,0x00,0x00,0x00,0x00,0x00,0x00,0x00,0x00,0x00,0x00,0x00,0x00,0x00,0x00,0x00,
0x00,0x00,0x00,0x00,0x00,0x00,0x00,0x00,0x00,0x00,0x00,0x00,0x00,0x00,0x00,0x00,
0x00,0x00,0x00,0x00,0x00,0x00,0x00,0x00,0x00,0x00,0x20,0x00,0x00,0x00,0x01,0x00,
0x00,0x00,0x06,0x00,0x00,0x00,0x00,0x00,0x00,0x00,0x00,0x00,0x00,0x00,0x00,0x00,
0x00,0x00,0x40,0x00,0x00,0x00,0x00,0x00,0x00,0x00,0x26,0x01,0x00,0x00,0x00,0x00,
0x00,0x00,0x00,0x00,0x00,0x00,0x00,0x00,0x00,0x00,0x01,0x00,0x00,0x00,0x00,0x00,
0x00,0x00,0x00,0x00,0x00,0x00,0x00,0x00,0x00,0x00,0x1b,0x00,0x00,0x00,0x04,0x00,
0x00,0x00,0x40,0x00,0x00,0x00,0x00,0x00,0x00,0x00,0x00,0x00,0x00,0x00,0x00,0x00,
0x00,0x00,0xc0,0x04,0x00,0x00,0x00,0x00,0x00,0x00,0xf0,0x00,0x00,0x00,0x00,0x00,
0x00,0x00,0x0b,0x00,0x00,0x00,0x01,0x00,0x00,0x00,0x08,0x00,0x00,0x00,0x00,0x00,
0x00,0x00,0x18,0x00,0x00,0x00,0x00,0x00,0x00,0x00,0x26,0x00,0x00,0x00,0x01,0x00,
0x00,0x00,0x03,0x00,0x00,0x00,0x00,0x00,0x00,0x00,0x00,0x00,0x00,0x00,0x00,0x00,
0x00,0x00,0x66,0x01,0x00,0x00,0x00,0x00,0x00,0x00,0x00,0x00,0x00,0x00,0x00,0x00,
0x00,0x00,0x00,0x00,0x00,0x00,0x00,0x00,0x00,0x00,0x01,0x00,0x00,0x00,0x00,0x00,
0x00,0x00,0x00,0x00,0x00,0x00,0x00,0x00,0x00,0x00,0x2c,0x00,0x00,0x00,0x08,0x00,
0x00,0x00,0x03,0x00,0x00,0x00,0x00,0x00,0x00,0x00,0x00,0x00,0x00,0x00,0x00,0x00,
0x00,0x00,0x66,0x01,0x00,0x00,0x00,0x00,0x00,0x00,0x00,0x00,0x00,0x00,0x00,0x00,
0x00,0x00,0x00,0x00,0x00,0x00,0x00,0x00,0x00,0x00,0x01,0x00,0x00,0x00,0x00,0x00,
0x00,0x00,0x00,0x00,0x00,0x00,0x00,0x00,0x00,0x00,0x31,0x00,0x00,0x00,0x01,0x00,
0x00,0x00,0x02,0x00,0x00,0x00,0x00,0x00,0x00,0x00,0x00,0x00,0x00,0x00,0x00,0x00,
0x00,0x00,0x68,0x01,0x00,0x00,0x00,0x00,0x00,0x00,0x91,0x00,0x00,0x00,0x00,0x00,
0x00,0x00,0x00,0x00,0x00,0x00,0x00,0x00,0x00,0x00,0x20,0x00,0x00,0x00,0x00,0x00,
0x00,0x00,0x00,0x00,0x00,0x00,0x00,0x00,0x00,0x00,0x39,0x00,0x00,0x00,0x01,0x00,
0x00,0x00,0x30,0x00,0x00,0x00,0x00,0x00,0x00,0x00,0x00,0x00,0x00,0x00,0x00,0x00,
0x00,0x00,0xf9,0x01,0x00,0x00,0x00,0x00,0x00,0x00,0x20,0x00,0x00,0x00,0x00,0x00,
0x00,0x00,0x00,0x00,0x00,0x00,0x00,0x00,0x00,0x00,0x01,0x00,0x00,0x00,0x00,0x00,
0x00,0x00,0x01,0x00,0x00,0x00,0x00,0x00,0x00,0x00,0x42,0x00,0x00,0x00,0x01,0x00,
0x00,0x00,0x00,0x00,0x00,0x00,0x00,0x00,0x00,0x00,0x00,0x00,0x00,0x00,0x00,0x00,
0x00,0x00,0x19,0x02,0x00,0x00,0x00,0x00,0x00,0x00,0x00,0x00,0x00,0x00,0x00,0x00,
0x00,0x00,0x00,0x00,0x00,0x00,0x00,0x00,0x00,0x00,0x01,0x00,0x00,0x00,0x00,0x00,
0x00,0x00,0x00,0x00,0x00,0x00,0x00,0x00,0x00,0x00,0x52,0x00,0x00,0x00,0x07,0x00,
0x00,0x00,0x02,0x00,0x00,0x00,0x00,0x00,0x00,0x00,0x00,0x00,0x00,0x00,0x00,0x00,
0x00,0x00,0x20,0x02,0x00,0x00,0x00,0x00,0x00,0x00,0x50,0x00,0x00,0x00,0x00,0x00,
0x00,0x00,0x00,0x00,0x00,0x00,0x00,0x00,0x00,0x00,0x08,0x00,0x00,0x00,0x00,0x00,
0x00,0x00,0x00,0x00,0x00,0x00,0x00,0x00,0x00,0x00,0x6a,0x00,0x00,0x00,0x01,0x00,
0x00,0x00,0x02,0x00,0x00,0x00,0x00,0x00,0x00,0x00,0x00,0x00,0x00,0x00,0x00,0x00,
0x00,0x00,0x70,0x02,0x00,0x00,0x00,0x00,0x00,0x00,0xb0,0x00,0x00,0x00,0x00,0x00,
0x00,0x00,0x00,0x00,0x00,0x00,0x00,0x00,0x00,0x00,0x08,0x00,0x00,0x00,0x00,0x00,
0x00,0x00,0x00,0x00,0x00,0x00,0x00,0x00,0x00,0x00,0x65,0x00,0x00,0x00,0x04,0x00,
0x00,0x00,0x40,0x00,0x00,0x00,0x00,0x00,0x00,0x00,0x00,0x00,0x00,0x00,0x00,0x00,
0x00,0x00,0xb0,0x05,0x00,0x00,0x00,0x00,0x00,0x00,0x78,0x00,0x00,0x00,0x00,0x00,
0x00,0x00,0x0b,0x00,0x00,0x00,0x09,0x00,0x00,0x00,0x08,0x00,0x00,0x00,0x00,0x00,
0x00,0x00,0x18,0x00,0x00,0x00,0x00,0x00,0x00,0x00,0x01,0x00,0x00,0x00,0x02,0x00,
0x00,0x00,0x00,0x00,0x00,0x00,0x00,0x00,0x00,0x00,0x00,0x00,0x00,0x00,0x00,0x00,
0x00,0x00,0x20,0x03,0x00,0x00,0x00,0x00,0x00,0x00,0x20,0x01,0x00,0x00,0x00,0x00,
0x00,0x00,0x0c,0x00,0x00,0x00,0x06,0x00,0x00,0x00,0x08,0x00,0x00,0x00,0x00,0x00,
0x00,0x00,0x18,0x00,0x00,0x00,0x00,0x00,0x00,0x00,0x09,0x00,0x00,0x00,0x03,0x00,
0x00,0x00,0x00,0x00,0x00,0x00,0x00,0x00,0x00,0x00,0x00,0x00,0x00,0x00,0x00,0x00,
0x00,0x00,0x40,0x04,0x00,0x00,0x00,0x00,0x00,0x00,0x7c,0x00,0x00,0x00,0x00,0x00,
0x00,0x00,0x00,0x00,0x00,0x00,0x00,0x00,0x00,0x00,0x01,0x00,0x00,0x00,0x00,0x00,
0x00,0x00,0x00,0x00,0x00,0x00,0x00,0x00,0x00,0x00,0x11,0x00,0x00,0x00,0x03,0x00,
0x00,0x00,0x00,0x00,0x00,0x00,0x00,0x00,0x00,0x00,0x00,0x00,0x00,0x00,0x00,0x00,
0x00,0x00,0x28,0x06,0x00,0x00,0x00,0x00,0x00,0x00,0x74,0x00,0x00,0x00,0x00,0x00,
0x00,0x00,0x00,0x00,0x00,0x00,0x00,0x00,0x00,0x00,0x01,0x00,0x00,0x00,0x00,0x00,
0x00,0x00,0x00,0x00,0x00,0x00,0x00,0x00,0x00,0x00,0x64,0x73,0x6f,0x68,0x61,0x6e,
0x64,0x6c,0x65,0x2e,0x6f,0x2f,0x20,0x20,0x20,0x20,0x31,0x37,0x38,0x35,0x37,0x37,
0x39,0x35,0x35,0x32,0x20,0x20,0x31,0x30,0x30,0x30,0x20,0x20,0x31,0x30,0x30,0x30,
0x20,0x20,0x31,0x30,0x30,0x36,0x34,0x34,0x20,0x20,0x31,0x31,0x39,0x32,0x20,0x20,
0x20,0x20,0x20,0x20,0x60,0x0a,0x7f,0x45,0x4c,0x46,0x02,0x01,0x01,0x00,0x00,0x00,
0x00,0x00,0x00,0x00,0x00,0x00,0x01,0x00,0x3e,0x00,0x01,0x00,0x00,0x00,0x00,0x00,
0x00,0x00,0x00,0x00,0x00,0x00,0x00,0x00,0x00,0x00,0x00,0x00,0x00,0x00,0xa8,0x01,
0x00,0x00,0x00,0x00,0x00,0x00,0x00,0x00,0x00,0x00,0x40,0x00,0x00,0x00,0x00,0x00,
0x40,0x00,0x0c,0x00,0x0b,0x00,0x00,0x00,0x00,0x00,0x00,0x00,0x00,0x00,0x00,0x47,
0x43,0x43,0x3a,0x20,0x28,0x47,0x65,0x6e,0x74,0x6f,0x6f,0x20,0x31,0x35,0x2e,0x33,
0x2e,0x30,0x20,0x70,0x38,0x29,0x20,0x31,0x35,0x2e,0x33,0x2e,0x30,0x00,0x04,0x00,
0x00,0x00,0x10,0x00,0x00,0x00,0x05,0x00,0x00,0x00,0x47,0x4e,0x55,0x00,0x02,0x00,
0x00,0xc0,0x04,0x00,0x00,0x00,0x03,0x00,0x00,0x00,0x00,0x00,0x00,0x00,0x04,0x00,
0x00,0x00,0x20,0x00,0x00,0x00,0x05,0x00,0x00,0x00,0x47,0x4e,0x55,0x00,0x02,0x00,
0x01,0xc0,0x04,0x00,0x00,0x00,0x00,0x00,0x00,0x00,0x00,0x00,0x00,0x00,0x01,0x00,
0x01,0xc0,0x04,0x00,0x00,0x00,0x01,0x00,0x00,0x00,0x00,0x00,0x00,0x00,0x00,0x00,
0x00,0x00,0x00,0x00,0x00,0x00,0x00,0x00,0x00,0x00,0x00,0x00,0x00,0x00,0x00,0x00,
0x00,0x00,0x00,0x00,0x00,0x00,0x01,0x00,0x00,0x00,0x04,0x00,0xf1,0xff,0x00,0x00,
0x00,0x00,0x00,0x00,0x00,0x00,0x00,0x00,0x00,0x00,0x00,0x00,0x00,0x00,0x0d,0x00,
0x00,0x00,0x11,0x02,0x04,0x00,0x00,0x00,0x00,0x00,0x00,0x00,0x00,0x00,0x08,0x00,
0x00,0x00,0x00,0x00,0x00,0x00,0x00,0x64,0x73,0x6f,0x68,0x61,0x6e,0x64,0x6c,0x65,
0x2e,0x63,0x00,0x5f,0x5f,0x64,0x73,0x6f,0x5f,0x68,0x61,0x6e,0x64,0x6c,0x65,0x00,
0x00,0x00,0x00,0x00,0x00,0x00,0x00,0x00,0x00,0x00,0x00,0x00,0x00,0x00,0x01,0x00,
0x00,0x00,0x02,0x00,0x00,0x00,0x00,0x00,0x00,0x00,0x00,0x00,0x00,0x00,0x00,0x2e,
0x73,0x79,0x6d,0x74,0x61,0x62,0x00,0x2e,0x73,0x74,0x72,0x74,0x61,0x62,0x00,0x2e,
0x73,0x68,0x73,0x74,0x72,0x74,0x61,0x62,0x00,0x2e,0x74,0x65,0x78,0x74,0x00,0x2e,
0x64,0x61,0x74,0x61,0x00,0x2e,0x62,0x73,0x73,0x00,0x2e,0x72,0x65,0x6c,0x61,0x2e,
0x64,0x61,0x74,0x61,0x2e,0x72,0x65,0x6c,0x2e,0x6c,0x6f,0x63,0x61,0x6c,0x00,0x2e,
0x63,0x6f,0x6d,0x6d,0x65,0x6e,0x74,0x00,0x2e,0x6e,0x6f,0x74,0x65,0x2e,0x47,0x4e,
0x55,0x2d,0x73,0x74,0x61,0x63,0x6b,0x00,0x2e,0x6e,0x6f,0x74,0x65,0x2e,0x67,0x6e,
0x75,0x2e,0x70,0x72,0x6f,0x70,0x65,0x72,0x74,0x79,0x00,0x00,0x00,0x00,0x00,0x00,
0x00,0x00,0x00,0x00,0x00,0x00,0x00,0x00,0x00,0x00,0x00,0x00,0x00,0x00,0x00,0x00,
0x00,0x00,0x00,0x00,0x00,0x00,0x00,0x00,0x00,0x00,0x00,0x00,0x00,0x00,0x00,0x00,
0x00,0x00,0x00,0x00,0x00,0x00,0x00,0x00,0x00,0x00,0x00,0x00,0x00,0x00,0x00,0x00,
0x00,0x00,0x00,0x00,0x00,0x00,0x00,0x00,0x00,0x00,0x00,0x00,0x00,0x00,0x1b,0x00,
0x00,0x00,0x01,0x00,0x00,0x00,0x06,0x00,0x00,0x00,0x00,0x00,0x00,0x00,0x00,0x00,
0x00,0x00,0x00,0x00,0x00,0x00,0x40,0x00,0x00,0x00,0x00,0x00,0x00,0x00,0x00,0x00,
0x00,0x00,0x00,0x00,0x00,0x00,0x00,0x00,0x00,0x00,0x00,0x00,0x00,0x00,0x01,0x00,
0x00,0x00,0x00,0x00,0x00,0x00,0x00,0x00,0x00,0x00,0x00,0x00,0x00,0x00,0x21,0x00,
0x00,0x00,0x01,0x00,0x00,0x00,0x03,0x00,0x00,0x00,0x00,0x00,0x00,0x00,0x00,0x00,
0x00,0x00,0x00,0x00,0x00,0x00,0x40,0x00,0x00,0x00,0x00,0x00,0x00,0x00,0x00,0x00,
0x00,0x00,0x00,0x00,0x00,0x00,0x00,0x00,0x00,0x00,0x00,0x00,0x00,0x00,0x01,0x00,
0x00,0x00,0x00,0x00,0x00,0x00,0x00,0x00,0x00,0x00,0x00,0x00,0x00,0x00,0x27,0x00,
0x00,0x00,0x08,0x00,0x00,0x00,0x03,0x00,0x00,0x00,0x00,0x00,0x00,0x00,0x00,0x00,
0x00,0x00,0x00,0x00,0x00,0x00,0x40,0x00,0x00,0x00,0x00,0x00,0x00,0x00,0x00,0x00,
0x00,0x00,0x00,0x00,0x00,0x00,0x00,0x00,0x00,0x00,0x00,0x00,0x00,0x00,0x01,0x00,
0x00,0x00,0x00,0x00,0x00,0x00,0x00,0x00,0x00,0x00,0x00,0x00,0x00,0x00,0x31,0x00,
0x00,0x00,0x01,0x00,0x00,0x00,0x03,0x00,0x00,0x00,0x00,0x00,0x00,0x00,0x00,0x00,
0x00,0x00,0x00,0x00,0x00,0x00,0x40,0x00,0x00,0x00,0x00,0x00,0x00,0x00,0x08,0x00,
0x00,0x00,0x00,0x00,0x00,0x00,0x00,0x00,0x00,0x00,0x00,0x00,0x00,0x00,0x08,0x00,
0x00,0x00,0x00,0x00,0x00,0x00,0x00,0x00,0x00,0x00,0x00,0x00,0x00,0x00,0x2c,0x00,
0x00,0x00,0x04,0x00,0x00,0x00,0x40,0x00,0x00,0x00,0x00,0x00,0x00,0x00,0x00,0x00,
0x00,0x00,0x00,0x00,0x00,0x00,0x20,0x01,0x00,0x00,0x00,0x00,0x00,0x00,0x18,0x00,
0x00,0x00,0x00,0x00,0x00,0x00,0x09,0x00,0x00,0x00,0x04,0x00,0x00,0x00,0x08,0x00,
0x00,0x00,0x00,0x00,0x00,0x00,0x18,0x00,0x00,0x00,0x00,0x00,0x00,0x00,0x41,0x00,
0x00,0x00,0x01,0x00,0x00,0x00,0x30,0x00,0x00,0x00,0x00,0x00,0x00,0x00,0x00,0x00,
0x00,0x00,0x00,0x00,0x00,0x00,0x48,0x00,0x00,0x00,0x00,0x00,0x00,0x00,0x20,0x00,
0x00,0x00,0x00,0x00,0x00,0x00,0x00,0x00,0x00,0x00,0x00,0x00,0x00,0x00,0x01,0x00,
0x00,0x00,0x00,0x00,0x00,0x00,0x01,0x00,0x00,0x00,0x00,0x00,0x00,0x00,0x4a,0x00,
0x00,0x00,0x01,0x00,0x00,0x00,0x00,0x00,0x00,0x00,0x00,0x00,0x00,0x00,0x00,0x00,
0x00,0x00,0x00,0x00,0x00,0x00,0x68,0x00,0x00,0x00,0x00,0x00,0x00,0x00,0x00,0x00,
0x00,0x00,0x00,0x00,0x00,0x00,0x00,0x00,0x00,0x00,0x00,0x00,0x00,0x00,0x01,0x00,
0x00,0x00,0x00,0x00,0x00,0x00,0x00,0x00,0x00,0x00,0x00,0x00,0x00,0x00,0x5a,0x00,
0x00,0x00,0x07,0x00,0x00,0x00,0x02,0x00,0x00,0x00,0x00,0x00,0x00,0x00,0x00,0x00,
0x00,0x00,0x00,0x00,0x00,0x00,0x68,0x00,0x00,0x00,0x00,0x00,0x00,0x00,0x50,0x00,
0x00,0x00,0x00,0x00,0x00,0x00,0x00,0x00,0x00,0x00,0x00,0x00,0x00,0x00,0x08,0x00,
0x00,0x00,0x00,0x00,0x00,0x00,0x00,0x00,0x00,0x00,0x00,0x00,0x00,0x00,0x01,0x00,
0x00,0x00,0x02,0x00,0x00,0x00,0x00,0x00,0x00,0x00,0x00,0x00,0x00,0x00,0x00,0x00,
0x00,0x00,0x00,0x00,0x00,0x00,0xb8,0x00,0x00,0x00,0x00,0x00,0x00,0x00,0x48,0x00,
0x00,0x00,0x00,0x00,0x00,0x00,0x0a,0x00,0x00,0x00,0x02,0x00,0x00,0x00,0x08,0x00,
0x00,0x00,0x00,0x00,0x00,0x00,0x18,0x00,0x00,0x00,0x00,0x00,0x00,0x00,0x09,0x00,
0x00,0x00,0x03,0x00,0x00,0x00,0x00,0x00,0x00,0x00,0x00,0x00,0x00,0x00,0x00,0x00,
0x00,0x00,0x00,0x00,0x00,0x00,0x00,0x01,0x00,0x00,0x00,0x00,0x00,0x00,0x1a,0x00,
0x00,0x00,0x00,0x00,0x00,0x00,0x00,0x00,0x00,0x00,0x00,0x00,0x00,0x00,0x01,0x00,
0x00,0x00,0x00,0x00,0x00,0x00,0x00,0x00,0x00,0x00,0x00,0x00,0x00,0x00,0x11,0x00,
0x00,0x00,0x03,0x00,0x00,0x00,0x00,0x00,0x00,0x00,0x00,0x00,0x00,0x00,0x00,0x00,
0x00,0x00,0x00,0x00,0x00,0x00,0x38,0x01,0x00,0x00,0x00,0x00,0x00,0x00,0x6d,0x00,
0x00,0x00,0x00,0x00,0x00,0x00,0x00,0x00,0x00,0x00,0x00,0x00,0x00,0x00,0x01,0x00,
0x00,0x00,0x00,0x00,0x00,0x00,0x00,0x00,0x00,0x00,0x00,0x00,0x00,0x00,
};
const unsigned int mccrt_blob_len = 117294u;
